coin,wkey,day,px,maker_yes,vol,frac_long,won,edge
ETH,26AUG051115,2026-08-05,0.69,True,6510.730000000003,0.2595653636381787,1,0.31000000000000005
ETH,26AUG051100,2026-08-05,0.67,True,7.29,0.0,1,0.32999999999999996
ETH,26AUG051045,2026-08-05,0.6599999999999999,False,535.6800000000001,0.12703479689366784,0,-0.6599999999999999
ETH,26AUG051030,2026-08-05,0.65,False,13340.290000000015,0.27417694817728827,1,0.35
ETH,26AUG051015,2026-08-05,0.65,False,237.20999999999998,0.387631212849374,0,-0.65
ETH,26AUG051000,2026-08-05,0.6699999999999999,False,1903.1400000000006,0.2985276963334279,0,-0.6699999999999999
ETH,26AUG050930,2026-08-05,0.66,True,2195.9400000000005,0.1449447616965855,1,0.33999999999999997
ETH,26AUG050915,2026-08-05,0.65,True,3254.95,0.3408470176193183,0,-0.65
ETH,26AUG050900,2026-08-05,0.6599999999999999,False,3034.7200000000003,0.45460207201982383,1,0.3400000000000001
ETH,26AUG050845,2026-08-05,0.6599999999999999,False,4265.5,0.47390458328449186,1,0.3400000000000001
ETH,26AUG050830,2026-08-05,0.72,True,4586.169999999999,0.2804148123597686,1,0.28
ETH,26AUG050815,2026-08-05,0.6799999999999999,False,1438.7,0.26471119760895256,0,-0.6799999999999999
ETH,26AUG050800,2026-08-05,0.79,False,4899.810000000001,0.13925437925144032,1,0.20999999999999996
ETH,26AUG050745,2026-08-05,0.6699999999999999,False,1289.71,0.2991680300222531,0,-0.6699999999999999
ETH,26AUG050730,2026-08-05,0.65,False,1372.1100000000001,0.1918723717486207,1,0.35
ETH,26AUG050715,2026-08-05,0.69,True,4340.4800000000005,0.13767140961368324,1,0.31000000000000005
ETH,26AUG050700,2026-08-05,0.65,False,4904.380000000002,0.3394027379607615,1,0.35
ETH,26AUG050645,2026-08-05,0.6699999999999999,False,0.0,0.0,0,-0.6699999999999999
ETH,26AUG050630,2026-08-05,0.84,False,6478.29,0.38647853059989595,0,-0.84
ETH,26AUG050615,2026-08-05,0.66,True,132.0,0.0,0,-0.66
ETH,26AUG050600,2026-08-05,0.65,True,5631.980000000003,0.3354539611291232,0,-0.65
ETH,26AUG050545,2026-08-05,0.71,True,2785.61,0.4373943229669623,1,0.29000000000000004
ETH,26AUG050530,2026-08-05,0.65,True,3046.5500000000006,0.6922387618781901,1,0.35
ETH,26AUG050515,2026-08-05,0.6599999999999999,False,4572.240000000001,0.443550644760555,0,-0.6599999999999999
ETH,26AUG050500,2026-08-05,0.65,True,7224.6200000000035,0.41509588047537427,1,0.35
ETH,26AUG050445,2026-08-05,0.65,False,3824.2999999999997,0.39152001673508885,1,0.35
ETH,26AUG050430,2026-08-05,0.65,False,2260.0099999999998,0.5594355777186827,0,-0.65
ETH,26AUG050415,2026-08-05,0.8,True,0.0,0.0,0,-0.8
ETH,26AUG050400,2026-08-05,0.66,True,2502.04,0.37279979536698055,1,0.33999999999999997
ETH,26AUG050345,2026-08-05,0.65,True,6100.0599999999995,0.6293397114126745,1,0.35
ETH,26AUG050330,2026-08-05,0.6699999999999999,False,7399.27,0.48652367057831375,1,0.33000000000000007
ETH,26AUG050315,2026-08-05,0.65,False,7556.8499999999985,0.3705432819230236,1,0.35
ETH,26AUG050300,2026-08-05,0.78,False,253.63,0.0,1,0.21999999999999997
ETH,26AUG050230,2026-08-05,0.71,False,2412.6900000000005,0.5260974265239211,1,0.29000000000000004
ETH,26AUG050215,2026-08-05,0.69,False,6082.73,0.33909609665396956,1,0.31000000000000005
ETH,26AUG050200,2026-08-05,0.66,True,490.96999999999997,0.0,1,0.33999999999999997
ETH,26AUG050145,2026-08-05,0.78,False,0.0,0.0,1,0.21999999999999997
ETH,26AUG050130,2026-08-05,0.6599999999999999,False,6929.339999999998,0.5448700742062017,0,-0.6599999999999999
ETH,26AUG050115,2026-08-05,0.67,True,3834.24,0.29688021615756977,1,0.32999999999999996
ETH,26AUG050100,2026-08-05,0.65,False,13650.570000000002,0.5116423709779152,1,0.35
ETH,26AUG050030,2026-08-05,0.6599999999999999,False,5266.920000000002,0.48795311111617395,0,-0.6599999999999999
ETH,26AUG050015,2026-08-05,0.65,False,2313.8100000000004,0.27273630937717436,1,0.35
ETH,26AUG050000,2026-08-05,0.65,True,6967.7699999999995,0.5219015553039209,1,0.35
ETH,26AUG042345,2026-08-05,0.83,True,163.88,0.0,1,0.17000000000000004
ETH,26AUG042330,2026-08-05,0.65,False,6884.150000000002,0.4040077569489332,1,0.35
ETH,26AUG042230,2026-08-05,0.84,False,859.3399999999999,0.3125887308864943,1,0.16000000000000003
ETH,26AUG042200,2026-08-05,0.66,True,4275.69,0.3760890055172382,1,0.33999999999999997
ETH,26AUG042145,2026-08-05,0.71,True,5968.39,0.422606431550217,1,0.29000000000000004
ETH,26AUG042115,2026-08-05,0.65,False,0.0,0.0,0,-0.65
ETH,26AUG042100,2026-08-05,0.65,False,4407.3600000000015,0.30015701009220935,1,0.35
ETH,26AUG042030,2026-08-05,0.6799999999999999,False,2982.87,0.45723414027429965,1,0.32000000000000006
ETH,26AUG042000,2026-08-05,0.8200000000000001,False,3.0,0.0,1,0.17999999999999994
ETH,26AUG041930,2026-08-04,0.68,True,0.0,0.0,0,-0.68
ETH,26AUG041900,2026-08-04,0.84,False,3971.7100000000014,0.6306125069554421,0,-0.84
ETH,26AUG041845,2026-08-04,0.65,True,3032.2000000000003,0.33921904887540394,0,-0.65
ETH,26AUG041830,2026-08-04,0.84,True,3012.8599999999997,0.5369449625936819,1,0.16000000000000003
ETH,26AUG041815,2026-08-04,0.81,False,25.6,0.0,0,-0.81
ETH,26AUG041745,2026-08-04,0.65,False,6540.190000000001,0.2510920936547715,1,0.35
ETH,26AUG041730,2026-08-04,0.65,True,19802.339999999997,0.17430970279270033,1,0.35
ETH,26AUG041715,2026-08-04,0.6599999999999999,False,4679.190000000002,0.37827914660443346,1,0.3400000000000001
ETH,26AUG041700,2026-08-04,0.69,False,2960.99,0.2848405431967011,1,0.31000000000000005
ETH,26AUG041645,2026-08-04,0.67,True,4390.08,0.13598613237116408,1,0.32999999999999996
ETH,26AUG041630,2026-08-04,0.8200000000000001,False,9013.810000000001,0.5551514842225429,1,0.17999999999999994
ETH,26AUG041615,2026-08-04,0.77,False,8311.990000000002,0.6419389339977549,1,0.22999999999999998
ETH,26AUG041600,2026-08-04,0.7,False,6218.530000000003,0.4021545284818113,1,0.30000000000000004
ETH,26AUG041545,2026-08-04,0.65,True,4451.440000000001,0.42334166022680275,1,0.35
ETH,26AUG041530,2026-08-04,0.6599999999999999,False,10673.039999999999,0.5486777900204628,1,0.3400000000000001
ETH,26AUG041515,2026-08-04,0.65,False,6944.440000000002,0.4109676230192786,0,-0.65
ETH,26AUG041445,2026-08-04,0.65,False,3839.8300000000004,0.244417070547394,1,0.35
ETH,26AUG041430,2026-08-04,0.68,True,5050.6100000000015,0.5254850404208598,1,0.31999999999999995
ETH,26AUG041415,2026-08-04,0.67,True,3182.6300000000006,0.505899209144638,1,0.32999999999999996
ETH,26AUG041400,2026-08-04,0.65,False,8062.640000000002,0.6470945000644951,1,0.35
ETH,26AUG041345,2026-08-04,0.65,True,77.56,0.5977307890665292,1,0.35
ETH,26AUG041330,2026-08-04,0.6699999999999999,False,2436.73,0.35642438842218876,0,-0.6699999999999999
ETH,26AUG041315,2026-08-04,0.73,True,4309.3899999999985,0.6877539512552822,1,0.27
ETH,26AUG041300,2026-08-04,0.65,True,13772.770000000013,0.4504482395335138,1,0.35
ETH,26AUG041245,2026-08-04,0.65,True,6040.270000000003,0.45605577234130235,0,-0.65
ETH,26AUG041215,2026-08-04,0.6699999999999999,False,0.0,0.0,1,0.33000000000000007
ETH,26AUG041200,2026-08-04,0.66,True,3664.4699999999984,0.3462301506084101,1,0.33999999999999997
ETH,26AUG041145,2026-08-04,0.76,False,50.08,0.0,0,-0.76
ETH,26AUG041130,2026-08-04,0.72,False,18264.639999999996,0.41460767910016305,1,0.28
ETH,26AUG041115,2026-08-04,0.65,True,11820.180000000002,0.42572363534227076,0,-0.65
ETH,26AUG041100,2026-08-04,0.65,False,1420.48,0.409291225501239,0,-0.65
ETH,26AUG041045,2026-08-04,0.65,True,6292.459999999999,0.5937439411613266,1,0.35
ETH,26AUG041030,2026-08-04,0.65,False,3894.189999999998,0.4509307455465709,0,-0.65
ETH,26AUG041015,2026-08-04,0.65,False,1183.8899999999996,0.6274316025982144,0,-0.65
ETH,26AUG041000,2026-08-04,0.6699999999999999,False,3583.4300000000007,0.7667681523010075,1,0.33000000000000007
ETH,26AUG040945,2026-08-04,0.71,True,12243.329999999998,0.345233690507403,1,0.29000000000000004
ETH,26AUG040930,2026-08-04,0.65,False,4361.57,0.4191678684510394,1,0.35
ETH,26AUG040915,2026-08-04,0.66,True,0.0,0.0,1,0.33999999999999997
ETH,26AUG040900,2026-08-04,0.6699999999999999,False,2389.32,0.4304362747559975,1,0.33000000000000007
ETH,26AUG040845,2026-08-04,0.65,True,13026.970000000001,0.38032021260508025,1,0.35
ETH,26AUG040830,2026-08-04,0.6799999999999999,False,16586.390000000007,0.40184030400828613,0,-0.6799999999999999
ETH,26AUG040815,2026-08-04,0.65,False,3483.4699999999993,0.37956692608232595,1,0.35
ETH,26AUG040800,2026-08-04,0.67,True,5198.470000000001,0.3689797190327153,1,0.32999999999999996
ETH,26AUG040745,2026-08-04,0.6599999999999999,False,4279.79,0.20143979027008338,0,-0.6599999999999999
ETH,26AUG040730,2026-08-04,0.68,True,27541.239999999983,0.4277196669431009,1,0.31999999999999995
ETH,26AUG040715,2026-08-04,0.66,True,3634.4200000000005,0.49299475569691986,1,0.33999999999999997
ETH,26AUG040645,2026-08-04,0.71,True,1254.74,0.5695283485024787,1,0.29000000000000004
ETH,26AUG040630,2026-08-04,0.72,False,2421.3400000000006,0.6095261301593331,0,-0.72
ETH,26AUG040615,2026-08-04,0.6699999999999999,False,3697.78,0.32319391634980976,1,0.33000000000000007
ETH,26AUG040600,2026-08-04,0.6699999999999999,False,11751.749999999996,0.5641185355372607,0,-0.6699999999999999
ETH,26AUG040545,2026-08-04,0.6599999999999999,False,15097.810000000001,0.5223830476075668,1,0.3400000000000001
ETH,26AUG040530,2026-08-04,0.6799999999999999,False,4387.429999999999,0.38739535445579765,1,0.32000000000000006
ETH,26AUG040515,2026-08-04,0.6699999999999999,False,27715.48999999997,0.37636715064391835,1,0.33000000000000007
ETH,26AUG040500,2026-08-04,0.7,False,6216.550000000005,0.4196861603300863,1,0.30000000000000004
ETH,26AUG040445,2026-08-04,0.65,False,8579.02,0.4689813055570449,1,0.35
ETH,26AUG040430,2026-08-04,0.6699999999999999,False,5773.450000000002,0.47959538923867,1,0.33000000000000007
ETH,26AUG040415,2026-08-04,0.68,True,4332.78,0.45282474531363237,0,-0.68
ETH,26AUG040400,2026-08-04,0.84,True,10423.509999999998,0.3880017383779553,1,0.16000000000000003
ETH,26AUG040345,2026-08-04,0.7,True,4323.92,0.5237816610853115,1,0.30000000000000004
ETH,26AUG040330,2026-08-04,0.6599999999999999,False,4931.42,0.3262954686479756,0,-0.6599999999999999
ETH,26AUG040315,2026-08-04,0.67,True,1732.7299999999998,0.10601767153566917,0,-0.67
ETH,26AUG040300,2026-08-04,0.69,False,2071.91,0.13625109198758634,0,-0.69
ETH,26AUG040245,2026-08-04,0.65,True,7465.799999999999,0.4493396554957272,0,-0.65
ETH,26AUG040230,2026-08-04,0.84,True,10485.770000000006,0.42417199690628343,0,-0.84
ETH,26AUG040215,2026-08-04,0.78,False,0.0,0.0,1,0.21999999999999997
ETH,26AUG040200,2026-08-04,0.71,False,12595.710000000006,0.44151461092705363,1,0.29000000000000004
ETH,26AUG040145,2026-08-04,0.65,True,6460.72,0.5393377208732154,1,0.35
ETH,26AUG040115,2026-08-04,0.6699999999999999,False,2774.27,0.2450446423743904,1,0.33000000000000007
ETH,26AUG040045,2026-08-04,0.66,True,7065.560000000006,0.4508149389432681,1,0.33999999999999997
ETH,26AUG040030,2026-08-04,0.67,True,8501.349999999999,0.34903162438906793,1,0.32999999999999996
ETH,26AUG040015,2026-08-04,0.75,False,1419.49,0.06860914835609973,1,0.25
ETH,26AUG040000,2026-08-04,0.7,True,138.0,0.0,0,-0.7
ETH,26AUG032345,2026-08-04,0.84,True,12431.110000000002,0.6742551550102925,1,0.16000000000000003
ETH,26AUG032315,2026-08-04,0.7,False,11901.450000000004,0.30500569258367666,1,0.30000000000000004
ETH,26AUG032300,2026-08-04,0.6599999999999999,False,5558.870000000002,0.42616754844060006,1,0.3400000000000001
ETH,26AUG032245,2026-08-04,0.65,True,8231.630000000003,0.5128012313478618,1,0.35
ETH,26AUG032230,2026-08-04,0.65,False,3112.13,0.581726984412605,1,0.35
ETH,26AUG032215,2026-08-04,0.65,False,7896.05,0.46618372477377923,1,0.35
ETH,26AUG032200,2026-08-04,0.68,True,8289.66,0.4363942550116651,1,0.31999999999999995
ETH,26AUG032145,2026-08-04,0.8,True,11289.170000000002,0.7297161793116769,1,0.19999999999999996
ETH,26AUG032130,2026-08-04,0.66,True,5918.030000000001,0.7815421685932649,1,0.33999999999999997
ETH,26AUG032115,2026-08-04,0.65,True,6662.480000000001,0.3680371273159543,1,0.35
ETH,26AUG032100,2026-08-04,0.6799999999999999,False,35.010000000000005,0.0,1,0.32000000000000006
ETH,26AUG032045,2026-08-04,0.6699999999999999,False,9795.21,0.4628200926779517,1,0.33000000000000007
ETH,26AUG032030,2026-08-04,0.74,False,4359.010000000002,0.5883950713579457,1,0.26
ETH,26AUG032000,2026-08-04,0.65,True,6588.720000000001,0.38160522832962984,1,0.35
ETH,26AUG031945,2026-08-03,0.83,False,0.0,0.0,1,0.17000000000000004
ETH,26AUG031930,2026-08-03,0.65,True,6161.889999999999,0.4897442180889305,1,0.35
SOL,26AUG051115,2026-08-05,0.65,False,961.4,0.7340128978572914,0,-0.65
SOL,26AUG051100,2026-08-05,0.66,True,164.45000000000005,0.1682578291273943,1,0.33999999999999997
SOL,26AUG051045,2026-08-05,0.6799999999999999,False,101.30999999999999,0.24410226038890534,1,0.32000000000000006
SOL,26AUG051030,2026-08-05,0.65,True,3017.5999999999995,0.5970274390243904,0,-0.65
SOL,26AUG051015,2026-08-05,0.6599999999999999,False,687.3499999999998,0.4396595620862735,0,-0.6599999999999999
SOL,26AUG051000,2026-08-05,0.6699999999999999,False,923.76,0.5688598770243353,0,-0.6699999999999999
SOL,26AUG050945,2026-08-05,0.65,False,1759.3199999999997,0.33606166018689043,1,0.35
SOL,26AUG050930,2026-08-05,0.66,True,622.9399999999998,0.3870196166564999,0,-0.66
SOL,26AUG050915,2026-08-05,0.6599999999999999,False,2484.38,0.2954620468688365,1,0.3400000000000001
SOL,26AUG050900,2026-08-05,0.6599999999999999,False,604.01,0.30573997119252994,1,0.3400000000000001
SOL,26AUG050845,2026-08-05,0.65,False,265.61000000000007,0.5166974135009976,1,0.35
SOL,26AUG050830,2026-08-05,0.65,True,992.73,0.7462149829258711,1,0.35
SOL,26AUG050815,2026-08-05,0.6799999999999999,False,1201.84,0.03081108966251747,0,-0.6799999999999999
SOL,26AUG050745,2026-08-05,0.65,False,1170.06,0.07053484436695555,1,0.35
SOL,26AUG050730,2026-08-05,0.71,False,552.28,0.07700803940030419,1,0.29000000000000004
SOL,26AUG050715,2026-08-05,0.68,True,1094.3500000000001,0.12950153058893404,1,0.31999999999999995
SOL,26AUG050700,2026-08-05,0.69,False,341.40999999999997,0.7570662839401306,1,0.31000000000000005
SOL,26AUG050645,2026-08-05,0.7,False,889.8299999999999,0.8813818369800972,1,0.30000000000000004
SOL,26AUG050630,2026-08-05,0.81,False,1469.77,0.10071643862645174,0,-0.81
SOL,26AUG050615,2026-08-05,0.66,True,4449.640000000003,0.5699225105851257,0,-0.66
SOL,26AUG050600,2026-08-05,0.7,False,951.17,0.3212464648800951,1,0.30000000000000004
SOL,26AUG050545,2026-08-05,0.65,True,778.65,0.13757143774481476,1,0.35
SOL,26AUG050530,2026-08-05,0.65,True,1141.3100000000002,0.6842137543699782,1,0.35
SOL,26AUG050515,2026-08-05,0.73,False,291.91,0.2004384913158165,0,-0.73
SOL,26AUG050500,2026-08-05,0.66,True,3916.5799999999995,0.44952739379764994,1,0.33999999999999997
SOL,26AUG050445,2026-08-05,0.6599999999999999,False,1115.01,0.3431179989417135,1,0.3400000000000001
SOL,26AUG050430,2026-08-05,0.69,False,1295.71,0.20566330428876833,0,-0.69
SOL,26AUG050415,2026-08-05,0.72,True,672.3399999999999,0.5695927655650415,1,0.28
SOL,26AUG050400,2026-08-05,0.69,True,565.1999999999999,0.42478768577494697,1,0.31000000000000005
SOL,26AUG050345,2026-08-05,0.68,True,827.75,0.39372999093929306,0,-0.68
SOL,26AUG050330,2026-08-05,0.6799999999999999,False,1319.6999999999994,0.22931726907630537,1,0.32000000000000006
SOL,26AUG050315,2026-08-05,0.6599999999999999,False,920.7799999999997,0.528725645648255,1,0.3400000000000001
SOL,26AUG050300,2026-08-05,0.6699999999999999,False,299.67,0.5110287983448459,1,0.33000000000000007
SOL,26AUG050245,2026-08-05,0.65,True,521.72,0.1998389940964502,0,-0.65
SOL,26AUG050230,2026-08-05,0.6699999999999999,False,272.89,0.20554069405254866,0,-0.6699999999999999
SOL,26AUG050215,2026-08-05,0.71,False,1381.8600000000001,0.10359949633103208,1,0.29000000000000004
SOL,26AUG050200,2026-08-05,0.75,True,564.5999999999999,0.1909316330145236,1,0.25
SOL,26AUG050145,2026-08-05,0.73,False,620.4799999999999,0.6572975760701393,1,0.27
SOL,26AUG050130,2026-08-05,0.66,True,3589.930000000001,0.3478730783051479,1,0.33999999999999997
SOL,26AUG050115,2026-08-05,0.7,False,270.52,0.5031051308590863,0,-0.7
SOL,26AUG050100,2026-08-05,0.74,True,4575.99,0.2853284207351853,1,0.26
SOL,26AUG050045,2026-08-05,0.65,True,497.04,0.1532069853532915,1,0.35
SOL,26AUG050030,2026-08-05,0.7,False,1701.1400000000003,0.4468003809210293,1,0.30000000000000004
SOL,26AUG050015,2026-08-05,0.6699999999999999,False,1275.71,0.47096910739901693,1,0.33000000000000007
SOL,26AUG050000,2026-08-05,0.65,True,3874.310000000003,0.2855863366638186,0,-0.65
SOL,26AUG042345,2026-08-05,0.66,True,1442.91,0.33600848285755863,1,0.33999999999999997
SOL,26AUG042330,2026-08-05,0.65,False,244.14,0.37326943556975506,1,0.35
SOL,26AUG042315,2026-08-05,0.77,True,622.8,0.22442196531791905,0,-0.77
SOL,26AUG042300,2026-08-05,0.75,True,1523.7899999999993,0.6315765295742855,0,-0.75
SOL,26AUG042245,2026-08-05,0.65,True,3100.3300000000017,0.09398354368728484,1,0.35
SOL,26AUG042230,2026-08-05,0.65,False,3935.8000000000006,0.19985771634737534,1,0.35
SOL,26AUG042215,2026-08-05,0.66,True,1367.2599999999998,0.5155493468689204,1,0.33999999999999997
SOL,26AUG042200,2026-08-05,0.65,True,890.65,0.7179475663841016,1,0.35
SOL,26AUG042145,2026-08-05,0.65,True,905.5999999999999,0.08721289752650177,1,0.35
SOL,26AUG042130,2026-08-05,0.65,False,2269.0900000000006,0.1758590448153224,0,-0.65
SOL,26AUG042115,2026-08-05,0.74,False,1535.5800000000002,0.28666692715456044,0,-0.74
SOL,26AUG042100,2026-08-05,0.65,False,11224.300000000017,0.4155751360886642,1,0.35
SOL,26AUG042045,2026-08-05,0.69,True,1601.44,0.23638725147367365,0,-0.69
SOL,26AUG042030,2026-08-05,0.65,False,3781.100000000001,0.45605247150300166,1,0.35
SOL,26AUG042015,2026-08-05,0.65,False,1882.33,0.3471601685145536,1,0.35
SOL,26AUG042000,2026-08-05,0.6699999999999999,False,1315.89,0.6584972908069823,1,0.33000000000000007
SOL,26AUG041945,2026-08-04,0.83,False,0.0,0.0,1,0.17000000000000004
SOL,26AUG041930,2026-08-04,0.67,True,1909.7099999999996,0.20213016636033748,0,-0.67
SOL,26AUG041915,2026-08-04,0.78,False,1957.49,0.236128920198826,0,-0.78
SOL,26AUG041900,2026-08-04,0.6599999999999999,False,2649.5500000000006,0.42728765262025614,0,-0.6599999999999999
SOL,26AUG041845,2026-08-04,0.7,True,862.95,0.20574772582420764,0,-0.7
SOL,26AUG041830,2026-08-04,0.65,False,3181.6400000000003,0.12899008058737002,0,-0.65
SOL,26AUG041815,2026-08-04,0.71,False,1581.49,0.08534989155796117,1,0.29000000000000004
SOL,26AUG041800,2026-08-04,0.65,True,2257.1299999999997,0.10539490414818822,1,0.35
SOL,26AUG041745,2026-08-04,0.65,False,385.38,0.3784576262390368,0,-0.65
SOL,26AUG041730,2026-08-04,0.66,True,2037.4799999999996,0.09796415179535506,1,0.33999999999999997
SOL,26AUG041715,2026-08-04,0.7,False,1514.9599999999998,0.2951959127633733,1,0.30000000000000004
SOL,26AUG041700,2026-08-04,0.6799999999999999,False,908.88,0.4313330692720711,1,0.32000000000000006
SOL,26AUG041645,2026-08-04,0.74,True,1050.27,0.5417654507888447,1,0.26
SOL,26AUG041630,2026-08-04,0.81,False,2076.5400000000004,0.1667966906488678,1,0.18999999999999995
SOL,26AUG041615,2026-08-04,0.6799999999999999,False,1182.3799999999999,0.3751754934961688,1,0.32000000000000006
SOL,26AUG041600,2026-08-04,0.65,False,1324.84,0.42479846622988426,1,0.35
SOL,26AUG041545,2026-08-04,0.67,True,3802.200000000001,0.4907132712640049,1,0.32999999999999996
SOL,26AUG041530,2026-08-04,0.65,False,1495.89,0.4855437231347224,1,0.35
SOL,26AUG041515,2026-08-04,0.71,True,409.98999999999995,0.1562964950364643,1,0.29000000000000004
SOL,26AUG041500,2026-08-04,0.72,True,290.9,0.3395324853901684,0,-0.72
SOL,26AUG041445,2026-08-04,0.65,False,845.64,0.3598339719029375,1,0.35
SOL,26AUG041430,2026-08-04,0.76,True,1174.28,0.18103859386177062,1,0.24
SOL,26AUG041415,2026-08-04,0.68,True,2380.3900000000003,0.35416885468347614,1,0.31999999999999995
SOL,26AUG041400,2026-08-04,0.6599999999999999,False,1057.84,0.6641930726763973,1,0.3400000000000001
SOL,26AUG041345,2026-08-04,0.6599999999999999,False,1649.77,0.48258848203082855,1,0.3400000000000001
SOL,26AUG041330,2026-08-04,0.65,False,2641.3099999999995,0.30845678848753094,0,-0.65
SOL,26AUG041315,2026-08-04,0.73,True,443.8999999999999,0.41396710970939404,1,0.27
SOL,26AUG041300,2026-08-04,0.65,True,5858.7600000000075,0.4073967870334332,0,-0.65
SOL,26AUG041245,2026-08-04,0.7,False,816.48,0.45288310797570047,1,0.30000000000000004
SOL,26AUG041230,2026-08-04,0.65,True,962.85,0.11006906579425664,1,0.35
SOL,26AUG041215,2026-08-04,0.6599999999999999,False,1049.0400000000004,0.2487893693281476,1,0.3400000000000001
SOL,26AUG041200,2026-08-04,0.69,True,1248.3000000000002,0.45278378594889057,1,0.31000000000000005
SOL,26AUG041145,2026-08-04,0.65,True,1690.94,0.42388848805989565,1,0.35
SOL,26AUG041130,2026-08-04,0.72,False,3870.229999999999,0.34811109417269775,1,0.28
SOL,26AUG041115,2026-08-04,0.66,True,1406.6699999999996,0.35281196016123195,1,0.33999999999999997
SOL,26AUG041100,2026-08-04,0.6699999999999999,False,4158.430000000001,0.6369086410015317,1,0.33000000000000007
SOL,26AUG041045,2026-08-04,0.76,True,2009.219999999999,0.19973422522172793,1,0.24
SOL,26AUG041030,2026-08-04,0.69,False,917.72,0.0464738700257159,1,0.31000000000000005
SOL,26AUG041015,2026-08-04,0.74,False,867.5900000000001,0.23636740856856345,1,0.26
SOL,26AUG041000,2026-08-04,0.6799999999999999,False,771.1999999999999,0.5629408713692946,1,0.32000000000000006
SOL,26AUG040945,2026-08-04,0.71,True,3671.82,0.11404153798388804,1,0.29000000000000004
SOL,26AUG040930,2026-08-04,0.71,False,523.9399999999999,0.5623353819139597,0,-0.71
SOL,26AUG040915,2026-08-04,0.77,False,976.63,0.045994900832454465,0,-0.77
SOL,26AUG040900,2026-08-04,0.76,False,641.5299999999999,0.298427197481022,1,0.24
SOL,26AUG040845,2026-08-04,0.71,False,1322.5,0.16455198487712663,0,-0.71
SOL,26AUG040830,2026-08-04,0.6699999999999999,False,441.77000000000004,0.6556579215428844,0,-0.6699999999999999
SOL,26AUG040815,2026-08-04,0.6799999999999999,False,515.7399999999999,0.36293481211463147,1,0.32000000000000006
SOL,26AUG040800,2026-08-04,0.68,True,1131.3899999999996,0.13906787226332212,1,0.31999999999999995
SOL,26AUG040745,2026-08-04,0.6699999999999999,False,11102.300000000003,0.27958080758041115,0,-0.6699999999999999
SOL,26AUG040730,2026-08-04,0.6599999999999999,False,938.4300000000001,0.15619705252389632,0,-0.6599999999999999
SOL,26AUG040715,2026-08-04,0.68,True,951.9499999999998,0.2750879773097327,0,-0.68
SOL,26AUG040645,2026-08-04,0.68,True,817.13,0.044117827028746955,1,0.31999999999999995
SOL,26AUG040630,2026-08-04,0.78,False,1846.62,0.14907777452859822,1,0.21999999999999997
SOL,26AUG040615,2026-08-04,0.72,False,1046.0700000000002,0.13688376494880838,1,0.28
SOL,26AUG040600,2026-08-04,0.71,False,1246.2499999999998,0.15900501504513545,0,-0.71
SOL,26AUG040545,2026-08-04,0.78,False,3263.1600000000008,0.30937496169357304,0,-0.78
SOL,26AUG040530,2026-08-04,0.6699999999999999,False,4023.85,0.13626501981932726,0,-0.6699999999999999
SOL,26AUG040515,2026-08-04,0.69,False,604.41,0.4743137936169156,1,0.31000000000000005
SOL,26AUG040500,2026-08-04,0.65,False,710.5099999999999,0.14938565255942918,1,0.35
SOL,26AUG040445,2026-08-04,0.65,False,343.53000000000003,0.6519663493726895,1,0.35
SOL,26AUG040430,2026-08-04,0.69,False,404.63,0.1527815535180288,1,0.31000000000000005
SOL,26AUG040415,2026-08-04,0.68,True,389.55,0.24220254139391603,0,-0.68
SOL,26AUG040400,2026-08-04,0.79,True,3918.81,0.07763326111753313,1,0.20999999999999996
SOL,26AUG040345,2026-08-04,0.72,True,415.93,0.43478469934844804,1,0.28
SOL,26AUG040330,2026-08-04,0.7,False,1551.6699999999996,0.2980659547455323,0,-0.7
SOL,26AUG040315,2026-08-04,0.65,False,414.55,0.7393559281148234,1,0.35
SOL,26AUG040300,2026-08-04,0.65,False,3389.8100000000027,0.27767042990610075,1,0.35
SOL,26AUG040245,2026-08-04,0.6799999999999999,False,6975.92000000001,0.3596156492620325,1,0.32000000000000006
SOL,26AUG040230,2026-08-04,0.73,True,4367.850000000001,0.535403001476699,0,-0.73
SOL,26AUG040215,2026-08-04,0.74,False,2741.84,0.26307151401978235,0,-0.74
SOL,26AUG040200,2026-08-04,0.6699999999999999,False,1647.8799999999997,0.43253149501177274,1,0.33000000000000007
SOL,26AUG040145,2026-08-04,0.68,True,809.44,0.14848537260328126,1,0.31999999999999995
SOL,26AUG040130,2026-08-04,0.67,True,2238.97,0.1484298583723766,1,0.32999999999999996
SOL,26AUG040115,2026-08-04,0.74,False,2079.99,0.11705344737234316,1,0.26
SOL,26AUG040100,2026-08-04,0.71,True,1401.99,0.1390951433319781,0,-0.71
SOL,26AUG040045,2026-08-04,0.67,True,2108.1500000000005,0.15109456158243006,1,0.32999999999999996
SOL,26AUG040030,2026-08-04,0.73,True,797.9399999999999,0.18298368298368298,1,0.27
SOL,26AUG040015,2026-08-04,0.6599999999999999,False,3079.69,0.1317405323263056,1,0.3400000000000001
SOL,26AUG040000,2026-08-04,0.66,True,3554.46,0.3195506490437366,0,-0.66
SOL,26AUG032345,2026-08-04,0.83,True,2897.7099999999996,0.0982741544184891,1,0.17000000000000004
SOL,26AUG032330,2026-08-04,0.65,False,3314.5800000000004,0.4969166530902859,1,0.35
SOL,26AUG032315,2026-08-04,0.65,False,3402.39,0.2115895003218326,1,0.35
SOL,26AUG032300,2026-08-04,0.65,False,6693.680000000006,0.38651235194989847,1,0.35
SOL,26AUG032245,2026-08-04,0.65,True,3017.7899999999995,0.4793540968722145,1,0.35
SOL,26AUG032230,2026-08-04,0.72,False,7564.280000000009,0.23465551248763897,0,-0.72
SOL,26AUG032215,2026-08-04,0.66,True,2976.2500000000005,0.3877396052078958,1,0.33999999999999997
SOL,26AUG032200,2026-08-04,0.7,True,1573.2900000000002,0.13545500193861268,1,0.30000000000000004
SOL,26AUG032145,2026-08-04,0.82,True,2399.8100000000004,0.19921577124855713,1,0.18000000000000005
SOL,26AUG032130,2026-08-04,0.65,False,2469.89,0.1745462348525643,0,-0.65
SOL,26AUG032115,2026-08-04,0.65,True,2371.54,0.23635274969007475,1,0.35
SOL,26AUG032100,2026-08-04,0.65,False,940.04,0.3646121441640781,1,0.35
SOL,26AUG032045,2026-08-04,0.7,False,1626.0000000000005,0.12663591635916358,1,0.30000000000000004
SOL,26AUG032030,2026-08-04,0.71,False,793.29,0.31708454663490027,1,0.29000000000000004
SOL,26AUG032015,2026-08-04,0.6699999999999999,False,610.6899999999999,0.217704563690252,1,0.33000000000000007
SOL,26AUG032000,2026-08-04,0.65,True,2118.2100000000005,0.23101108955202737,1,0.35
SOL,26AUG031945,2026-08-03,0.76,False,2589.99,0.03864879787180646,1,0.24
SOL,26AUG031930,2026-08-03,0.69,True,783.55,0.05849020483696001,1,0.31000000000000005
XRP,26AUG051115,2026-08-05,0.66,True,1586.4199999999992,0.31827006719532047,0,-0.66
XRP,26AUG051100,2026-08-05,0.68,True,1966.4499999999996,0.8152711739428922,1,0.31999999999999995
XRP,26AUG051045,2026-08-05,0.69,False,2359.3300000000004,0.7089724625211394,1,0.31000000000000005
XRP,26AUG051030,2026-08-05,0.66,True,4133.400000000003,0.29185900227415656,0,-0.66
XRP,26AUG051015,2026-08-05,0.66,True,4591.490000000003,0.24669333919925754,1,0.33999999999999997
XRP,26AUG051000,2026-08-05,0.65,False,2088.9700000000003,0.5808508499404013,0,-0.65
XRP,26AUG050945,2026-08-05,0.72,False,3755.2700000000004,0.5202715117687942,1,0.28
XRP,26AUG050930,2026-08-05,0.74,True,1107.7199999999998,0.14507276206983716,1,0.26
XRP,26AUG050915,2026-08-05,0.66,True,2609.39,0.2810848512487593,0,-0.66
XRP,26AUG050900,2026-08-05,0.7,False,3373.0699999999997,0.5474626971868357,1,0.30000000000000004
XRP,26AUG050845,2026-08-05,0.6599999999999999,False,2487.3899999999994,0.3117846417329008,1,0.3400000000000001
XRP,26AUG050830,2026-08-05,0.65,True,2676.96,0.415833632179786,1,0.35
XRP,26AUG050815,2026-08-05,0.65,True,2028.5800000000002,0.3043902631397332,1,0.35
XRP,26AUG050800,2026-08-05,0.65,True,2279.7,0.40128087028995046,1,0.35
XRP,26AUG050745,2026-08-05,0.69,False,670.7699999999999,0.7820862590753912,1,0.31000000000000005
XRP,26AUG050730,2026-08-05,0.71,False,2997.3399999999997,0.5311476175542315,1,0.29000000000000004
XRP,26AUG050715,2026-08-05,0.68,True,2494.48,0.25627385266668795,0,-0.68
XRP,26AUG050700,2026-08-05,0.78,False,5105.070000000003,0.19089454209246873,1,0.21999999999999997
XRP,26AUG050645,2026-08-05,0.76,False,1933.4699999999996,0.7116479697124859,0,-0.76
XRP,26AUG050630,2026-08-05,0.71,False,1579.78,0.5543936497486992,0,-0.71
XRP,26AUG050615,2026-08-05,0.7,False,3271.5400000000004,0.5259694211288872,1,0.30000000000000004
XRP,26AUG050600,2026-08-05,0.6599999999999999,False,1969.1399999999996,0.3116385833409509,1,0.3400000000000001
XRP,26AUG050545,2026-08-05,0.78,True,3140.6600000000008,0.3773729088790253,1,0.21999999999999997
XRP,26AUG050530,2026-08-05,0.73,True,4145.2300000000005,0.13437372594524308,1,0.27
XRP,26AUG050515,2026-08-05,0.75,False,2526.3000000000006,0.3570320231168111,1,0.25
XRP,26AUG050445,2026-08-05,0.6599999999999999,False,499.18999999999994,0.37941465173581207,1,0.3400000000000001
XRP,26AUG050430,2026-08-05,0.6699999999999999,False,2279.85,0.2240849178674035,0,-0.6699999999999999
XRP,26AUG050415,2026-08-05,0.74,True,817.5600000000001,0.3429595381378736,0,-0.74
XRP,26AUG050400,2026-08-05,0.77,True,1725.4,0.2808855917468413,1,0.22999999999999998
XRP,26AUG050345,2026-08-05,0.67,True,2657.98,0.5766898170791354,1,0.32999999999999996
XRP,26AUG050330,2026-08-05,0.6599999999999999,False,4106.54,0.36680758010393183,1,0.3400000000000001
XRP,26AUG050315,2026-08-05,0.65,False,2543.0499999999997,0.27855921039696435,1,0.35
XRP,26AUG050300,2026-08-05,0.78,False,442.26000000000005,0.19958847736625512,1,0.21999999999999997
XRP,26AUG050245,2026-08-05,0.66,True,1434.54,0.33460203270734873,1,0.33999999999999997
XRP,26AUG050230,2026-08-05,0.65,False,627.66,0.3565465379345506,1,0.35
XRP,26AUG050215,2026-08-05,0.65,False,761.3100000000001,0.27174212869921577,1,0.35
XRP,26AUG050200,2026-08-05,0.68,True,2306.76,0.4350821065043611,1,0.31999999999999995
XRP,26AUG050145,2026-08-05,0.77,False,1745.2100000000003,0.36757181084224816,1,0.22999999999999998
XRP,26AUG050130,2026-08-05,0.71,True,5219.070000000005,0.4554738679496535,1,0.29000000000000004
XRP,26AUG050115,2026-08-05,0.69,True,4629.9900000000025,0.3748971380067773,1,0.31000000000000005
XRP,26AUG050100,2026-08-05,0.67,True,8049.920000000005,0.2689045356972489,1,0.32999999999999996
XRP,26AUG050045,2026-08-05,0.65,True,4465.330000000001,0.42301240893730124,0,-0.65
XRP,26AUG050030,2026-08-05,0.71,False,2301.900000000001,0.26694035362092167,1,0.29000000000000004
XRP,26AUG050015,2026-08-05,0.65,False,4961.540000000001,0.29035742934653347,1,0.35
XRP,26AUG050000,2026-08-05,0.68,True,4522.440000000002,0.3178107393354028,1,0.31999999999999995
XRP,26AUG042345,2026-08-05,0.68,True,3173.5599999999995,0.5950100202926681,1,0.31999999999999995
XRP,26AUG042330,2026-08-05,0.6799999999999999,False,1583.37,0.770312687495658,1,0.32000000000000006
XRP,26AUG042315,2026-08-05,0.73,True,827.9099999999999,0.2519355968643935,0,-0.73
XRP,26AUG042300,2026-08-05,0.67,True,1788.02,0.8455386405073768,0,-0.67
XRP,26AUG042245,2026-08-05,0.66,True,3040.780000000001,0.3003735883556192,1,0.33999999999999997
XRP,26AUG042230,2026-08-05,0.65,False,957.7599999999999,0.6265243902439024,1,0.35
XRP,26AUG042215,2026-08-05,0.71,True,2883.1799999999994,0.30936674089026706,1,0.29000000000000004
XRP,26AUG042200,2026-08-05,0.66,True,4962.460000000006,0.33206312997988857,1,0.33999999999999997
XRP,26AUG042145,2026-08-05,0.69,True,1737.3600000000001,0.1979958097343095,1,0.31000000000000005
XRP,26AUG042130,2026-08-05,0.69,False,2637.0900000000006,0.69979788327285,0,-0.69
XRP,26AUG042115,2026-08-05,0.72,False,1830.1000000000001,0.6818152013551171,1,0.28
XRP,26AUG042100,2026-08-05,0.6799999999999999,False,4204.87,0.47944407318181076,1,0.32000000000000006
XRP,26AUG042045,2026-08-05,0.75,True,3100.9700000000003,0.42085218496147975,1,0.25
XRP,26AUG042030,2026-08-05,0.65,False,5368.6500000000115,0.2761234202266858,1,0.35
XRP,26AUG042015,2026-08-05,0.6699999999999999,False,3413.0199999999995,0.8140327334735805,1,0.33000000000000007
XRP,26AUG042000,2026-08-05,0.65,False,2843.090000000001,0.3892560559109981,1,0.35
XRP,26AUG041945,2026-08-04,0.6699999999999999,False,1165.5100000000002,0.7187754716819246,0,-0.6699999999999999
XRP,26AUG041930,2026-08-04,0.65,True,3341.309999999999,0.5546327637962357,0,-0.65
XRP,26AUG041915,2026-08-04,0.6699999999999999,False,1336.7200000000003,0.4469597223053443,0,-0.6699999999999999
XRP,26AUG041900,2026-08-04,0.66,True,2152.4900000000002,0.30351825095586965,1,0.33999999999999997
XRP,26AUG041845,2026-08-04,0.69,True,726.9899999999999,0.33037593364420426,0,-0.69
XRP,26AUG041830,2026-08-04,0.69,False,4595.180000000002,0.1640044568439103,0,-0.69
XRP,26AUG041815,2026-08-04,0.7,False,2404.309999999999,0.22679687727456121,1,0.30000000000000004
XRP,26AUG041800,2026-08-04,0.6699999999999999,False,2691.7000000000007,0.12662258052531852,1,0.33000000000000007
XRP,26AUG041745,2026-08-04,0.65,False,6392.470000000007,0.28268415807974034,1,0.35
XRP,26AUG041730,2026-08-04,0.65,False,4744.2600000000075,0.6579466555374277,0,-0.65
XRP,26AUG041715,2026-08-04,0.6599999999999999,False,2877.8199999999993,0.23070935638782142,1,0.3400000000000001
XRP,26AUG041700,2026-08-04,0.74,False,4576.550000000001,0.3420436791906567,1,0.26
XRP,26AUG041645,2026-08-04,0.65,True,2795.6200000000013,0.4210872722329928,1,0.35
XRP,26AUG041615,2026-08-04,0.65,False,4590.64,0.6951993621804369,1,0.35
XRP,26AUG041600,2026-08-04,0.65,False,1822.9500000000003,0.46209166460956136,0,-0.65
XRP,26AUG041545,2026-08-04,0.83,True,1402.7599999999998,0.48252017451310275,1,0.17000000000000004
XRP,26AUG041530,2026-08-04,0.65,False,2866.1699999999996,0.8187057990279712,1,0.35
XRP,26AUG041515,2026-08-04,0.6799999999999999,False,10808.940000000015,0.4690237895667839,0,-0.6799999999999999
XRP,26AUG041500,2026-08-04,0.65,True,3706.3400000000006,0.38097422254839,1,0.35
XRP,26AUG041445,2026-08-04,0.6799999999999999,False,1998.8799999999997,0.402440366605299,1,0.32000000000000006
XRP,26AUG041430,2026-08-04,0.66,True,1353.0399999999997,0.6934458700407972,1,0.33999999999999997
XRP,26AUG041415,2026-08-04,0.65,True,2741.9000000000005,0.29544476457930624,1,0.35
XRP,26AUG041400,2026-08-04,0.6699999999999999,False,3894.800000000001,0.5093894423333674,1,0.33000000000000007
XRP,26AUG041345,2026-08-04,0.6699999999999999,False,4197.75,0.5449848132928354,0,-0.6699999999999999
XRP,26AUG041330,2026-08-04,0.6599999999999999,False,5292.600000000006,0.4026376450137921,0,-0.6599999999999999
XRP,26AUG041315,2026-08-04,0.74,True,3874.0899999999997,0.5281240239643374,1,0.26
XRP,26AUG041300,2026-08-04,0.67,True,3752.6900000000005,0.3926383474254468,0,-0.67
XRP,26AUG041245,2026-08-04,0.7,False,2206.11,0.21749595441750405,1,0.30000000000000004
XRP,26AUG041230,2026-08-04,0.65,True,762.2099999999998,0.3732173547972344,1,0.35
XRP,26AUG041215,2026-08-04,0.65,False,1357.49,0.5535731386603215,1,0.35
XRP,26AUG041200,2026-08-04,0.69,True,1351.97,0.30828346782842814,1,0.31000000000000005
XRP,26AUG041145,2026-08-04,0.67,True,3003.6999999999994,0.3784865332756267,1,0.32999999999999996
XRP,26AUG041130,2026-08-04,0.65,True,2452.35,0.1656941301200889,0,-0.65
XRP,26AUG041115,2026-08-04,0.65,True,2581.6699999999996,0.26152839053790766,0,-0.65
XRP,26AUG041100,2026-08-04,0.67,True,3957.540000000001,0.6147707919566195,1,0.32999999999999996
XRP,26AUG041045,2026-08-04,0.6599999999999999,False,3128.9300000000003,0.3909771071899978,0,-0.6599999999999999
XRP,26AUG041030,2026-08-04,0.69,False,3342.79,0.586689561713419,0,-0.69
XRP,26AUG041015,2026-08-04,0.68,True,4797.02,0.49406506539476575,1,0.31999999999999995
XRP,26AUG041000,2026-08-04,0.6599999999999999,False,3025.4900000000007,0.46348525362833776,1,0.3400000000000001
XRP,26AUG040945,2026-08-04,0.65,True,3860.5699999999997,0.21614165783809125,1,0.35
XRP,26AUG040930,2026-08-04,0.65,False,2011.3600000000001,0.14280387399570438,1,0.35
XRP,26AUG040915,2026-08-04,0.74,False,870.72,0.3393168871738332,0,-0.74
XRP,26AUG040900,2026-08-04,0.76,False,2386.99,0.3013628042011069,1,0.24
XRP,26AUG040845,2026-08-04,0.67,True,3468.649999999999,0.25656955876205445,1,0.32999999999999996
XRP,26AUG040830,2026-08-04,0.65,False,1806.93,0.30719507673235813,0,-0.65
XRP,26AUG040815,2026-08-04,0.72,False,1002.78,0.2715849937174655,1,0.28
XRP,26AUG040800,2026-08-04,0.67,True,534.5600000000001,0.2053090392098174,1,0.32999999999999996
XRP,26AUG040745,2026-08-04,0.69,False,1803.91,0.15235239008597992,0,-0.69
XRP,26AUG040715,2026-08-04,0.67,True,5148.580000000004,0.2746310633223139,0,-0.67
XRP,26AUG040645,2026-08-04,0.7,True,517.8499999999999,0.3023655498696534,1,0.30000000000000004
XRP,26AUG040630,2026-08-04,0.84,False,2594.85,0.37637243000558795,1,0.16000000000000003
XRP,26AUG040615,2026-08-04,0.6799999999999999,False,1586.2499999999993,0.6085610717100082,1,0.32000000000000006
XRP,26AUG040600,2026-08-04,0.65,False,1245.5700000000002,0.21334007723371623,1,0.35
XRP,26AUG040545,2026-08-04,0.6799999999999999,False,1837.7399999999998,0.19932090502464986,0,-0.6799999999999999
XRP,26AUG040530,2026-08-04,0.71,False,1140.0699999999997,0.36923171384213255,1,0.29000000000000004
XRP,26AUG040515,2026-08-04,0.73,False,1467.11,0.39056376140848337,1,0.27
XRP,26AUG040500,2026-08-04,0.65,False,1566.62,0.08794091738902862,1,0.35
XRP,26AUG040445,2026-08-04,0.65,False,1928.7500000000002,0.8732598833441346,1,0.35
XRP,26AUG040430,2026-08-04,0.7,False,714.7,0.3128025745067861,1,0.30000000000000004
XRP,26AUG040415,2026-08-04,0.67,True,2279.4300000000003,0.2125706865312819,0,-0.67
XRP,26AUG040400,2026-08-04,0.76,True,2107.9300000000003,0.3514917478284383,1,0.24
XRP,26AUG040345,2026-08-04,0.68,True,2437.4800000000005,0.46604279829988343,1,0.31999999999999995
XRP,26AUG040330,2026-08-04,0.6799999999999999,False,3623.6500000000015,0.3616878009741557,0,-0.6799999999999999
XRP,26AUG040315,2026-08-04,0.66,True,7250.880000000002,0.3250626130897214,1,0.33999999999999997
XRP,26AUG040300,2026-08-04,0.67,True,2411.0500000000006,0.6459633769519504,1,0.32999999999999996
XRP,26AUG040245,2026-08-04,0.65,True,3509.6200000000013,0.1640633458892985,0,-0.65
XRP,26AUG040230,2026-08-04,0.81,True,5641.3,0.1651871022636626,0,-0.81
XRP,26AUG040215,2026-08-04,0.8,False,2202.87,0.2603149527661641,1,0.19999999999999996
XRP,26AUG040200,2026-08-04,0.6799999999999999,False,4614.010000000002,0.4690952121906971,1,0.32000000000000006
XRP,26AUG040130,2026-08-04,0.65,True,1505.3899999999999,0.1186934947090123,1,0.35
XRP,26AUG040115,2026-08-04,0.65,False,3000.780000000001,0.63562140510134,1,0.35
XRP,26AUG040100,2026-08-04,0.6599999999999999,False,1559.0799999999995,0.42500705544295353,1,0.3400000000000001
XRP,26AUG040045,2026-08-04,0.6799999999999999,False,12523.080000000013,0.2831787387767226,0,-0.6799999999999999
XRP,26AUG040030,2026-08-04,0.65,True,4443.860000000001,0.2852227567925182,1,0.35
XRP,26AUG040015,2026-08-04,0.6699999999999999,False,5743.500000000003,0.3738121354574736,1,0.33000000000000007
XRP,26AUG040000,2026-08-04,0.65,True,3266.6299999999997,0.2573386027802353,1,0.35
XRP,26AUG032345,2026-08-04,0.84,True,2349.4,0.3271686388013961,1,0.16000000000000003
XRP,26AUG032330,2026-08-04,0.71,False,7627.330000000008,0.38599352591273706,0,-0.71
XRP,26AUG032315,2026-08-04,0.7,True,9790.190000000006,0.32801814877954344,0,-0.7
XRP,26AUG032300,2026-08-04,0.6599999999999999,False,7640.600000000006,0.333301049655786,1,0.3400000000000001
XRP,26AUG032245,2026-08-04,0.66,True,7461.290000000001,0.5802374656393198,1,0.33999999999999997
XRP,26AUG032230,2026-08-04,0.6699999999999999,False,1213.32,0.31945405993472464,1,0.33000000000000007
XRP,26AUG032215,2026-08-04,0.65,False,6958.840000000005,0.3164607894419183,1,0.35
XRP,26AUG032200,2026-08-04,0.6799999999999999,False,7067.6,0.4318424925009904,0,-0.6799999999999999
XRP,26AUG032145,2026-08-04,0.84,True,2866.12,0.30395447503942613,1,0.16000000000000003
XRP,26AUG032130,2026-08-04,0.71,False,3615.179999999999,0.36420039942686133,0,-0.71
XRP,26AUG032115,2026-08-04,0.7,True,2376.8500000000004,0.21479689505017144,1,0.30000000000000004
XRP,26AUG032100,2026-08-04,0.65,False,2662.1999999999994,0.3305949966193375,1,0.35
XRP,26AUG032045,2026-08-04,0.72,False,2066.13,0.452096431492694,1,0.28
XRP,26AUG032030,2026-08-04,0.6799999999999999,False,2066.4500000000003,0.16153790316726752,1,0.32000000000000006
XRP,26AUG032015,2026-08-04,0.71,False,3310.3499999999995,0.1159514854924706,1,0.29000000000000004
XRP,26AUG032000,2026-08-04,0.72,True,1506.86,0.2554251888032067,1,0.28
XRP,26AUG031945,2026-08-03,0.6799999999999999,False,9588.560000000003,0.3891293374604737,1,0.32000000000000006
XRP,26AUG031930,2026-08-03,0.66,True,5416.700000000003,0.5707404877508444,1,0.33999999999999997
DOGE,26AUG051115,2026-08-05,0.66,True,2430.099999999999,0.22321303650055566,1,0.33999999999999997
DOGE,26AUG051100,2026-08-05,0.67,True,493.24999999999994,0.3678256462240244,1,0.32999999999999996
DOGE,26AUG051045,2026-08-05,0.6599999999999999,False,2754.9700000000003,0.285799845370367,0,-0.6599999999999999
DOGE,26AUG051030,2026-08-05,0.66,True,1345.07,0.3437293226374834,0,-0.66
DOGE,26AUG051015,2026-08-05,0.6799999999999999,False,3187.6600000000003,0.16674300270417794,0,-0.6799999999999999
DOGE,26AUG051000,2026-08-05,0.65,False,3191.169999999999,0.174725884236816,0,-0.65
DOGE,26AUG050945,2026-08-05,0.6699999999999999,False,3912.58,0.2705324875146323,1,0.33000000000000007
DOGE,26AUG050930,2026-08-05,0.71,True,4113.54,0.1565172576418365,0,-0.71
DOGE,26AUG050915,2026-08-05,0.75,True,4860.96,0.05187041242882064,0,-0.75
DOGE,26AUG050900,2026-08-05,0.6599999999999999,False,4533.2699999999995,0.3103322767009244,1,0.3400000000000001
DOGE,26AUG050845,2026-08-05,0.74,False,3153.12,0.38081328969401734,1,0.26
DOGE,26AUG050830,2026-08-05,0.65,True,2792.9200000000005,0.1450059436002463,1,0.35
DOGE,26AUG050815,2026-08-05,0.7,True,5830.8300000000045,0.255469632968205,1,0.30000000000000004
DOGE,26AUG050800,2026-08-05,0.65,True,6408.480000000004,0.3229876663420966,1,0.35
DOGE,26AUG050745,2026-08-05,0.65,False,989.2399999999999,0.11601835752699044,1,0.35
DOGE,26AUG050730,2026-08-05,0.6599999999999999,False,2719.510000000001,0.25757949042290695,1,0.3400000000000001
DOGE,26AUG050715,2026-08-05,0.67,True,2104.47,0.1150265862663759,1,0.32999999999999996
DOGE,26AUG050700,2026-08-05,0.65,False,1390.58,0.5372722173481569,1,0.35
DOGE,26AUG050645,2026-08-05,0.69,False,880.81,0.28699719576299093,0,-0.69
DOGE,26AUG050630,2026-08-05,0.7,False,1158.59,0.4846235510404888,0,-0.7
DOGE,26AUG050615,2026-08-05,0.65,False,952.63,0.06868353925448496,1,0.35
DOGE,26AUG050600,2026-08-05,0.6599999999999999,False,3241.9300000000003,0.374486802614492,1,0.3400000000000001
DOGE,26AUG050545,2026-08-05,0.66,True,463.5999999999999,0.6375970664365833,0,-0.66
DOGE,26AUG050530,2026-08-05,0.67,True,1973.2299999999998,0.06550174080061626,0,-0.67
DOGE,26AUG050515,2026-08-05,0.65,True,4906.090000000002,0.18135011791467331,1,0.35
DOGE,26AUG050500,2026-08-05,0.7,True,5869.730000000001,0.1933939039785475,1,0.30000000000000004
DOGE,26AUG050445,2026-08-05,0.6699999999999999,False,1642.0300000000002,0.18310262297278365,1,0.33000000000000007
DOGE,26AUG050430,2026-08-05,0.71,False,1142.01,0.16778311923713451,0,-0.71
DOGE,26AUG050415,2026-08-05,0.66,True,2616.7600000000007,0.2697534355462478,0,-0.66
DOGE,26AUG050400,2026-08-05,0.81,True,1002.08,0.16323048060035125,1,0.18999999999999995
DOGE,26AUG050345,2026-08-05,0.67,True,1852.22,0.49287341676474716,1,0.32999999999999996
DOGE,26AUG050330,2026-08-05,0.6799999999999999,False,3572.5999999999995,0.02348429715053463,1,0.32000000000000006
DOGE,26AUG050315,2026-08-05,0.77,True,5331.320000000002,0.4255456434804138,0,-0.77
DOGE,26AUG050300,2026-08-05,0.71,False,1977.4100000000003,0.19314659074243576,1,0.29000000000000004
DOGE,26AUG050245,2026-08-05,0.73,True,8890.550000000001,0.5242769007541715,1,0.27
DOGE,26AUG050230,2026-08-05,0.65,False,1673.0799999999997,0.4948239175652091,1,0.35
DOGE,26AUG050215,2026-08-05,0.65,False,1106.4999999999998,0.5896068685042929,1,0.35
DOGE,26AUG050200,2026-08-05,0.65,True,2457.23,0.2548438689093003,0,-0.65
DOGE,26AUG050145,2026-08-05,0.69,False,11675.119999999999,0.22277800999047565,1,0.31000000000000005
DOGE,26AUG050130,2026-08-05,0.69,False,3721.410000000002,0.25063349644355215,0,-0.69
DOGE,26AUG050115,2026-08-05,0.67,True,2718.35,0.24592123898688545,1,0.32999999999999996
DOGE,26AUG050100,2026-08-05,0.65,False,3491.4899999999993,0.4863052736797185,1,0.35
DOGE,26AUG050045,2026-08-05,0.65,True,3328.809999999999,0.37779566872245646,1,0.35
DOGE,26AUG050030,2026-08-05,0.65,True,7518.110000000007,0.4602553035270828,1,0.35
DOGE,26AUG050015,2026-08-05,0.6799999999999999,False,2258.38,0.11956800892675279,0,-0.6799999999999999
DOGE,26AUG050000,2026-08-05,0.65,False,3132.4900000000007,0.2727446855377032,0,-0.65
DOGE,26AUG042345,2026-08-05,0.65,True,3398.149999999999,0.26279593308123544,1,0.35
DOGE,26AUG042330,2026-08-05,0.78,False,1532.2,0.6595287821433233,1,0.21999999999999997
DOGE,26AUG042315,2026-08-05,0.78,True,560.0899999999999,0.4667285614811905,0,-0.78
DOGE,26AUG042300,2026-08-05,0.69,True,3491.63,0.6250261339259887,0,-0.69
DOGE,26AUG042245,2026-08-05,0.65,True,3355.790000000001,0.41471903784205794,1,0.35
DOGE,26AUG042230,2026-08-05,0.71,False,3917.14,0.5403100221079669,1,0.29000000000000004
DOGE,26AUG042215,2026-08-05,0.7,True,3920.6799999999994,0.4444739177897712,1,0.30000000000000004
DOGE,26AUG042200,2026-08-05,0.67,True,4419.259999999999,0.18556500409570834,1,0.32999999999999996
DOGE,26AUG042145,2026-08-05,0.65,True,1060.2,0.5379928315412186,1,0.35
DOGE,26AUG042130,2026-08-05,0.65,False,2327.2099999999996,0.18622298804147458,0,-0.65
DOGE,26AUG042115,2026-08-05,0.74,False,4160.9,0.6045086399577014,0,-0.74
DOGE,26AUG042100,2026-08-05,0.6799999999999999,False,5167.830000000003,0.4491962777413342,1,0.32000000000000006
DOGE,26AUG042045,2026-08-05,0.7,True,2794.35,0.6346198579276039,1,0.30000000000000004
DOGE,26AUG042030,2026-08-05,0.6599999999999999,False,2138.5299999999997,0.260407850252276,1,0.3400000000000001
DOGE,26AUG042015,2026-08-05,0.6699999999999999,False,2598.1700000000005,0.4065322900349091,1,0.33000000000000007
DOGE,26AUG042000,2026-08-05,0.71,False,3710.7900000000004,0.6574961126875949,1,0.29000000000000004
DOGE,26AUG041945,2026-08-04,0.6799999999999999,False,1749.23,0.6916814827095352,0,-0.6799999999999999
DOGE,26AUG041930,2026-08-04,0.65,True,5916.910000000008,0.43649641451365595,0,-0.65
DOGE,26AUG041915,2026-08-04,0.7,False,1256.2899999999997,0.5158363116796283,0,-0.7
DOGE,26AUG041900,2026-08-04,0.72,True,2508.75,0.15281315396113604,1,0.28
DOGE,26AUG041830,2026-08-04,0.6599999999999999,False,2718.4200000000005,0.08195569485215676,0,-0.6599999999999999
DOGE,26AUG041815,2026-08-04,0.6799999999999999,False,3311.049999999999,0.41245526343607025,1,0.32000000000000006
DOGE,26AUG041800,2026-08-04,0.65,False,1638.66,0.07303528492792892,0,-0.65
DOGE,26AUG041745,2026-08-04,0.65,False,4229.290000000003,0.2818960156432875,0,-0.65
DOGE,26AUG041730,2026-08-04,0.65,False,3309.6200000000013,0.19448456318248009,0,-0.65
DOGE,26AUG041715,2026-08-04,0.6599999999999999,False,4947.880000000001,0.15147295407325964,1,0.3400000000000001
DOGE,26AUG041700,2026-08-04,0.6799999999999999,False,1064.9699999999998,0.2565987774303502,1,0.32000000000000006
DOGE,26AUG041645,2026-08-04,0.66,True,1651.0399999999995,0.14734954937493946,1,0.33999999999999997
DOGE,26AUG041630,2026-08-04,0.8,False,3087.2299999999996,0.6461617696122415,1,0.19999999999999996
DOGE,26AUG041615,2026-08-04,0.79,False,5875.090000000002,0.33175151359383415,1,0.20999999999999996
DOGE,26AUG041600,2026-08-04,0.7,False,3418.2900000000013,0.369006140497149,1,0.30000000000000004
DOGE,26AUG041545,2026-08-04,0.66,True,4973.8200000000015,0.3224965921565314,1,0.33999999999999997
DOGE,26AUG041530,2026-08-04,0.74,False,8500.490000000002,0.1626235664061718,1,0.26
DOGE,26AUG041515,2026-08-04,0.68,True,3482.7499999999995,0.13813222309956213,1,0.31999999999999995
DOGE,26AUG041500,2026-08-04,0.66,True,938.0299999999999,0.3158001343240622,1,0.33999999999999997
DOGE,26AUG041445,2026-08-04,0.7,False,3125.88,0.09080642890961906,1,0.30000000000000004
DOGE,26AUG041430,2026-08-04,0.72,True,3368.4500000000003,0.4652703765827012,1,0.28
DOGE,26AUG041415,2026-08-04,0.68,True,2200.88,0.09552542619315908,1,0.31999999999999995
DOGE,26AUG041400,2026-08-04,0.6799999999999999,False,8900.620000000008,0.23489711952650474,1,0.32000000000000006
DOGE,26AUG041330,2026-08-04,0.66,True,4256.170000000002,0.2572759076822589,0,-0.66
DOGE,26AUG041315,2026-08-04,0.74,True,3448.4800000000005,0.4096587482021064,1,0.26
DOGE,26AUG041300,2026-08-04,0.67,True,2834.6300000000015,0.1877140931973484,1,0.32999999999999996
DOGE,26AUG041245,2026-08-04,0.65,False,972.92,0.3858487851005221,1,0.35
DOGE,26AUG041230,2026-08-04,0.66,True,2570.1600000000003,0.3653274504311015,1,0.33999999999999997
DOGE,26AUG041215,2026-08-04,0.65,False,2178.78,0.2382067028336958,1,0.35
DOGE,26AUG041200,2026-08-04,0.65,True,1314.2800000000002,0.34635694068235073,1,0.35
DOGE,26AUG041145,2026-08-04,0.79,True,1086.06,0.5348783676776604,1,0.20999999999999996
DOGE,26AUG041130,2026-08-04,0.72,False,5301.630000000002,0.48509043445129113,1,0.28
DOGE,26AUG041115,2026-08-04,0.66,True,2426.37,0.3475850756479844,1,0.33999999999999997
DOGE,26AUG041100,2026-08-04,0.66,True,3988.349999999999,0.3177504481803253,0,-0.66
DOGE,26AUG041045,2026-08-04,0.67,True,5684.830000000011,0.4531868147332455,1,0.32999999999999996
DOGE,26AUG041030,2026-08-04,0.72,False,2081.02,0.48534372567298734,1,0.28
DOGE,26AUG041015,2026-08-04,0.6699999999999999,False,1685.07,0.20281650020473924,1,0.33000000000000007
DOGE,26AUG041000,2026-08-04,0.77,False,1611.8100000000004,0.8330262251754239,1,0.22999999999999998
DOGE,26AUG040945,2026-08-04,0.74,True,3092.7200000000003,0.27062909025065307,1,0.26
DOGE,26AUG040930,2026-08-04,0.65,False,1239.48,0.13035305127956884,1,0.35
DOGE,26AUG040915,2026-08-04,0.6799999999999999,False,1105.5300000000002,0.4385679266957929,1,0.32000000000000006
DOGE,26AUG040900,2026-08-04,0.71,False,961.4300000000002,0.6749737370375377,0,-0.71
DOGE,26AUG040845,2026-08-04,0.6599999999999999,False,1257.7299999999998,0.5588957884442608,0,-0.6599999999999999
DOGE,26AUG040830,2026-08-04,0.76,False,1218.1200000000003,0.2580944406134042,1,0.24
DOGE,26AUG040815,2026-08-04,0.65,False,2045.2200000000003,0.6627844437273251,1,0.35
DOGE,26AUG040800,2026-08-04,0.71,True,1395.6699999999998,0.438033345991531,1,0.29000000000000004
DOGE,26AUG040745,2026-08-04,0.6599999999999999,False,1757.3899999999996,0.3597835426399378,0,-0.6599999999999999
DOGE,26AUG040730,2026-08-04,0.6699999999999999,False,1970.98,0.41074998224233633,1,0.33000000000000007
DOGE,26AUG040715,2026-08-04,0.68,True,2603.7000000000003,0.09379728847409455,0,-0.68
DOGE,26AUG040700,2026-08-04,0.83,True,2651.7400000000007,0.30969853756401444,1,0.17000000000000004
DOGE,26AUG040645,2026-08-04,0.69,True,2691.5900000000006,0.8026110960436021,1,0.31000000000000005
DOGE,26AUG040630,2026-08-04,0.65,False,1135.39,0.7119756207118259,1,0.35
DOGE,26AUG040615,2026-08-04,0.6599999999999999,False,1565.6799999999996,0.24547161616677743,1,0.3400000000000001
DOGE,26AUG040600,2026-08-04,0.6699999999999999,False,2169.84,0.37426261844191283,0,-0.6699999999999999
DOGE,26AUG040545,2026-08-04,0.6699999999999999,False,3610.05,0.5096411407044222,0,-0.6699999999999999
DOGE,26AUG040530,2026-08-04,0.69,False,4406.969999999999,0.19684272867752675,0,-0.69
DOGE,26AUG040515,2026-08-04,0.65,False,5764.150000000005,0.3937128631281278,1,0.35
DOGE,26AUG040500,2026-08-04,0.6699999999999999,False,914.5699999999999,0.35752320762762835,1,0.33000000000000007
DOGE,26AUG040445,2026-08-04,0.6599999999999999,False,1305.7700000000002,0.8252065830889054,1,0.3400000000000001
DOGE,26AUG040430,2026-08-04,0.65,False,3466.8000000000006,0.3000519210799584,1,0.35
DOGE,26AUG040415,2026-08-04,0.65,False,3440.9600000000005,0.4275754440621221,1,0.35
DOGE,26AUG040400,2026-08-04,0.77,True,2325.7000000000003,0.38452508922044965,1,0.22999999999999998
DOGE,26AUG040345,2026-08-04,0.76,True,670.3799999999998,0.45598019033980747,1,0.24
DOGE,26AUG040330,2026-08-04,0.6599999999999999,False,2513.6299999999997,0.4761440625708638,0,-0.6599999999999999
DOGE,26AUG040315,2026-08-04,0.65,False,2661.8800000000006,0.4013967571791366,1,0.35
DOGE,26AUG040300,2026-08-04,0.67,True,2041.12,0.12346162890961826,1,0.32999999999999996
DOGE,26AUG040245,2026-08-04,0.6799999999999999,False,2999.150000000001,0.8597602654085323,1,0.32000000000000006
DOGE,26AUG040230,2026-08-04,0.73,True,7203.910000000001,0.1941778839546857,0,-0.73
DOGE,26AUG040215,2026-08-04,0.7,False,2398.8700000000003,0.09114291312159473,1,0.30000000000000004
DOGE,26AUG040200,2026-08-04,0.6799999999999999,False,7227.85,0.3677677317597903,0,-0.6799999999999999
DOGE,26AUG040145,2026-08-04,0.68,True,1575.6499999999999,0.07929425951194745,1,0.31999999999999995
DOGE,26AUG040130,2026-08-04,0.65,True,3577.47,0.3333417191478895,1,0.35
DOGE,26AUG040115,2026-08-04,0.65,False,1317.8500000000001,0.3721440224608261,1,0.35
DOGE,26AUG040100,2026-08-04,0.67,True,3565.430000000001,0.3768353326246763,0,-0.67
DOGE,26AUG040045,2026-08-04,0.66,True,5276.990000000002,0.3032126268952566,1,0.33999999999999997
DOGE,26AUG040030,2026-08-04,0.69,True,1827.3999999999992,0.6610430119295176,1,0.31000000000000005
DOGE,26AUG040015,2026-08-04,0.74,False,7224.490000000003,0.5050806354496994,1,0.26
DOGE,26AUG032330,2026-08-04,0.69,False,12608.020000000008,0.39891751440749595,0,-0.69
DOGE,26AUG032315,2026-08-04,0.66,True,9084.290000000006,0.15718674767097915,0,-0.66
DOGE,26AUG032300,2026-08-04,0.65,True,2481.6299999999997,0.33365167248945254,0,-0.65
DOGE,26AUG032245,2026-08-04,0.68,True,3855.9100000000017,0.41060605667663386,1,0.31999999999999995
DOGE,26AUG032230,2026-08-04,0.6699999999999999,False,3517.709999999999,0.23194350870310526,0,-0.6699999999999999
DOGE,26AUG032215,2026-08-04,0.66,True,2577.34,0.13077048429776436,0,-0.66
DOGE,26AUG032200,2026-08-04,0.65,False,5586.720000000006,0.21762859065784562,0,-0.65
DOGE,26AUG032145,2026-08-04,0.84,True,2729.5500000000006,0.4357897821985309,1,0.16000000000000003
DOGE,26AUG032130,2026-08-04,0.69,False,4130.469999999999,0.24439349517125175,0,-0.69
DOGE,26AUG032115,2026-08-04,0.66,True,1828.2900000000002,0.4205897313883464,1,0.33999999999999997
DOGE,26AUG032100,2026-08-04,0.65,True,5087.06,0.3157246032089262,0,-0.65
DOGE,26AUG032045,2026-08-04,0.6799999999999999,False,6878.990000000004,0.40101235791882206,1,0.32000000000000006
DOGE,26AUG032030,2026-08-04,0.6799999999999999,False,2105.05,0.4598655613880904,1,0.32000000000000006
DOGE,26AUG032015,2026-08-04,0.6799999999999999,False,4694.180000000001,0.6091820083592874,1,0.32000000000000006
DOGE,26AUG032000,2026-08-04,0.7,True,3699.3800000000015,0.3544080359411576,1,0.30000000000000004
DOGE,26AUG031945,2026-08-03,0.65,False,4474.290000000001,0.0662943170871803,1,0.35
DOGE,26AUG031930,2026-08-03,0.7,True,1322.09,0.3968262372455732,1,0.30000000000000004
HYPE,26AUG051115,2026-08-05,0.65,True,2462.35,0.3551444758056329,0,-0.65
HYPE,26AUG051100,2026-08-05,0.67,True,494.9700000000001,0.7744711800715194,1,0.32999999999999996
HYPE,26AUG051045,2026-08-05,0.6599999999999999,False,2652.3900000000003,0.5804953268561561,0,-0.6599999999999999
HYPE,26AUG051015,2026-08-05,0.78,False,808.31,0.5994358600042062,0,-0.78
HYPE,26AUG051000,2026-08-05,0.75,False,395.89,0.41728763040238465,0,-0.75
HYPE,26AUG050945,2026-08-05,0.69,False,1510.56,0.1444696006778943,0,-0.69
HYPE,26AUG050930,2026-08-05,0.67,True,954.2100000000002,0.40989928841659584,1,0.32999999999999996
HYPE,26AUG050915,2026-08-05,0.69,False,634.7699999999999,0.29598122154481166,1,0.31000000000000005
HYPE,26AUG050900,2026-08-05,0.6599999999999999,False,2777.6400000000012,0.3264857936953671,1,0.3400000000000001
HYPE,26AUG050845,2026-08-05,0.6599999999999999,False,2277.9399999999996,0.4243351449116307,0,-0.6599999999999999
HYPE,26AUG050830,2026-08-05,0.68,True,3871.670000000001,0.3025180348531769,1,0.31999999999999995
HYPE,26AUG050815,2026-08-05,0.6799999999999999,False,3010.4600000000005,0.2826279040412429,0,-0.6799999999999999
HYPE,26AUG050800,2026-08-05,0.6699999999999999,False,647.43,0.6495374017268276,1,0.33000000000000007
HYPE,26AUG050745,2026-08-05,0.68,True,1234.7999999999997,0.419744088111435,0,-0.68
HYPE,26AUG050730,2026-08-05,0.69,False,449.96999999999997,0.3664910994066271,1,0.31000000000000005
HYPE,26AUG050715,2026-08-05,0.65,False,3497.8700000000003,0.33931506888477836,1,0.35
HYPE,26AUG050700,2026-08-05,0.6599999999999999,False,1011.93,0.10883163855207376,0,-0.6599999999999999
HYPE,26AUG050645,2026-08-05,0.65,False,802.2400000000001,0.5361612485041881,0,-0.65
HYPE,26AUG050630,2026-08-05,0.65,False,941.24,0.34119884407802464,0,-0.65
HYPE,26AUG050615,2026-08-05,0.65,False,1640.8100000000002,0.1413813908983977,1,0.35
HYPE,26AUG050600,2026-08-05,0.68,True,862.35,0.28817765408476836,0,-0.68
HYPE,26AUG050545,2026-08-05,0.65,False,827.1999999999999,0.4186411992263057,1,0.35
HYPE,26AUG050530,2026-08-05,0.73,False,767.0799999999999,0.6596965114460029,1,0.27
HYPE,26AUG050515,2026-08-05,0.69,False,109.74,0.3738837251685803,0,-0.69
HYPE,26AUG050500,2026-08-05,0.65,True,552.4200000000001,0.7662285941855833,1,0.35
HYPE,26AUG050445,2026-08-05,0.65,False,1199.3099999999995,0.5572204017309955,1,0.35
HYPE,26AUG050430,2026-08-05,0.74,True,1424.09,0.09956533646047654,1,0.26
HYPE,26AUG050415,2026-08-05,0.65,True,226.20000000000005,0.6897877984084879,1,0.35
HYPE,26AUG050400,2026-08-05,0.66,True,719.85,0.5140932138639995,1,0.33999999999999997
HYPE,26AUG050345,2026-08-05,0.67,True,798.9300000000002,0.4566232335749064,0,-0.67
HYPE,26AUG050330,2026-08-05,0.66,True,584.8,0.3446990424076608,0,-0.66
HYPE,26AUG050315,2026-08-05,0.68,True,1186.22,0.3809580010453373,0,-0.68
HYPE,26AUG050300,2026-08-05,0.65,True,1535.73,0.7144680380014716,1,0.35
HYPE,26AUG050245,2026-08-05,0.66,True,6529.120000000003,0.4410257431323055,1,0.33999999999999997
HYPE,26AUG050230,2026-08-05,0.66,True,1154.1100000000001,0.6185285631352296,1,0.33999999999999997
HYPE,26AUG050215,2026-08-05,0.6699999999999999,False,3611.4000000000005,0.3948357977515644,1,0.33000000000000007
HYPE,26AUG050200,2026-08-05,0.68,True,1561.4099999999999,0.040117586028013144,1,0.31999999999999995
HYPE,26AUG050145,2026-08-05,0.71,False,2175.7600000000007,0.3863707394197888,1,0.29000000000000004
HYPE,26AUG050130,2026-08-05,0.65,True,6667.300000000003,0.3235807598278162,1,0.35
HYPE,26AUG050115,2026-08-05,0.65,True,1258.56,0.08382595982710399,1,0.35
HYPE,26AUG050100,2026-08-05,0.65,False,7885.080000000005,0.5611154230521438,1,0.35
HYPE,26AUG050045,2026-08-05,0.68,True,3496.979999999999,0.21574329850328,1,0.31999999999999995
HYPE,26AUG050030,2026-08-05,0.7,False,1580.2199999999996,0.5452911619901029,0,-0.7
HYPE,26AUG050015,2026-08-05,0.65,True,5532.650000000002,0.5851698553134573,1,0.35
HYPE,26AUG050000,2026-08-05,0.68,True,2699.7000000000007,0.2950735266881504,1,0.31999999999999995
HYPE,26AUG042345,2026-08-05,0.65,True,2650.0300000000007,0.5149149254914095,1,0.35
HYPE,26AUG042330,2026-08-05,0.6599999999999999,False,3522.320000000001,0.26533648277271793,1,0.3400000000000001
HYPE,26AUG042315,2026-08-05,0.71,True,4536.870000000001,0.20000573082323272,0,-0.71
HYPE,26AUG042300,2026-08-05,0.65,True,2199.9999999999995,0.21380909090909095,1,0.35
HYPE,26AUG042245,2026-08-05,0.66,True,6417.960000000008,0.31847347132110465,1,0.33999999999999997
HYPE,26AUG042230,2026-08-05,0.67,True,2608.6199999999994,0.5631981660801497,1,0.32999999999999996
HYPE,26AUG042215,2026-08-05,0.67,True,763.29,0.49941699747147217,1,0.32999999999999996
HYPE,26AUG042200,2026-08-05,0.65,True,1172.9000000000003,0.29246312558615395,1,0.35
HYPE,26AUG042130,2026-08-05,0.71,False,2112.12,0.3330776660417021,0,-0.71
HYPE,26AUG042115,2026-08-05,0.65,False,2974.25,0.5381087669160292,0,-0.65
HYPE,26AUG042100,2026-08-05,0.6599999999999999,False,4352.080000000001,0.3289576478373558,1,0.3400000000000001
HYPE,26AUG042045,2026-08-05,0.67,True,16103.31,0.3874023415061875,0,-0.67
HYPE,26AUG042030,2026-08-05,0.69,False,1705.3300000000002,0.347563228231486,1,0.31000000000000005
HYPE,26AUG042015,2026-08-05,0.65,True,4331.64,0.29240426258876534,0,-0.65
HYPE,26AUG042000,2026-08-05,0.6699999999999999,False,1377.2799999999997,0.4010586082713755,1,0.33000000000000007
HYPE,26AUG041945,2026-08-04,0.65,False,455.41,0.7061329351573307,0,-0.65
HYPE,26AUG041930,2026-08-04,0.65,False,2003.1699999999996,0.6489164673991726,1,0.35
HYPE,26AUG041915,2026-08-04,0.69,False,2048.3400000000006,0.51974281613404,0,-0.69
HYPE,26AUG041900,2026-08-04,0.68,True,728.5700000000002,0.368283075064853,1,0.31999999999999995
HYPE,26AUG041845,2026-08-04,0.65,False,8223.949999999999,0.13815745475106248,1,0.35
HYPE,26AUG041830,2026-08-04,0.6599999999999999,False,3398.78,0.16791319238079547,1,0.3400000000000001
HYPE,26AUG041815,2026-08-04,0.69,False,1423.1,0.40136322113695455,0,-0.69
HYPE,26AUG041745,2026-08-04,0.6599999999999999,False,5134.860000000006,0.2114273806880808,1,0.3400000000000001
HYPE,26AUG041730,2026-08-04,0.6699999999999999,False,1449.6299999999994,0.2743389692542235,1,0.33000000000000007
HYPE,26AUG041715,2026-08-04,0.68,True,1422.12,0.10791635023767332,0,-0.68
HYPE,26AUG041700,2026-08-04,0.6599999999999999,False,2062.91,0.13229370161567883,1,0.3400000000000001
HYPE,26AUG041645,2026-08-04,0.69,True,889.49,0.045666617949611576,1,0.31000000000000005
HYPE,26AUG041630,2026-08-04,0.8,False,1147.44,0.5239402495991076,1,0.19999999999999996
HYPE,26AUG041615,2026-08-04,0.66,True,6088.009999999999,0.38516691004121234,1,0.33999999999999997
HYPE,26AUG041600,2026-08-04,0.6599999999999999,False,1677.9299999999998,0.43999451705375076,0,-0.6599999999999999
HYPE,26AUG041545,2026-08-04,0.65,True,1276.06,0.44842718994404657,0,-0.65
HYPE,26AUG041530,2026-08-04,0.65,True,6515.290000000003,0.26087710600756053,0,-0.65
HYPE,26AUG041515,2026-08-04,0.65,True,2240.6099999999997,0.21634733398494163,1,0.35
HYPE,26AUG041500,2026-08-04,0.65,True,748.7500000000001,0.5022103505843071,0,-0.65
HYPE,26AUG041445,2026-08-04,0.65,False,7113.700000000007,0.5833799569844101,1,0.35
HYPE,26AUG041430,2026-08-04,0.6599999999999999,False,3204.9,0.44077194296233896,1,0.3400000000000001
HYPE,26AUG041415,2026-08-04,0.71,True,2030.7699999999998,0.33187904095490867,1,0.29000000000000004
HYPE,26AUG041400,2026-08-04,0.6599999999999999,False,2543.0299999999997,0.441552006857961,1,0.3400000000000001
HYPE,26AUG041345,2026-08-04,0.65,True,2487.0299999999993,0.372906639646486,1,0.35
HYPE,26AUG041330,2026-08-04,0.6599999999999999,False,1338.77,0.44803065500422024,0,-0.6599999999999999
HYPE,26AUG041315,2026-08-04,0.69,True,8439.790000000003,0.23389681496814482,1,0.31000000000000005
HYPE,26AUG041300,2026-08-04,0.65,True,788.0599999999997,0.22576961145090488,0,-0.65
HYPE,26AUG041245,2026-08-04,0.6599999999999999,False,3790.400000000003,0.24659402701561817,1,0.3400000000000001
HYPE,26AUG041230,2026-08-04,0.65,True,1451.4599999999996,0.5099279346313368,1,0.35
HYPE,26AUG041215,2026-08-04,0.65,False,3642.389999999998,0.5800888976743295,1,0.35
HYPE,26AUG041200,2026-08-04,0.68,True,692.8599999999999,0.16866322200733194,1,0.31999999999999995
HYPE,26AUG041145,2026-08-04,0.6599999999999999,False,1488.0999999999997,0.5360795645453936,0,-0.6599999999999999
HYPE,26AUG041130,2026-08-04,0.7,False,2503.78,0.4331890182044747,1,0.30000000000000004
HYPE,26AUG041115,2026-08-04,0.68,True,689.13,0.1938095859997388,0,-0.68
HYPE,26AUG041100,2026-08-04,0.72,True,1252.13,0.06789231150120195,1,0.28
HYPE,26AUG041045,2026-08-04,0.65,True,2017.809999999999,0.27041198130646604,1,0.35
HYPE,26AUG041030,2026-08-04,0.6799999999999999,False,2311.0399999999995,0.17608955275546942,1,0.32000000000000006
HYPE,26AUG041015,2026-08-04,0.68,True,1111.6699999999998,0.435425980731692,1,0.31999999999999995
HYPE,26AUG041000,2026-08-04,0.6699999999999999,False,377.21,0.3852495957159142,1,0.33000000000000007
HYPE,26AUG040945,2026-08-04,0.74,True,1381.5199999999995,0.054222884938328816,1,0.26
HYPE,26AUG040930,2026-08-04,0.74,True,577.8,0.5314641744548286,1,0.26
HYPE,26AUG040915,2026-08-04,0.7,False,512.72,0.7558901544702762,1,0.30000000000000004
HYPE,26AUG040900,2026-08-04,0.7,False,179.93,0.7498471627855277,0,-0.7
HYPE,26AUG040845,2026-08-04,0.65,False,234.57000000000002,0.19716928848531357,0,-0.65
HYPE,26AUG040830,2026-08-04,0.6799999999999999,False,490.06999999999994,0.4235925480033465,1,0.32000000000000006
HYPE,26AUG040815,2026-08-04,0.6799999999999999,False,240.82999999999998,0.4827886891168044,0,-0.6799999999999999
HYPE,26AUG040800,2026-08-04,0.66,True,3432.0800000000013,0.4520757091909278,1,0.33999999999999997
HYPE,26AUG040745,2026-08-04,0.65,False,1225.2199999999998,0.34460749906139304,0,-0.65
HYPE,26AUG040730,2026-08-04,0.6599999999999999,False,275.68,0.4432312826465467,1,0.3400000000000001
HYPE,26AUG040715,2026-08-04,0.6599999999999999,False,966.5099999999998,0.1882132621493829,0,-0.6599999999999999
HYPE,26AUG040700,2026-08-04,0.78,True,1327.2799999999997,0.44736604182990786,1,0.21999999999999997
HYPE,26AUG040645,2026-08-04,0.6799999999999999,False,1623.6199999999997,0.5715992658380655,0,-0.6799999999999999
HYPE,26AUG040630,2026-08-04,0.65,True,2883.649999999999,0.4110138192915229,1,0.35
HYPE,26AUG040615,2026-08-04,0.6599999999999999,False,188.72,0.5941606612971598,0,-0.6599999999999999
HYPE,26AUG040600,2026-08-04,0.67,True,417.66,0.46851506009672933,1,0.32999999999999996
HYPE,26AUG040545,2026-08-04,0.6599999999999999,False,893.9799999999998,0.6475648224792502,1,0.3400000000000001
HYPE,26AUG040530,2026-08-04,0.65,True,2807.960000000001,0.3950875368594993,1,0.35
HYPE,26AUG040515,2026-08-04,0.65,False,624.31,0.42725569028207144,1,0.35
HYPE,26AUG040500,2026-08-04,0.6699999999999999,False,2519.5399999999995,0.6095676194860967,0,-0.6699999999999999
HYPE,26AUG040445,2026-08-04,0.65,True,547.8499999999999,0.08487724742173954,0,-0.65
HYPE,26AUG040430,2026-08-04,0.71,False,385.0399999999999,0.5819655100768752,1,0.29000000000000004
HYPE,26AUG040415,2026-08-04,0.67,True,1007.2599999999998,0.5118936520858567,0,-0.67
HYPE,26AUG040400,2026-08-04,0.65,True,3715.47,0.8112217296869575,0,-0.65
HYPE,26AUG040345,2026-08-04,0.65,True,4782.190000000002,0.8349145475190235,1,0.35
HYPE,26AUG040330,2026-08-04,0.65,True,1930.1400000000003,0.10176463883448866,1,0.35
HYPE,26AUG040315,2026-08-04,0.68,True,2173.14,0.7125771924496348,1,0.31999999999999995
HYPE,26AUG040300,2026-08-04,0.66,True,2515.0300000000007,0.192049399013133,1,0.33999999999999997
HYPE,26AUG040245,2026-08-04,0.65,False,2484.0200000000004,0.5903173082342331,1,0.35
HYPE,26AUG040230,2026-08-04,0.6699999999999999,False,6218.240000000001,0.19315915757513377,1,0.33000000000000007
HYPE,26AUG040215,2026-08-04,0.67,True,4840.190000000001,0.6966131494838012,0,-0.67
HYPE,26AUG040200,2026-08-04,0.65,False,1757.3100000000002,0.28457130500594646,1,0.35
HYPE,26AUG040145,2026-08-04,0.67,True,1074.79,0.2960764428399966,1,0.32999999999999996
HYPE,26AUG040130,2026-08-04,0.69,False,3170.4600000000014,0.3785160512985495,0,-0.69
HYPE,26AUG040115,2026-08-04,0.6599999999999999,False,1934.91,0.2520737398638696,1,0.3400000000000001
HYPE,26AUG040100,2026-08-04,0.65,True,4375.4000000000015,0.3074050372537366,1,0.35
HYPE,26AUG040030,2026-08-04,0.68,True,2190.5699999999993,0.595968172667388,1,0.31999999999999995
HYPE,26AUG040015,2026-08-04,0.65,True,5683.350000000003,0.33772862836179346,1,0.35
HYPE,26AUG040000,2026-08-04,0.6599999999999999,False,2036.62,0.3317850163506202,1,0.3400000000000001
HYPE,26AUG032345,2026-08-04,0.67,True,1605.6200000000001,0.2125347217897136,0,-0.67
HYPE,26AUG032330,2026-08-04,0.6599999999999999,False,3737.460000000001,0.2814531794320206,0,-0.6599999999999999
HYPE,26AUG032315,2026-08-04,0.6799999999999999,False,4075.2200000000003,0.47782451008779897,1,0.32000000000000006
HYPE,26AUG032300,2026-08-04,0.65,False,3644.1200000000013,0.5308496975950296,1,0.35
HYPE,26AUG032245,2026-08-04,0.65,True,3413.21,0.4107306611664679,1,0.35
HYPE,26AUG032230,2026-08-04,0.71,True,5288.430000000003,0.34424772569552764,0,-0.71
HYPE,26AUG032215,2026-08-04,0.6799999999999999,False,2385.53,0.48554828486751356,0,-0.6799999999999999
HYPE,26AUG032200,2026-08-04,0.74,True,2326.78,0.15477612838343116,1,0.26
HYPE,26AUG032145,2026-08-04,0.69,True,739.4899999999999,0.4505537600238003,1,0.31000000000000005
HYPE,26AUG032130,2026-08-04,0.65,True,1255.7399999999998,0.5610795228311592,1,0.35
HYPE,26AUG032115,2026-08-04,0.65,True,2815.3800000000006,0.5348691828456549,1,0.35
HYPE,26AUG032100,2026-08-04,0.7,True,5205.650000000005,0.2996474983911708,0,-0.7
HYPE,26AUG032045,2026-08-04,0.65,False,620.5999999999999,0.4173380599419917,1,0.35
HYPE,26AUG032030,2026-08-04,0.69,False,917.3699999999999,0.6040528903277851,1,0.31000000000000005
HYPE,26AUG032015,2026-08-04,0.71,False,1696.6099999999994,0.8516630221441581,1,0.29000000000000004
HYPE,26AUG032000,2026-08-04,0.72,True,1205.4399999999998,0.2652807273692594,1,0.28
HYPE,26AUG031945,2026-08-03,0.66,True,6187.040000000002,0.48296600636168496,0,-0.66
HYPE,26AUG031930,2026-08-03,0.7,False,2693.3900000000003,0.5850470967813796,0,-0.7
