program_id,market_ticker,series_ticker,title,subtitle,category,market_status,close_time,reward_dollars,reward_per_day,target_size,discount_factor_bps,yes_best_bid,no_best_bid,implied_spread_c,yes_size_best,no_size_best,displayed_score_proxy,displayed_target_size,open_interest,volume_24h
1baee761-4dd4-47f3-89bb-0f862254fff8,KXWTI15M-26AUG060915-15,,WTI Oil price up in next 15 mins?,,,active,2026-08-06T13:15:00Z,20.0,1920.0,300.0,5000.0,0.83,0.14,3.0000000000000027,2083.0,92.0,496.0,600.0,3670.35,34.64
06816449-fe62-481e-b4ca-029f75c026f8,KXGOLD15M-26AUG060915-15,,Gold price up in next 15 mins?,,,active,2026-08-06T13:15:00Z,20.0,1920.0,300.0,5000.0,0.29,0.7,1.0000000000000009,25.0,2050.0,422.710625,600.0,6255.97,428.0
ceafcf2c-c772-4884-a167-2a3c79705423,KXSILVER15M-26AUG060915-15,,Silver price up in next 15 mins?,,,active,2026-08-06T13:15:00Z,20.0,1920.0,300.0,5000.0,0.82,0.15,3.0000000000000053,126.0,2003.0,513.0,600.0,4586.65,50.64
03a48b15-8abd-4ad5-9680-e4be76cc3f1b,KXMAMDANIEO-26AUG08-T0,,"Will Mamdani sign above 0 executive orders between Aug 2, 2026 and Aug 8, 2026?",,,active,2026-08-09T13:59:00Z,1000.0,144.62121986348455,300.0,5000.0,0.09,0.9,1.0000000000000009,261.88,1937.89,580.94,600.0,4325.71,915.94
24ab3c87-f424-40c0-9c8d-5911cf8af592,KXAAAGASD-26AUG07-4.065,,Will average **gas prices** be above $4.065?,,,active,2026-08-07T03:59:00Z,100.0,150.15641293013556,1000.0,5000.0,,0.98,,0.0,1223.0,1000.0,1000.0,1001.0,1002.0
2d23fee4-5f17-443b-b71a-91d7774a7b8e,KXAAAGASD-26AUG07-4.070,,Will average **gas prices** be above $4.070?,,,active,2026-08-07T03:59:00Z,100.0,150.15641293013556,1000.0,5000.0,,0.99,,0.0,1349.01,1000.0,1000.0,1001.0,1001.0
339d0f15-f0c0-423f-b88b-c4cc1bc18166,KXAAAGASD-26AUG07-4.100,,Will average **gas prices** be above $4.100?,,,active,2026-08-07T03:59:00Z,100.0,150.15641293013556,1000.0,5000.0,,0.99,,0.0,6554.01,1000.0,1000.0,1001.0,1001.0
5c2c9150-876e-400b-aba1-c3aaec3e5145,KXAAAGASD-26AUG07-4.090,,Will average **gas prices** be above $4.090?,,,active,2026-08-07T03:59:00Z,100.0,150.15641293013556,1000.0,5000.0,,0.99,,0.0,6554.01,1000.0,1000.0,1001.0,1001.0
8309ae72-4787-4f30-becd-de426d783671,KXAAAGASD-26AUG07-4.080,,Will average **gas prices** be above $4.080?,,,active,2026-08-07T03:59:00Z,100.0,150.15641293013556,1000.0,5000.0,,0.99,,0.0,3049.01,1000.0,1000.0,1001.0,1001.0
f85db463-70f5-4fe0-a3df-35111890f385,KXAAAGASD-26AUG07-4.035,,Will average **gas prices** be above $4.035?,,,active,2026-08-07T03:59:00Z,100.0,150.15641293013556,1000.0,5000.0,0.86,0.13,1.0000000000000009,17.0,29.0,207.8955152631729,2000.0,771.96,940.21
df9b99f4-8e18-4f9b-9bb4-9b440697dd45,KXAAAGASD-26AUG07-4.030,,Will average **gas prices** be above $4.030?,,,active,2026-08-07T03:59:00Z,100.0,150.15641293013556,1000.0,5000.0,0.96,0.03,1.0000000000000036,793.0,28.0,1114.1953125,2000.0,688.64,785.64
66cf28ed-23f1-45e9-8b7a-984379503c25,KXAAAGASD-26AUG07-4.055,,Will average **gas prices** be above $4.055?,,,active,2026-08-07T03:59:00Z,100.0,150.15641293013556,1000.0,5000.0,0.02,0.97,1.0000000000000009,17.0,494.0,1111.7568359375,2000.0,932.0,936.5
daa726e4-45c3-43e6-bc58-b5bcfb7e740f,KXAAAGASD-26AUG07-4.105,,Will average **gas prices** be above $4.105?,,,active,2026-08-07T03:59:00Z,100.0,150.15641293013556,1000.0,5000.0,,0.99,,0.0,6564.01,1000.0,1000.0,1001.0,1001.0
9bb89d27-7f53-4335-a966-df1503eb0162,KXAAAGASD-26AUG07-4.075,,Will average **gas prices** be above $4.075?,,,active,2026-08-07T03:59:00Z,100.0,150.15641293013556,1000.0,5000.0,,0.99,,0.0,1549.01,1000.0,1000.0,1001.0,1001.0
d010e349-1a12-43d3-9950-efbe919d223a,KXAAAGASD-26AUG07-4.060,,Will average **gas prices** be above $4.060?,,,active,2026-08-07T03:59:00Z,100.0,150.15641293013556,1000.0,5000.0,0.01,0.98,1.0000000000000009,1.13,1251.0,1001.13,1001.13,1322.51,547.72
f51ea9b2-752f-42c6-9e4a-89aaebecd619,KXAAAGASD-26AUG07-4.095,,Will average **gas prices** be above $4.095?,,,active,2026-08-07T03:59:00Z,100.0,150.15641293013556,1000.0,5000.0,,0.99,,0.0,6507.01,1000.0,1000.0,1583.0,1583.0
6094e072-5b4a-4411-ae42-49cf72b3bd8d,KXAAAGASD-26AUG07-4.045,,Will average **gas prices** be above $4.045?,,,active,2026-08-07T03:59:00Z,100.0,150.15641293013556,1000.0,5000.0,0.17,0.8,2.9999999999999916,12.0,268.0,353.0261357937429,2000.0,1224.6,1519.38
5b8fef74-32d4-44d1-b07a-ccde422f9a85,KXAAAGASD-26AUG07-4.050,,Will average **gas prices** be above $4.050?,,,active,2026-08-07T03:59:00Z,100.0,150.15641293013556,1000.0,5000.0,0.07,0.92,0.9999999999999898,67.0,29.0,251.4887696504593,2000.0,678.0,750.0
5013171e-bbd2-4574-918d-eefab068fa40,KXAAAGASD-26AUG07-4.040,,Will average **gas prices** be above $4.040?,,,active,2026-08-07T03:59:00Z,100.0,150.15641293013556,1000.0,5000.0,0.5,0.45,4.999999999999999,107.0,518.72,1044.2571683311462,2000.0,1642.64,2044.83
50e140b6-cf7b-4513-88c2-8760fb38610d,KXAAAGASD-26AUG07-4.085,,Will average **gas prices** be above $4.085?,,,active,2026-08-07T03:59:00Z,100.0,150.15641293013556,1000.0,5000.0,,0.99,,0.0,4049.01,1000.0,1000.0,1001.0,1001.0
f4f3c0d8-2ff7-4058-9f0f-d985f2bcf3f9,KXAAAGASD-26AUG07-4.025,,Will average **gas prices** be above $4.025?,,,active,2026-08-07T03:59:00Z,100.0,150.15641293013556,1000.0,5000.0,0.99,,,3377.01,0.0,1000.0,1000.0,1608.0,1789.0
73272c75-708d-4c4f-ad73-dd36520343d0,KXTRUMPENDORSEMENTS-26AUG07-A25,,Will Trump endorse at least 25 people on Truth Social this week?,,,active,2026-08-08T14:00:00Z,142.8571,24.150413265427943,300.0,5000.0,0.99,,,16865.03,0.0,300.0,300.0,5280.24,0.0
b06f1214-e2b2-48de-ac9a-98ec133f4907,KXTRUMPENDORSEMENTS-26AUG07-A10,,Will Trump endorse at least 10 people on Truth Social this week?,,,active,2026-08-08T14:00:00Z,142.8571,24.150413265427943,300.0,5000.0,0.99,,,30078.39,0.0,300.0,300.0,3074.28,0.0
64532a2e-73cb-4bed-9001-2aead14c269f,KXTRUMPENDORSEMENTS-26AUG07-A5,,Will Trump endorse at least 5 people on Truth Social this week?,,,active,2026-08-08T14:00:00Z,142.8571,24.150413265427943,300.0,5000.0,0.99,,,24839.01,0.0,300.0,300.0,2347.53,0.0
9457a0f7-4156-469f-80c9-8fde130c60ac,KXTRUMPENDORSEMENTS-26AUG07-A50,,Will Trump endorse at least 50 people on Truth Social this week?,,,active,2026-08-08T14:00:00Z,142.8571,24.150413265427943,300.0,5000.0,0.04,0.93,2.9999999999999916,1005.0,238.19,569.095,600.0,5367.54,1226.01
0c932f63-df27-4080-b628-201175f796a5,KXTRUMPENDORSEMENTS-26AUG07-A3,,Will Trump endorse at least 3 people on Truth Social this week?,,,active,2026-08-08T14:00:00Z,142.8571,24.150413265427943,300.0,5000.0,0.99,,,42130.01,0.0,300.0,300.0,1638.25,0.0
448cd03a-48e4-4e2d-a1f5-797294738397,KXTRUMPENDORSEMENTS-26AUG07-A15,,Will Trump endorse at least 15 people on Truth Social this week?,,,active,2026-08-08T14:00:00Z,142.8571,24.150413265427943,300.0,5000.0,0.99,,,24448.76,0.0,300.0,300.0,5154.58,0.0
693cbc93-17ab-41c5-bcc4-797f8f80e1f7,KXTRUMPENDORSEMENTS-26AUG07-A20,,Will Trump endorse at least 20 people on Truth Social this week?,,,active,2026-08-08T14:00:00Z,142.8571,24.150413265427943,300.0,5000.0,0.99,,,21334.3,0.0,300.0,300.0,4667.47,0.0
b3af0d04-0af9-44e6-958e-fd1098c8e800,KXPOKEMON-26AUG151ULTCO-939.85,,Will Ungraded Price of the 151 Ultra-Premium Collection on Collectr be above $939.85 on ?,,,active,2026-09-01T03:59:00Z,345.0,62.27395578994664,1000.0,5000.0,0.42,0.57,1.000000000000012,1781.85,2103.46,2000.0,2000.0,660.49,100.57
273a14e4-a8f7-4d17-b61b-3a295388fe7a,KXPOKEMON-26AUGASCHEREL-168.68,,Will Ungraded Price of the Ascended Heroes Elite Trainer Box on Collectr be above $168.68 on ?,,,active,2026-09-01T03:59:00Z,345.0,62.27395578890584,1000.0,5000.0,0.58,0.41,1.0000000000000064,553.2,1836.53,1553.2000004135075,2000.0,1743.0,0.0
dde90810-0c1b-4faf-8423-e6968835d211,KXPOKEMON-26AUGASCHERPO-426.2,,Will Ungraded Price of the Ascended Heroes Pokemon Center Elite Trainer Box (Exclusive) on Collectr be above $426.2 on ?,,,active,2026-09-01T03:59:00Z,345.0,62.27395578786502,1000.0,5000.0,0.39,0.6,1.0000000000000009,1993.84,1825.21,2000.0,2000.0,703.47,21.74
b6e7b720-7971-4a61-ad71-412776275a64,KXPOKEMON-26AUGBLOWATPR-326.97,,Will Ungraded Price of the Blooming Waters Premium Collection on Collectr be above $326.97 on ?,,,active,2026-09-01T03:59:00Z,345.0,62.27395578695432,1000.0,5000.0,0.59,0.37,4.0000000000000036,15.0,35.0,70.57039554764108,2000.0,3250.32,677.82
51e89716-8df7-4168-9f18-30d3fd3527d3,KXPOKEMON-26AUGBUL-27.23,,Will Ungraded Price of the Bulbasaur on Collectr be above $27.23 on ?,,,active,2026-09-01T03:59:00Z,345.0,62.273955785913515,1000.0,5000.0,0.62,0.37,1.0000000000000009,14.62,1172.76,1014.6200000004008,2000.0,1341.03,137.62
b284e202-46a3-49ad-913b-817a6e379492,KXPOKEMON-26AUGCELULTPR-1298.63,,Will Ungraded Price of the Celebrations Ultra Premium Collection on Collectr be above $1298.63 on ?,,,active,2026-09-01T03:59:00Z,345.0,62.273955784872705,1000.0,5000.0,0.52,0.47,1.0000000000000009,1950.0,2083.8,2000.0,2000.0,359.0,300.0
b32d6de3-1389-4d7d-bbaf-5f5be15376f5,KXPOKEMON-26AUGCHA-38.92,,Will Ungraded Price of the Charmander on Collectr be above $38.92 on ?,,,active,2026-09-01T03:59:00Z,345.0,62.273955783961995,1000.0,5000.0,0.1,0.86,4.0000000000000036,151.17,146.45,640.723938794136,2000.0,1915.37,1100.12
7ff0d9c9-62b1-44d0-976d-71cd543a820a,KXPOKEMON-26AUGCHAEX-368.43,,Will Ungraded Price of the Charizard ex on Collectr be above $368.43 on ?,,,active,2026-09-01T03:59:00Z,345.0,62.27395578279109,1000.0,5000.0,0.44,0.55,1.0000000000000009,779.0,1033.0,1779.0007629397478,2000.0,265.22,203.13
381c2ba6-d73e-4ff9-b69a-346b7fee868d,KXPOKEMON-26AUGFIRPARIL-63.03,,Will Ungraded Price of the First Partner Illustration Collection (Series 1) on Collectr be above $63.03 on ?,,,active,2026-09-01T03:59:00Z,345.0,62.273955781750274,1000.0,5000.0,0.54,0.45,0.9999999999999953,141.0,3299.0,1141.0000000000005,2000.0,2001.79,606.7
1416aaff-3ed7-4fe0-aa6a-c890c5b14beb,KXPOKEMON-26AUGGENCOSHO-184.84,,Will Ungraded Price of the Gengar (Cosmos Holo) (EB Games Exclusive) on Collectr be above $184.84 on ?,,,active,2026-09-01T03:59:00Z,345.0,62.27395578070947,1000.0,5000.0,0.67,0.32,0.9999999999999953,114.0,18.0,139.7933357430063,2000.0,3409.94,2055.98
05896ad3-93b5-446e-a7bb-3fb4672a9414,KXPOKEMON-26AUGMEGCHAXE-34.66,,Will Ungraded Price of the Mega Charizard X ex on Collectr be above $34.66 on ?,,,active,2026-09-01T03:59:00Z,345.0,62.27395577966867,1000.0,5000.0,0.44,0.55,1.0000000000000009,1756.8,646.0,1661.65625,2000.0,1311.0,1035.0
54d0d0db-63e3-4b72-9a24-2f43e419a591,KXPOKEMON-26AUGMEGCHAYE-445.06,,Will Ungraded Price of the Mega Charizard Y ex on Collectr be above $445.06 on ?,,,active,2026-09-01T03:59:00Z,345.0,62.273955778627865,1000.0,5000.0,0.29,0.67,3.9999999999999925,28.72,27.6,542.1607760692023,2000.0,1932.7,403.0
26ad59de-f886-4093-9983-d46e3f802355,KXPOKEMON-26AUGMEGDRAEX-735.23,,Will Ungraded Price of the Mega Dragonite ex on Collectr be above $735.23 on ?,,,active,2026-09-01T03:59:00Z,345.0,62.27395577745695,1000.0,5000.0,0.42,0.57,1.000000000000012,154.23,2695.53,1154.2300000228017,2000.0,2609.03,4.47
b624bdbd-ee67-4802-9bb9-07d1492cdc34,KXPOKEMON-26AUGMEGGENEX-1215.62,,Will Ungraded Price of the Mega Gengar ex on Collectr be above $1215.62 on ?,,,active,2026-09-01T03:59:00Z,345.0,62.273955776416145,1000.0,5000.0,0.25,0.7,5.000000000000004,13.0,701.0,790.0743430256844,2000.0,811.28,143.0
4bfcbf13-88a9-4e1f-b16c-b1422ed43f0a,KXPOKEMON-26AUGPERORDBO-174.86,,Will Ungraded Price of the Perfect Order Booster Box on Collectr be above $174.86 on ?,,,active,2026-09-01T03:59:00Z,345.0,62.27395577524524,1000.0,5000.0,0.52,0.47,1.0000000000000009,846.96,254.24,1474.1212304687501,2000.0,2427.98,1216.53
8f436bec-7c6d-46e1-b903-ed4193b5539c,KXPOKEMON-26AUGPERORDPO-119.2,,Will Ungraded Price of the Perfect Order Pokemon Center Elite Trainer Box on Collectr be above $119.2 on ?,,,active,2026-09-01T03:59:00Z,345.0,62.27395577433453,1000.0,5000.0,0.34,0.3,35.99999999999999,2360.2,39.2,1039.2061184797437,2000.0,241.0,142.0
d6298e2d-d3d0-4d17-9940-48827a120a10,KXPOKEMON-26AUGPHAFLABO-412.28,,Will Ungraded Price of the Phantasmal Flames Booster Box on Collectr be above $412.28 on ?,,,active,2026-09-01T03:59:00Z,345.0,62.273955773293736,1000.0,5000.0,0.37,0.6,3.0000000000000027,13.0,462.78,521.59566416864,2000.0,2235.0,856.11
011d3f83-ea03-4771-ada0-f08a75252af5,KXPOKEMON-26AUGPIKEX-1160.2,,Will Ungraded Price of the Pikachu ex on Collectr be above $1160.2 on ?,,,active,2026-09-01T03:59:00Z,345.0,62.27395577212282,1000.0,5000.0,0.4,0.59,1.0000000000000009,2006.0,2511.6,2000.0,2000.0,715.0,300.0
1fc10863-222f-47eb-9f21-7a90f338e197,KXPOKEMON-26AUGSQU-26.82,,Will Ungraded Price of the Squirtle on Collectr be above $26.82 on ?,,,active,2026-09-01T03:59:00Z,345.0,62.273955770951915,1000.0,5000.0,0.57,0.41,2.000000000000007,66.5,898.22,1015.696188659668,2000.0,2967.08,1141.72
98a68f94-24a8-4f88-9439-16ef01601550,KXPOKEMON-26AUGTEAROCMO-359.62,,Will Ungraded Price of the Team Rocket’s Moltres ex Ultra-Premium Collection on Collectr be above $359.62 on ?,,,active,2026-09-01T03:59:00Z,345.0,62.27395576965091,1000.0,5000.0,0.43,0.56,1.0000000000000009,1767.8,2065.0,2000.0,2000.0,706.0,0.0
ae7c8886-7500-4729-b3a7-3d55406390ca,KXAPRPOTUS-26AUG07-39.3,,Will the President's approval rating be between 39.2 and 39.4 according to RealClearPolitics?,39.2 to 39.4,,active,2026-08-07T15:00:00Z,125.0,18.637064019566186,300.0,5000.0,0.45,0.52,3.0000000000000027,373.78,272.77,579.5775,600.0,11646.17,5358.59
cef24727-a23d-41a6-bfd6-f3c23104da8e,KXAPRPOTUS-26AUG07-39.2,,Will the President's approval rating be below 39.2 according to RealClearPolitics?,0 or below,,active,2026-08-07T15:00:00Z,125.0,18.637064019566186,300.0,5000.0,0.39,0.57,4.0000000000000036,1.0,109.64,222.61233398437503,600.0,14843.28,8986.93
71f48e23-8804-4faa-8a56-ee1dcb6492ec,KXAPRPOTUS-26AUG07-40.9,,Will the President's approval rating be above 40.9 according to RealClearPolitics?,0 or above,,active,2026-08-07T15:00:00Z,125.0,18.637064019566186,300.0,5000.0,,0.99,,0.0,7966.6,300.0,300.0,6489.01,978.24
5ba99c6d-c815-4967-ad1b-b8242da04794,KXAPRPOTUS-26AUG07-39.9,,Will the President's approval rating be between 39.8 and 40.0 according to RealClearPolitics?,39.8 to 40.0,,active,2026-08-07T15:00:00Z,125.0,18.637064019566186,300.0,5000.0,0.02,0.95,3.0000000000000027,73.78,1333.54,486.89,600.0,5851.85,1472.23
b015c297-c652-4af5-bec0-37bbe86b0f78,KXAPRPOTUS-26AUG07-40.2,,Will the President's approval rating be between 40.1 and 40.3 according to RealClearPolitics?,40.1 to 40.3,,active,2026-08-07T15:00:00Z,125.0,18.637064019566186,300.0,5000.0,0.01,0.98,1.0000000000000009,125.0,1206.5,425.0,425.0,5502.43,1354.18
aa0a64c2-30e0-458d-a9e6-575e67fd33f5,KXAPRPOTUS-26AUG07-40.8,,Will the President's approval rating be between 40.7 and 40.9 according to RealClearPolitics?,40.7 to 40.9,,active,2026-08-07T15:00:00Z,125.0,18.637064019566186,300.0,5000.0,,0.99,,0.0,1082.2,300.0,300.0,3225.79,1258.8
b32e6aee-412e-4175-8de3-0cb4422b1c78,KXAPRPOTUS-26AUG07-39.6,,Will the President's approval rating be between 39.5 and 39.7 according to RealClearPolitics?,39.5 to 39.7,,active,2026-08-07T15:00:00Z,125.0,18.637064019566186,300.0,5000.0,0.11,0.87,2.0000000000000018,79.29,310.16,390.00625,600.0,8235.73,2284.8
d1692a77-6f79-4e0d-9e61-75e311b12b72,KXAPRPOTUS-26AUG07-40.5,,Will the President's approval rating be between 40.4 and 40.6 according to RealClearPolitics?,40.4 to 40.6,,active,2026-08-07T15:00:00Z,125.0,18.637064019566186,300.0,5000.0,,0.99,,0.0,743.05,300.0,300.0,4861.47,1352.31
d2ddfad7-bf0d-4c58-af3d-fd15a3cac4f4,KXRAIN-26AUG06-DC,,"Will it rain in Washington DC on Aug 6, 2026?",,,active,2026-08-07T04:00:00Z,100.0,56.03112840466925,1000.0,5000.0,0.59,0.37,4.0000000000000036,41.58,21.0,77.60008465676232,1999.9999999999998,1739.0,2291.72
84247370-ded5-4be0-9889-730d0f81833f,KXRAIN-26AUG07-NYC,,"Will it rain in New York City on Aug 7, 2026?",,,active,2026-08-08T04:00:00Z,100.0,56.03112840466925,1000.0,5000.0,0.29,0.29,42.0,5.0,5.0,121.99236715137957,2000.0000000000002,5.59,8.31
a4954be2-71a1-4598-ad68-ea0e86ae3fbc,KXRAIN-26AUG07-MIA,,"Will it rain in Miami on Aug 7, 2026?",,,active,2026-08-08T04:00:00Z,100.0,56.03112840466925,1000.0,5000.0,0.76,0.19,4.999999999999999,1.0,5.0,102.13144752502441,2000.0,251.52,251.52
c3a9d9f3-b035-4adc-8ac1-701b57b94251,KXRAIN-26AUG06-ATL,,"Will it rain in Atlanta on Aug 6, 2026?",,,active,2026-08-07T04:00:00Z,100.0,56.03112840466925,1000.0,5000.0,0.65,0.32,2.9999999999999973,47.0,25.0,72.23486772384035,2000.0,1081.63,1979.23
055e0942-6513-4f29-8cb9-a4c3d63ec2aa,KXRAIN-26AUG07-PHIL,,"Will it rain in Philadelphia on Aug 7, 2026?",,,active,2026-08-08T04:00:00Z,100.0,56.03112840466925,1000.0,5000.0,0.68,0.26,5.999999999999995,245.0,137.69,393.5875567662716,2000.0,127.78,131.1
3f1b20ec-d77d-4be3-8a50-3624e8486c0f,KXRAIN-26AUG06-BOS,,"Will it rain in Boston on Aug 6, 2026?",,,active,2026-08-07T04:00:00Z,100.0,56.03112840466925,1000.0,5000.0,0.28,0.69,3.0000000000000027,52.77,46.23,103.32977833360083,2000.0,1454.53,2307.15
d700ee2d-a6c1-431c-b974-762cc68198a7,KXRAIN-26AUG06-PHIL,,"Will it rain in Philadelphia on Aug 6, 2026?",,,active,2026-08-07T04:00:00Z,100.0,56.03112840466925,1000.0,5000.0,0.45,0.49,6.000000000000005,26.63,2.0,44.75303184188113,2000.0000000000002,2392.77,4013.23
3401039f-d213-4707-b9aa-dd76ad4c3305,KXRAIN-26AUG07-ATL,,"Will it rain in Atlanta on Aug 7, 2026?",,,active,2026-08-08T04:00:00Z,100.0,56.03112840466925,1000.0,5000.0,0.48,0.39,13.0,5.0,5.0,20.331470012144766,2000.0,16.96,15.96
ecedd4b4-10b9-41ec-b8d2-31e53fc6da2d,KXRAIN-26AUG07-DC,,"Will it rain in Washington DC on Aug 7, 2026?",,,active,2026-08-08T04:00:00Z,100.0,56.03112840466925,1000.0,5000.0,0.29,0.4,30.999999999999993,5.0,5.0,11.172508831459709,2000.0,16.0,16.0
ce9895c5-019f-4ed1-a2d0-9ee45d4c2722,KXRAIN-26AUG06-MIA,,"Will it rain in Miami on Aug 6, 2026?",,,active,2026-08-07T04:00:00Z,100.0,56.03112840466925,1000.0,5000.0,0.83,0.07,10.000000000000004,20.0,111.03,220.42640625,2000.0,2272.87,2896.71
7c96127f-06c5-48aa-8945-90ec0bc272ed,KXRAIN-26AUG07-BOS,,"Will it rain in Boston on Aug 7, 2026?",,,active,2026-08-08T04:00:00Z,100.0,56.03112840466925,1000.0,5000.0,0.54,0.4,5.999999999999995,1.0,2.0,27.30507265916023,2000.0,55.13,60.13
2fc69a86-326c-46dc-aa85-30d054d79591,KXRAIN-26AUG06-NYC,,"Will it rain in New York City on Aug 6, 2026?",,,active,2026-08-07T04:00:00Z,100.0,56.03112840466925,1000.0,5000.0,0.99,,,333686.31,0.0,1000.0,1000.0,7411.06,13889.27
23c5530c-184b-4ba0-84e6-af3b61977368,KXRFKVACCINE-26AUG-27JAN01,,"Will the U.S. Department of Health and Human Services (HHS), including the Centers for Disease Control and Prevention (CDC) announce an officially adopted federal childhood and adolescent immunization schedule that routinely recommends vaccines against fewer than 11 diseases before Jan 1, 2027?",,,active,2027-01-01T04:59:00Z,285.0,55.632215198492254,1000.0,5000.0,0.21,0.78,1.0000000000000009,4435.0,754.0,1877.0,2000.0,0.0,0.0
15c098b3-a29d-47b0-bb3f-3d37a8e264c0,KXLOOMERADMIN-27JAN01-LLOO,,"Will Laura Loomer join the Trump administration before Jan 1, 2027?",,,active,2027-01-01T04:59:00Z,285.0,55.17718233869654,1000.0,5000.0,0.14,0.85,1.0000000000000009,4410.0,3595.01,2000.0,2000.0,0.0,0.0
be9625f1-6dd1-475b-ae4e-2f2c59a06de8,KXRAIN-26AUG06-MIN,,"Will it rain in Minneapolis on Aug 6, 2026?",,,active,2026-08-07T05:00:00Z,100.0,54.752851711026615,1000.0,5000.0,,0.98,,0.0,1015.0,1000.0,1000.0,3251.59,5019.1
9be92928-56a2-41cc-b73b-7f792354ce4b,KXRAIN-26AUG06-OKC,,"Will it rain in Oklahoma City on Aug 6, 2026?",,,active,2026-08-07T05:00:00Z,100.0,54.752851711026615,1000.0,5000.0,0.06,0.91,2.9999999999999916,16.8,31.5,142.65000000093136,2000.0,1138.62,5109.19
6ea78931-116a-4ae5-b217-bd43a43fb354,KXRAIN-26AUG06-NOLA,,"Will it rain in New Orleans on Aug 6, 2026?",,,active,2026-08-07T05:00:00Z,100.0,54.752851711026615,1000.0,5000.0,0.74,0.24,2.0000000000000018,24.3,36.7,118.3738096047613,2000.0,1259.43,2321.91
bd048e3c-dc55-4a1c-80da-5f1b7a9b4027,KXRAIN-26AUG06-DAL,,"Will it rain in Dallas on Aug 6, 2026?",,,active,2026-08-07T05:00:00Z,100.0,54.752851711026615,1000.0,5000.0,,0.99,,0.0,1039.07,1000.0,1000.0,1950.75,1925.68
8b7249bb-c85a-4243-bfbe-7fefd51f48ea,KXRAIN-26AUG07-DAL,,"Will it rain in Dallas on Aug 7, 2026?",,,active,2026-08-08T05:00:00Z,100.0,54.752851711026615,1000.0,5000.0,0.03,0.95,2.0000000000000018,2.0,101.0,620.247235183774,2000.0,257.49,258.49
d5f27afc-96b7-4cd0-8f92-d6a3e4eec489,KXRAIN-26AUG06-CHI,,"Will it rain in Chicago on Aug 6, 2026?",,,active,2026-08-07T05:00:00Z,100.0,54.752851711026615,1000.0,5000.0,0.54,0.43,2.9999999999999973,8.0,20.0,46.863383568589356,1999.9999999999998,2965.38,7083.72
b98d977b-20d9-4228-95ce-1b65f18734ef,KXRAIN-26AUG07-HOU,,"Will it rain in Houston on Aug 7, 2026?",,,active,2026-08-08T05:00:00Z,100.0,54.752851711026615,1000.0,5000.0,0.28,0.64,7.9999999999999964,3.0,1.0,4.331640230579502,2000.0,0.0,0.0
d75473b1-8e67-4b91-919c-f2b7e2f0ac29,KXRAIN-26AUG07-SATX,,"Will it rain in San Antonio on Aug 7, 2026?",,,active,2026-08-08T05:00:00Z,100.0,54.752851711026615,1000.0,5000.0,0.01,0.98,1.0000000000000009,7610.0,1.0,1014.0000000015065,2000.0,116.0,118.0
ff04ca0a-bf5a-40d6-87de-824c9337ce9c,KXRAIN-26AUG07-AUS,,"Will it rain in Austin on Aug 7, 2026?",,,active,2026-08-08T05:00:00Z,100.0,54.752851711026615,1000.0,5000.0,0.02,0.96,2.0000000000000018,868.0,700.0,1648.1250001863518,2000.0,58.0,60.0
22e31f1d-e039-4c8d-83f2-3bc8de9978f4,KXRAIN-26AUG07-NOLA,,"Will it rain in New Orleans on Aug 7, 2026?",,,active,2026-08-08T05:00:00Z,100.0,54.752851711026615,1000.0,5000.0,0.43,0.37,20.000000000000007,5.0,5.0,15.068808406186507,2000.0,129.78,130.78
a2a4c62a-3034-4fa1-8d7f-6138f24d4090,KXRAIN-26AUG07-CHI,,"Will it rain in Chicago on Aug 7, 2026?",,,active,2026-08-08T05:00:00Z,100.0,54.752851711026615,1000.0,5000.0,0.18,0.81,1.0000000000000009,15.0,158.02,223.7566027925177,2000.0,128.65,128.65
b614259c-f23d-4f51-b90e-13a9247ba766,KXRAIN-26AUG07-OKC,,"Will it rain in Oklahoma City on Aug 7, 2026?",,,active,2026-08-08T05:00:00Z,100.0,54.752851711026615,1000.0,5000.0,0.15,0.83,2.0000000000000018,6.0,1.0,17.644946289069775,2000.0,76.4,76.4
0f838199-5ffa-499a-ac00-b9249ba3d2c9,KXRAIN-26AUG07-MIN,,"Will it rain in Minneapolis on Aug 7, 2026?",,,active,2026-08-08T05:00:00Z,100.0,54.752851711026615,1000.0,5000.0,0.28,0.42,30.0,5.0,5.0,43.70526504675763,2000.0,18.0,9.0
3f7a8042-bf65-4ee1-b4c6-004343024f9b,KXRAIN-26AUG06-HOU,,"Will it rain in Houston on Aug 6, 2026?",,,active,2026-08-07T05:00:00Z,100.0,54.752851711026615,1000.0,5000.0,0.7,0.29,1.0000000000000064,1.0,37.0,72.0947297785065,1999.9999999999998,1622.85,2324.98
13962c8f-3b3e-4d1e-bac3-71fc52a149bf,KXRAIN-26AUG06-SATX,,"Will it rain in San Antonio on Aug 6, 2026?",,,active,2026-08-07T05:00:00Z,100.0,54.752851711026615,1000.0,5000.0,0.04,0.95,1.0000000000000009,62.53,215.7,395.4187500002328,2000.0,715.43,1230.96
d91c571c-8105-4906-9b9d-f52408b3d03e,KXRAIN-26AUG06-AUS,,"Will it rain in Austin on Aug 6, 2026?",,,active,2026-08-07T05:00:00Z,100.0,54.752851711026615,1000.0,5000.0,,0.99,,0.0,5131.68,1000.0,1000.0,6453.96,7508.06
28c4e794-b051-4c36-a59b-e2f320da93ec,KXADJOURNRECESS-26AUG-AUG10,,"Will the Senate vote on any motion, resolution, or order whose adoption would begin or provide for the Senate’s scheduled August 2026 break, including through pro forma sessions?",,,active,2026-08-10T14:00:00Z,285.0,54.73533999660388,1000.0,5000.0,0.4,0.59,1.0000000000000009,127.0,40.0,209.50738688157378,2000.0,921.87,63.0
0fbda432-1ff1-4e64-b828-ffc5a36af3db,KXRAIN-26AUG06-DEN,,"Will it rain in Denver on Aug 6, 2026?",,,active,2026-08-07T06:00:00Z,100.0,53.531598513011154,1000.0,5000.0,,0.99,,0.0,758.52,879.26,1000.0,1678.12,1939.6
610009f3-4a3b-47bb-ac89-52290b7024f3,KXRAIN-26AUG07-DEN,,"Will it rain in Denver on Aug 7, 2026?",,,active,2026-08-08T06:00:00Z,100.0,53.531598513011154,1000.0,5000.0,0.01,0.98,1.0000000000000009,7925.0,3500.0,2000.0,2000.0,60.0,60.0
ef63a211-d197-4e89-8589-f83ebc67c611,KXPRIMARYPLACE-SCRSENS26-1-MSAN,,Will Mark Sanford finish 1st in the first round of the 2026 South Carolina Republican Senate special primary?,,,active,2027-08-11T14:00:00Z,350.0,53.51526550439415,1000.0,5000.0,0.01,0.98,1.0000000000000009,23693.0,18734.01,2000.0,2000.0,6991.0,28.0
79983bb3-6e51-44fe-888d-1c350ce748c9,KXPRIMARYPLACE-SCRSENS26-1-RFRY,,Will Russell Fry finish 1st in the first round of the 2026 South Carolina Republican Senate special primary?,,,active,2027-08-11T14:00:00Z,350.0,53.51526550373121,1000.0,5000.0,0.11,0.86,3.0000000000000027,1772.0,1350.0,2000.0,2000.0,8710.93,5460.0
5d3fb620-f43f-478d-8424-8e48f4057526,KXPRIMARYPLACE-SCRSENS26-1-RNOR,,Will Ralph Norman finish 1st in the first round of the 2026 South Carolina Republican Senate special primary?,,,active,2027-08-11T14:00:00Z,350.0,53.51526550278416,1000.0,5000.0,0.24,0.75,1.0000000000000009,28.0,1250.0,1446.0,2000.0,9476.26,6072.44
51a96c5c-9abd-4e7f-abde-93ff2a865923,KXPRIMARYPLACE-SCRSENS26-1-DGRA,,Will Darline Graham finish 1st in the first round of the 2026 South Carolina Republican Senate special primary?,,,active,2027-08-11T14:00:00Z,350.0,53.515265499943006,1000.0,5000.0,0.65,0.34,0.9999999999999953,1000.0,2200.0,2000.0,2000.0,15558.26,14110.13
e47ad0fd-46f9-47f3-b2c9-f146a6bcec34,KXCENSUREEDWARDS-26NOV,,Will Congress censures Chuck Edwards before Nov 2026?,,,active,2026-11-03T04:59:00Z,285.0,53.45179056518728,1000.0,5000.0,0.42,0.57,1.000000000000012,125.0,125.49,694.7450066123903,2000.0,1974.33,647.84
152c134e-2ae8-4f85-8c40-a14175c66159,KXEOWEEK-26AUG08-0,,"Will the President sign more than 0 Executive Orders between Aug 2, 2026 and Aug 8, 2026?",,,active,2026-08-22T14:00:00Z,333.3333,15.937385918924178,300.0,5000.0,0.99,,,231046.81,0.0,300.0,300.0,3505.97,0.0
11452f96-fec0-4060-a809-91aecd2d11a3,KXEOWEEK-26AUG08-1,,"Will the President sign more than 1 Executive Orders between Aug 2, 2026 and Aug 8, 2026?",,,active,2026-08-22T14:00:00Z,333.3333,15.937385918924178,300.0,5000.0,0.29,0.7,1.0000000000000009,76.0,153.11,271.47812500000003,600.0,1782.27,1391.73
8489bdd2-79c0-4278-8dc9-32cdedc350d7,KXEOWEEK-26AUG08-2,,"Will the President sign more than 2 Executive Orders between Aug 2, 2026 and Aug 8, 2026?",,,active,2026-08-22T14:00:00Z,333.3333,15.937385918924178,300.0,5000.0,0.12,0.83,5.000000000000004,230.0,62.01,418.2575,600.0,517.97,89.01
8f1f0aa3-1308-4778-b723-1327c83d6aa3,KXEOWEEK-26AUG01-1,,"Will the President sign more than 1 Executive Orders between Jul 26, 2026 and Aug 1, 2026?",,,active,2026-08-15T14:00:00Z,333.3333,15.937345482003376,300.0,5000.0,,0.99,,0.0,22885.62,300.0,300.0,3045.99,0.0
294b6cc6-0df6-49c2-8c32-910f1780bbd9,KXEOWEEK-26AUG01-2,,"Will the President sign more than 2 Executive Orders between Jul 26, 2026 and Aug 1, 2026?",,,active,2026-08-15T14:00:00Z,333.3333,15.937345482003376,300.0,5000.0,,0.99,,0.0,14580.18,300.0,300.0,2673.93,0.0
c31f1f6a-aa59-4cab-ad02-e1e397cc4f6a,KXEOWEEK-26AUG01-0,,"Will the President sign more than 0 Executive Orders between Jul 26, 2026 and Aug 1, 2026?",,,active,2026-08-15T14:00:00Z,333.3333,15.937345482003376,300.0,5000.0,,0.99,,0.0,103638.09,300.0,300.0,5467.21,194.91
6585083f-8f43-4417-8000-6ae251e5fc38,KXEOWEEK-26JUL25-2,,"Will the President sign more than 2 Executive Orders between Jul 19, 2026 and Jul 25, 2026?",,,active,2026-08-08T14:00:00Z,333.3333,15.93726459055663,300.0,5000.0,,0.99,,0.0,108205.62,300.0,300.0,4817.59,0.0
82fe2946-e3d9-4895-93f3-80a670e7346d,KXCHINADATACENTER-26AUG-27JAN01,,"Will the Federal Communications Commission announce a decision to generally bar new models of data-center optical transceivers produced in China or by Chinese-controlled entities from U.S. equipment authorization, importation, or marketing before Jan 1, 2027?",,,active,2027-01-01T04:59:00Z,230.0,52.59028405173801,1000.0,5000.0,0.71,0.24,5.000000000000004,46.55,856.0,1021.7397491455079,2000.0,0.0,0.0
307d3c37-198f-4777-b41e-1e3582ff4aa7,KXRAIN-26AUG07-SEA,,"Will it rain in Seattle on Aug 7, 2026?",,,active,2026-08-08T07:00:00Z,100.0,52.36363636363636,1000.0,5000.0,0.01,0.98,1.0000000000000009,7665.0,1051.0,2000.0,2000.0,20.0,22.0
cb6193a2-4379-4149-bb6a-0eb4bf67ba6b,KXRAIN-26AUG07-LV,,"Will it rain in Las Vegas on Aug 7, 2026?",,,active,2026-08-08T07:00:00Z,100.0,52.36363636363636,1000.0,5000.0,0.01,0.98,1.0000000000000009,8005.0,3211.0,2000.0,2000.0,24.0,24.0
df1d76ee-0c1f-4c3e-96d0-890a5c5223e4,KXRAIN-26AUG07-LAX,,"Will it rain in Los Angeles on Aug 7, 2026?",,,active,2026-08-08T07:00:00Z,100.0,52.36363636363636,1000.0,5000.0,0.01,0.98,1.0000000000000009,7570.0,4231.0,2000.0,2000.0,50.0,50.0
a5fc042f-b3bb-46c7-afd7-51628ecc4ce6,KXRAIN-26AUG06-SEA,,"Will it rain in Seattle on Aug 6, 2026?",,,active,2026-08-07T07:00:00Z,100.0,52.36363636363636,1000.0,5000.0,,0.99,,0.0,431.55,715.7750000000001,1000.0,1666.53,2280.98
2a200b55-5cb4-4931-9a12-ba32751a5137,KXRAIN-26AUG07-PHX,,"Will it rain in Phoenix on Aug 7, 2026?",,,active,2026-08-08T07:00:00Z,100.0,52.36363636363636,1000.0,5000.0,0.05,0.94,1.0000000000000009,2.0,16.0,176.7506352066994,2000.0,266.0,266.0
27b4fcee-b6b2-4d46-9337-bbc3ab5df856,KXRAIN-26AUG06-SFO,,"Will it rain in San Francisco on Aug 6, 2026?",,,active,2026-08-07T07:00:00Z,100.0,52.36363636363636,1000.0,5000.0,,0.99,,0.0,947.56,973.78,1000.0,2120.11,3111.55
f770fe69-a3f3-4095-bb56-e0be1b6c7664,KXRAIN-26AUG06-LAX,,"Will it rain in Los Angeles on Aug 6, 2026?",,,active,2026-08-07T07:00:00Z,100.0,52.36363636363636,1000.0,5000.0,,0.99,,0.0,3173.48,1000.0,1000.0,4539.62,5014.55
77da6500-d032-43ee-8e3c-cddf9b40044e,KXRAIN-26AUG06-LV,,"Will it rain in Las Vegas on Aug 6, 2026?",,,active,2026-08-07T07:00:00Z,100.0,52.36363636363636,1000.0,5000.0,0.01,0.98,1.0000000000000009,1816.0,6885.54,2000.0,2000.0,2263.13,3769.13
07477964-a87d-4880-a4c5-207226ceb293,KXRAIN-26AUG07-SFO,,"Will it rain in San Francisco on Aug 7, 2026?",,,active,2026-08-08T07:00:00Z,100.0,52.36363636363636,1000.0,5000.0,0.01,0.98,1.0000000000000009,7500.0,898.0,1949.0,2000.0,19.0,19.0
7c13f994-7ad9-464e-b069-efbe7809cc0b,KXRAIN-26AUG06-PHX,,"Will it rain in Phoenix on Aug 6, 2026?",,,active,2026-08-07T07:00:00Z,100.0,52.36363636363636,1000.0,5000.0,0.08,0.91,1.0000000000000009,4.0,38.0,197.25425849815963,2000.0,2836.09,4362.01
68851251-f8e5-4eb3-ac3a-a750b6132d60,KXTRUMPUFC-26SEP-DJT,,Will Donald Trump attend UFC 331?,,,active,2026-09-20T14:00:00Z,285.0,51.83330940399964,1000.0,5000.0,0.05,0.94,1.0000000000000009,638.92,980.43,1809.675,2000.0,1185.42,660.28
c24dff38-e7f3-49b4-9680-b5655967896b,KXTRUMPUFC-26OCT-DJT,,Will Donald Trump attend UFC 332?,Yes,,active,2026-10-04T14:00:00Z,285.0,51.83330940312678,1000.0,5000.0,0.05,0.94,1.0000000000000009,458.4,2386.01,1551.1,2000.0,663.23,86.27
9516d91d-656b-4eb9-80c4-07c216da3459,KXTRUMPUFC-26OCT2-DJT,,Will Donald Trump attend UFC 333?,,,active,2026-10-25T14:00:00Z,285.0,51.83330940225392,1000.0,5000.0,0.04,0.95,1.0000000000000009,1779.34,3525.36,2000.0,2000.0,1031.66,388.03
3c91c2ef-f175-46f5-8169-39455c176cf1,KXCOMEYDISMISS-27-27JAN01,,"Will United States of America v. James Brien Comey, Jr. have their case dismissed before Jan 1, 2027?",,,active,2027-01-01T04:59:00Z,230.0,51.60551044343858,1000.0,5000.0,0.86,0.13,1.0000000000000009,25.0,157.0,432.67740237236023,2000.0,0.0,0.0
97729a55-ef4a-4d73-b5a4-fea3438b3b44,KXCOMEYDISMISS-27-26OCT01,,"Will United States of America v. James Brien Comey, Jr. have their case dismissed before Oct 1, 2026?",,,active,2026-10-01T03:59:00Z,230.0,51.605510438748084,1000.0,5000.0,0.68,0.31,0.9999999999999953,150.0,1606.0,1250.0151062011719,2000.0,2166.83,2723.83
90a9ee3f-dbac-4bed-9d5b-581f8d6f2a4f,KXTECHLAYOFF-26JUL-2.3,,Tech layoffs up in July 2026?,2.3%,,active,2026-09-01T13:59:00Z,230.0,51.12909043838624,1000.0,5000.0,0.19,0.8,1.0000000000000009,51.0,45.0,584.0626564362645,2000.0,0.0,0.0
c764933f-d4d7-47ff-b8e2-92af7fd6906f,KXOSNABRUCKMAYOR-26SEP13-AFD,,Will AfD win the 2026 Osnabrück mayoral election?,:: Thorsten Wassermann,,active,2027-09-13T14:00:00Z,250.0,48.40103713389313,1000.0,5000.0,0.04,0.95,1.0000000000000009,18337.0,13493.01,2000.0,2000.0,13.0,1.0
c475a1d8-73c9-494d-a1c9-124c2e058b15,KXOSNABRUCKMAYOR-26SEP13-SPD,,Will SPD win the 2026 Osnabrück mayoral election?,:: Robert Alferink,,active,2027-09-13T14:00:00Z,250.0,48.40103713335084,1000.0,5000.0,0.32,0.67,0.9999999999999898,3916.0,2972.01,2000.0,2000.0,4.0,1.0
86cbaf63-91ff-4125-a72a-51f66863aef2,KXOSNABRUCKMAYOR-26SEP13-GRE,,Will Greens win the 2026 Osnabrück mayoral election?,:: Volker Bajus,,active,2027-09-13T14:00:00Z,250.0,48.40103713280856,1000.0,5000.0,0.05,0.94,1.0000000000000009,21612.0,9190.01,2000.0,2000.0,4.0,2.0
04ff15d1-d3e9-4f4b-98dc-0bac204b06e3,KXOSNABRUCKMAYOR-26SEP13-CDU,,Will CDU win the 2026 Osnabrück mayoral election?,:: Katharina Pötter,,active,2027-09-13T14:00:00Z,250.0,48.401037132266275,1000.0,5000.0,0.57,0.42,1.0000000000000064,3224.01,2841.0,2000.0,2000.0,7.0,3.0
5f729a29-f15f-47bb-9525-4b34d2459f4b,KXTRUTHSOCIAL-26AUG08-B230,,"Will Donald Trump make between 220 and 240 Truth Social posts the week of Aug 2, 2026?",,,active,2026-08-09T13:59:00Z,100.0,14.462024948129919,300.0,5000.0,0.15,0.81,3.9999999999999925,65.0,2213.08,473.75,600.0,18068.03,2749.27
4e7fcf8d-46c7-4b56-8868-647339246a42,KXTRUTHSOCIAL-26AUG08-B109,,"Will Donald Trump make between 100 and 119 Truth Social posts the week of Aug 2, 2026?",,,active,2026-08-09T13:59:00Z,100.0,14.462024948129919,300.0,5000.0,,0.99,,0.0,45950.91,300.0,300.0,7266.41,0.0
45d99eb1-bfc4-4c06-ad02-6849419a3ed6,KXTRUTHSOCIAL-26AUG08-B149,,"Will Donald Trump make between 140 and 159 Truth Social posts the week of Aug 2, 2026?",,,active,2026-08-09T13:59:00Z,100.0,14.462024948129919,300.0,5000.0,,0.99,,0.0,410.0,300.0,300.0,9360.14,1220.54
73cb76b8-abd3-44b2-bf01-ad2342f0b524,KXTRUTHSOCIAL-26AUG08-T80,,"Will Donald Trump make below 80 Truth Social posts the week of Aug 2, 2026?",,,active,2026-08-09T13:59:00Z,100.0,14.462024948129919,300.0,5000.0,,0.99,,0.0,43302.24,300.0,300.0,14661.31,2152.98
048c0ab8-68cd-4727-a17f-251191434ea9,KXTRUTHSOCIAL-26AUG08-B129,,"Will Donald Trump make between 120 and 139 Truth Social posts the week of Aug 2, 2026?",,,active,2026-08-09T13:59:00Z,100.0,14.462024948129919,300.0,5000.0,,0.99,,0.0,45369.96,300.0,300.0,7633.5,187.03
0f281c4c-e3c3-47b7-8260-6781bea0b8d2,KXTRUTHSOCIAL-26AUG08-B189,,"Will Donald Trump make between 180 and 199 Truth Social posts the week of Aug 2, 2026?",,,active,2026-08-09T13:59:00Z,100.0,14.462024948129919,300.0,5000.0,0.3,0.68,1.9999999999999907,246.62,525.01,573.31,600.0,9936.73,4120.65
d3f44882-0a69-4e0f-9fca-ce699d8420c2,KXTRUTHSOCIAL-26AUG08-T240,,"Will Donald Trump make above 240 Truth Social posts the week of Aug 2, 2026?",,,active,2026-08-09T13:59:00Z,100.0,14.462024948129919,300.0,5000.0,0.1,0.89,1.0000000000000009,459.25,200.01,550.005,600.0,15756.7,3804.18
19345730-4be8-46f3-8cf1-6714be869509,KXTRUTHSOCIAL-26AUG08-B169,,"Will Donald Trump make between 160 and 179 Truth Social posts the week of Aug 2, 2026?",,,active,2026-08-09T13:59:00Z,100.0,14.462024948129919,300.0,5000.0,0.06,0.93,0.9999999999999898,10.0,1140.01,352.375,600.0,15819.33,11119.08
6b377abd-d70f-481e-881b-b989df03bf53,KXTRUTHSOCIAL-26AUG08-B89,,"Will Donald Trump make between 80 and 99 Truth Social posts the week of Aug 2, 2026?",,,active,2026-08-09T13:59:00Z,100.0,14.462024948129919,300.0,5000.0,,0.99,,0.0,43450.2,300.0,300.0,11942.0,0.0
e9841c89-29b6-4f39-ba4f-a7b5f4ae763b,KXTRUTHSOCIAL-26AUG08-B209,,"Will Donald Trump make between 200 and 219 Truth Social posts the week of Aug 2, 2026?",,,active,2026-08-09T13:59:00Z,100.0,14.462024948129919,300.0,5000.0,0.29,0.68,2.9999999999999916,36.0,1018.01,374.875,600.0,13438.32,1559.22
82c2f173-ac31-45af-9372-b6bb24c44019,KXTRUMPACT-26AUG02-T9,,"Will there be at least 9 presidential actions in the week of Aug 2, 2026?",,,active,2026-08-09T14:00:00Z,100.0,14.460621164377411,300.0,5000.0,0.05,0.92,2.9999999999999916,45.0,62.01,332.0075,600.0,151.02,127.03
5895fec2-bc8f-4467-aafc-e2e5c7c153eb,KXTRUMPACT-26AUG02-T10,,"Will there be at least 10 presidential actions in the week of Aug 2, 2026?",,,active,2026-08-09T14:00:00Z,100.0,14.460621164377411,300.0,5000.0,0.05,0.94,1.0000000000000009,8.0,41.0,165.25375,600.0,834.03,0.0
de806147-3077-407b-9948-fac3fe385127,KXTRUMPACT-26AUG02-T2,,"Will there be at least 2 presidential actions in the week of Aug 2, 2026?",,,active,2026-08-09T14:00:00Z,100.0,14.460621164377411,300.0,5000.0,0.97,0.02,1.0000000000000027,1125.28,781.66,600.0,600.0,7386.79,1665.71
24034399-a717-4f9a-8825-21bccf45d13d,KXTRUMPACT-26AUG02-T1,,"Will there be at least 1 presidential actions in the week of Aug 2, 2026?",,,active,2026-08-09T14:00:00Z,100.0,14.460621164377411,300.0,5000.0,0.99,,,35442.43,0.0,300.0,300.0,4884.58,0.0
3bda266c-767f-4ef7-96de-4b87573a008d,KXTRUMPACT-26AUG02-T8,,"Will there be at least 8 presidential actions in the week of Aug 2, 2026?",,,active,2026-08-09T14:00:00Z,100.0,14.460621164377411,300.0,5000.0,0.09,0.9,1.0000000000000009,8.0,41.0,181.59625,600.0,289.86,27.27
2a57601b-efc5-4531-ab16-4c6535c0b000,KXTRUMPACT-26AUG02-T7,,"Will there be at least 7 presidential actions in the week of Aug 2, 2026?",,,active,2026-08-09T14:00:00Z,100.0,14.460621164377411,300.0,5000.0,0.12,0.85,3.0000000000000027,8.0,58.0,189.31625,600.0,1603.62,21.19
908e66ca-ae6c-4671-8a00-1201e14aa06f,KXTRUMPACT-26AUG02-T5,,"Will there be at least 5 presidential actions in the week of Aug 2, 2026?",,,active,2026-08-09T14:00:00Z,100.0,14.460621164377411,300.0,5000.0,0.28,0.68,3.9999999999999925,125.0,1.0,237.75187499999998,600.0,1089.59,627.62
8ff36cb6-8d73-4470-b088-02e53e55f549,KXTRUMPACT-26AUG02-T15,,"Will there be at least 15 presidential actions in the week of Aug 2, 2026?",,,active,2026-08-09T14:00:00Z,100.0,14.460621164377411,300.0,5000.0,,0.99,,0.0,810.0,300.0,300.0,1074.0,1372.0
bb1351c1-5e74-4d33-9ffb-d4924a3770b7,KXTRUMPACT-26AUG02-T4,,"Will there be at least 4 presidential actions in the week of Aug 2, 2026?",,,active,2026-08-09T14:00:00Z,100.0,14.460621164377411,300.0,5000.0,0.52,0.47,1.0000000000000009,8.0,65.59,198.628203125,600.0,868.8,99.73
9c934344-40d9-419a-9e22-fb77181edbc7,KXTRUMPACT-26AUG02-T3,,"Will there be at least 3 presidential actions in the week of Aug 2, 2026?",,,active,2026-08-09T14:00:00Z,100.0,14.460621164377411,300.0,5000.0,0.75,0.24,1.0000000000000009,8.0,68.0,180.79828125,600.0,2386.42,1261.47
c2895de1-d607-4f51-b3df-4199e1c15bbb,KXDSAMEMBERSHIP-26DEC31-A160000,,Will the organization-wide number of Democratic Socialists of America members in good standing be above 160000 as reported for December 2026?,,,active,2027-02-07T14:59:00Z,250.0,46.17695055652162,1000.0,5000.0,0.49,0.5,1.0000000000000009,714.0,638.73,1539.5475000000001,2000.0,1160.28,1500.54
66418bca-adab-42e1-af4b-3ea250a32ae9,KXDSAMEMBERSHIP-26DEC31-A150000,,Will the organization-wide number of Democratic Socialists of America members in good standing be above 150000 as reported for December 2026?,,,active,2027-02-07T14:59:00Z,250.0,46.17695055583059,1000.0,5000.0,0.63,0.36,1.0000000000000009,2165.01,2546.15,2000.0,2000.0,417.0,22.85
1f032a0c-5640-42fe-b800-f80c539b0c90,KXDSAMEMBERSHIP-26DEC31-A140000,,Will the organization-wide number of Democratic Socialists of America members in good standing be above 140000 as reported for December 2026?,,,active,2027-02-07T14:59:00Z,250.0,46.176950554744685,1000.0,5000.0,0.81,0.18,0.9999999999999953,3553.01,3545.0,2000.0,2000.0,338.0,222.0
e933e058-03bf-4dbb-9295-22de460b6ab0,KXDSAMEMBERSHIP-26DEC31-A130000,,Will the organization-wide number of Democratic Socialists of America members in good standing be above 130000 as reported for December 2026?,,,active,2027-02-07T14:59:00Z,250.0,46.17695055128956,1000.0,5000.0,0.94,0.05,1.000000000000005,9176.01,6742.0,2000.0,2000.0,1312.0,400.0
0d3244df-51c7-43a4-b717-a13df44cacc4,KXTOPMODEL-26AUG31-CLAUM,,What will be the top AI model this month?,,,active,2026-08-31T14:00:00Z,240.0,43.321012726518305,1000.0,5000.0,0.8,0.19,0.9999999999999953,844.28,1796.69,1853.7878172683716,2000.0,473.87,341.29
1786f4b1-9dea-4c13-8abf-4fe137bf966d,KXTOPMODEL-26AUG31-CLAUF,,What will be the top AI model this month?,,,active,2026-08-31T14:00:00Z,240.0,43.32101272597528,1000.0,5000.0,0.01,0.98,1.0000000000000009,2577.25,30297.93,2000.0,2000.0,3333.79,0.0
d272ade3-1b4c-462c-810f-ee1b2b6e24a5,KXTOPMODEL-26AUG31-CLAU7,,What will be the top AI model this month?,,,active,2026-08-31T14:00:00Z,240.0,43.32101272552275,1000.0,5000.0,,0.99,,0.0,106449.46,1000.0,1000.0,6132.46,0.0
b01710cb-cb41-4ea7-8eb8-05cd8aba3834,KXTOPMODEL-26AUG31-CLAU5,,What will be the top AI model this month?,,,active,2026-08-31T14:00:00Z,240.0,43.321012724979724,1000.0,5000.0,0.08,0.91,1.0000000000000009,2193.09,1001.0,2000.0,2000.0,4049.5,11.48
3473ad3b-c5e8-45f3-bf30-37b2a9a55bbc,KXTOPMODEL-26AUG31-CLAUT,,What will be the top AI model this month?,,,active,2026-08-31T14:00:00Z,240.0,43.32101272443669,1000.0,5000.0,0.08,0.91,1.0000000000000009,2918.0,1481.0,2000.0,2000.0,1158.17,50.0
9d9d4ff0-7983-4f11-b0a0-cc159a01c1c6,KXFEAR-26AUG28-XGREE,,"Fear & Greed Index on Aug 28, 2026?",,,active,2026-09-04T20:00:00Z,240.0,43.3210127081458,1000.0,5000.0,0.03,0.96,1.0000000000000009,26769.0,7870.0,2000.0,2000.0,530.0,0.0
6ec292aa-2585-46f2-b57b-4d9edbdab153,KXFEAR-26AUG28-GREE,,"Fear & Greed Index on Aug 28, 2026?",,,active,2026-09-04T20:00:00Z,240.0,43.321012707602776,1000.0,5000.0,0.26,0.73,1.0000000000000009,7455.0,3756.0,2000.0,2000.0,451.0,0.0
c0e73dfe-5b3b-4d75-a62c-8b88d456c615,KXFEAR-26AUG28-NEUT,,"Fear & Greed Index on Aug 28, 2026?",,,active,2026-09-04T20:00:00Z,240.0,43.321012706969235,1000.0,5000.0,0.22,0.77,1.0000000000000009,9315.0,3742.0,2000.0,2000.0,528.0,0.0
79c45bcf-9be2-49b8-944f-11b8d42ecd2b,KXFEAR-26AUG28-FEAR,,"Fear & Greed Index on Aug 28, 2026?",,,active,2026-09-04T20:00:00Z,240.0,43.32101270606419,1000.0,5000.0,0.36,0.63,1.0000000000000009,3989.0,3617.0,2000.0,2000.0,1023.0,0.0
f2ad0950-4308-4ae4-9b3f-de20b53fc305,KXFEAR-26AUG28-XFEAR,,"Fear & Greed Index on Aug 28, 2026?",,,active,2026-09-04T20:00:00Z,240.0,43.32101270271551,1000.0,5000.0,0.09,0.9,1.0000000000000009,10795.0,7574.0,2000.0,2000.0,527.0,0.0
73d65411-cf62-4ea4-ab8a-a322a0445bb2,KXSENATEMND-26-PFLA,,Will Peggy Flanagan be the Democratic nominee for the Senate in Minnesota?,,,active,2026-11-03T15:00:00Z,500.0,40.309035942223716,1000.0,5000.0,0.83,0.16,1.0000000000000036,4.57,2016.85,1502.2849999999999,2000.0,89066.7,18655.49
24467f49-0b46-4680-bea6-1e84cfce5f5e,KXSENATEMND-26-ACRA,,Will Angie Craig be the Democratic nominee for the Senate in Minnesota?,,,active,2026-11-03T15:00:00Z,500.0,40.309035942223716,1000.0,5000.0,0.16,0.83,1.0000000000000009,4734.26,1725.0,2000.0,2000.0,91144.47,11061.99
aa964451-7e7d-4a6c-b336-7032225c84e8,KXCBDECISIONINDIA-26OCT07-H25P,,Will the Reserve Bank of India Hike more than 25bps at the October Monetary Policy Committee meeting?,,,active,2026-10-07T04:29:00Z,200.0,39.35567535518046,1000.0,5000.0,0.14,0.85,1.0000000000000009,5354.0,1755.01,2000.0,2000.0,52.0,0.0
0ba70b08-1d0e-4c04-b362-41e93a40dd04,KXCBDECISIONINDIA-26OCT07-H25,,Will the Reserve Bank of India Hike 1-25bps at the October Monetary Policy Committee meeting?,,,active,2026-10-07T04:29:00Z,200.0,39.355675354642656,1000.0,5000.0,0.23,0.76,1.0000000000000009,4238.0,649.01,1649.0286767578125,2000.0,20.0,0.0
91ff618b-8ae3-4413-bc2e-f576e74716a8,KXCBDECISIONINDIA-26OCT07-HOLD,,Will the Reserve Bank of India Maintain current rate at the October Monetary Policy Committee meeting?,,,active,2026-10-07T04:29:00Z,200.0,39.35567535401522,1000.0,5000.0,0.52,0.47,1.0000000000000009,933.8,990.42,1925.4175000077066,2000.0,78.01,1.79
65872a53-e22f-4207-9323-5eafc616bf3e,KXCBDECISIONINDIA-26OCT07-C25,,Will the Reserve Bank of India Cut 1-25bps at the October Monetary Policy Committee meeting?,,,active,2026-10-07T04:29:00Z,200.0,39.35567535311888,1000.0,5000.0,0.03,0.96,1.0000000000000009,16336.0,1688.01,2000.0,2000.0,248.0,0.0
6d7064b9-9839-4ad8-a5c7-e6f3f23aa345,KXCBDECISIONINDIA-26OCT07-C25P,,Will the Reserve Bank of India Cut more than 25bps at the October Monetary Policy Committee meeting?,,,active,2026-10-07T04:29:00Z,200.0,39.35567535025061,1000.0,5000.0,0.02,0.97,1.0000000000000009,5934.0,4007.01,2000.0,2000.0,241.0,0.0
d169dd7d-711e-436d-83cc-0404428e6144,KXHANNOVERMAYOR-26SEP13-DLIN,,Will Die Linke win the 2026 Hannover mayoral election?,:: Maren Kaminski,,active,2027-09-13T14:00:00Z,200.0,38.72082971049834,1000.0,5000.0,0.01,0.98,1.0000000000000009,10428.0,14332.01,2000.0,2000.0,2797.0,0.0
e86186ef-20f8-4e9b-9420-bf8400c5bd56,KXHANNOVERMAYOR-26SEP13-AFD,,Will AfD win the 2026 Hannover mayoral election?,:: Jessica Schülke,,active,2027-09-13T14:00:00Z,200.0,38.72082970997775,1000.0,5000.0,0.02,0.97,1.0000000000000009,8358.0,15198.01,2000.0,2000.0,586.0,0.0
0fa78f72-e3aa-4064-b1a8-27799e179843,KXHANNOVERMAYOR-26SEP13-SPD,,Will SPD win the 2026 Hannover mayoral election?,:: Axel von der Ohe,,active,2027-09-13T14:00:00Z,200.0,38.720829709196856,1000.0,5000.0,0.39,0.6,1.0000000000000009,5437.0,3507.01,2000.0,2000.0,45.0,0.0
b972be57-6c19-426e-b399-e81864d4a68a,KXHANNOVERMAYOR-26SEP13-CDU,,Will CDU win the 2026 Hannover mayoral election?,:: Peter Karst,,active,2027-09-13T14:00:00Z,200.0,38.72082970867627,1000.0,5000.0,0.05,0.94,1.0000000000000009,16455.0,5241.01,2000.0,2000.0,173.0,0.0
b360e639-8cca-4d72-a65d-842fa8f0612e,KXHANNOVERMAYOR-26SEP13-GRE,,Will Greens win the 2026 Hannover mayoral election?,:: Belit Onay,,active,2027-09-13T14:00:00Z,200.0,38.72082970815568,1000.0,5000.0,0.48,0.51,1.0000000000000009,6395.0,709.0,1854.5,2000.0,45.0,0.0
faf23aaa-6bbe-41dc-9204-f8ca25c3c577,KXDDCOLDBREW-26SEP02-T4.48,,Will the average U.S. price of a Dunkin' medium cold brew for August 2026 be at least $4.48?,,,active,2026-09-02T03:59:00Z,200.0,38.10627309487172,1000.0,5000.0,0.05,0.94,1.0000000000000009,6315.0,3539.0,2000.0,2000.0,561.0,0.0
64f8000c-f587-4426-9a0b-84ae2065c135,KXDDCOLDBREW-26SEP02-T4.47,,Will the average U.S. price of a Dunkin' medium cold brew for August 2026 be at least $4.47?,,,active,2026-09-02T03:59:00Z,200.0,38.10627309445155,1000.0,5000.0,0.06,0.93,0.9999999999999898,6675.0,3462.0,2000.0,2000.0,695.0,0.0
40ee91ee-8eaf-4829-aa93-856b22bc2cbc,KXDDCOLDBREW-26SEP02-T4.46,,Will the average U.S. price of a Dunkin' medium cold brew for August 2026 be at least $4.46?,,,active,2026-09-02T03:59:00Z,200.0,38.10627309403139,1000.0,5000.0,0.15,0.84,1.0000000000000009,3458.0,3202.18,2000.0,2000.0,1561.0,59.02
85cbb0ad-c649-4751-bb36-2447533b4e89,KXDDCOLDBREW-26SEP02-T4.45,,Will the average U.S. price of a Dunkin' medium cold brew for August 2026 be at least $4.45?,,,active,2026-09-02T03:59:00Z,200.0,38.10627309361122,1000.0,5000.0,0.85,0.14,1.0000000000000009,3120.0,4430.0,2000.0,2000.0,157.3,0.0
8e69a078-d02f-4b1f-86df-225345b6e20a,KXDDCOLDBREW-26SEP02-T4.44,,Will the average U.S. price of a Dunkin' medium cold brew for August 2026 be at least $4.44?,,,active,2026-09-02T03:59:00Z,200.0,38.106273093191064,1000.0,5000.0,0.94,0.05,1.000000000000005,3560.0,6963.0,2000.0,2000.0,0.0,0.0
6dd70ec0-4489-46ef-827b-84c2eab17506,KXNFLTD-26AUG06CARARI-ARICKINER37-1,,Corey Kiner: 1+ touchdowns,,,active,2026-08-09T00:00:00Z,50.0,37.1900826446281,1000.0,5000.0,0.17,0.78,4.999999999999993,8.0,171.0,659.875,2000.0,214.62,109.24
961d6098-d43d-4cde-b73d-7488eddc176a,KXNFLTD-26AUG06CARARI-CARJREED86-1,,Ja'seem Reed: 1+ touchdowns,,,active,2026-08-09T00:00:00Z,50.0,37.1900826446281,1000.0,5000.0,0.11,0.83,6.000000000000005,1.0,1025.0,1125.875,2000.0,77.19,128.87
0b39c9df-d04e-4acc-b9b2-8d96a354f102,KXNFLTD-26AUG06CARARI-ARIEHULLRB-1,,Evan Hull: 1+ touchdowns,,,active,2026-08-09T00:00:00Z,50.0,37.1900826446281,1000.0,5000.0,0.06,0.81,12.99999999999999,20.0,1000.0,1510.0,2000.0,0.0,0.0
73cb7a32-70d5-4077-a2dc-c060602ca3a5,KXTOPMODEL-26AUG10-CLAUM,,What will be the top AI model this month?,,,active,2026-08-10T14:00:00Z,200.0,36.650737974261204,1000.0,5000.0,0.89,0.1,0.9999999999999981,1234.19,1350.08,2000.0,2000.0,3904.35,1425.3
e9b7f186-04d3-4069-8060-69a3dd9cb64b,KXTOPMODEL-26AUG10-CLAUF,,What will be the top AI model this month?,,,active,2026-08-10T14:00:00Z,200.0,36.65073797387253,1000.0,5000.0,,0.99,,0.0,80387.62,1000.0,1000.0,696.38,0.0
d744146b-94f2-45b8-a89e-d4ed8b75909f,KXTOPMODEL-26AUG10-CLAU7,,What will be the top AI model this month?,,,active,2026-08-10T14:00:00Z,200.0,36.65073797348385,1000.0,5000.0,,0.99,,0.0,100696.98,1000.0,1000.0,387.02,0.0
2b9aa67b-8d0b-4f95-8f5e-874bf3d95d8c,KXTOPMODEL-26AUG10-CLAU5,,What will be the top AI model this month?,,,active,2026-08-10T14:00:00Z,200.0,36.65073797309516,1000.0,5000.0,0.02,0.97,1.0000000000000009,2025.0,46194.26,2000.0,2000.0,21455.19,1478.03
cae19898-ed5b-402c-bb83-3b0e507bc7fa,KXTOPMODEL-26AUG10-CLAUT,,What will be the top AI model this month?,,,active,2026-08-10T14:00:00Z,200.0,36.65073797262875,1000.0,5000.0,0.07,0.92,0.9999999999999898,1225.0,11515.08,2000.0,2000.0,6180.89,828.69
6451d769-1fde-45d4-a97f-00ad842a6468,KXDCGOLFVISITCOUNT-26AUG-4,,"How many times will Donald Trump visit Trump National Golf Club Washington, D.C. in Aug 2026?",,,active,2026-09-01T14:00:00Z,200.0,36.65073797130724,1000.0,5000.0,0.12,0.83,5.000000000000004,1212.0,25.0,1102.0090627059676,2000.0,792.01,0.0
c3e72f47-68dc-4add-a751-3b00d30329d8,KXDCGOLFVISITCOUNT-26AUG-3,,"How many times will Donald Trump visit Trump National Golf Club Washington, D.C. in Aug 2026?",,,active,2026-09-01T14:00:00Z,200.0,36.65073797084082,1000.0,5000.0,0.08,0.85,7.000000000000006,876.0,446.01,1453.010000000644,2000.0,1.0,0.0
10b9b31f-c73e-4a75-a9ea-f7d8e8703e43,KXDCGOLFVISITCOUNT-26AUG-2,,"How many times will Donald Trump visit Trump National Golf Club Washington, D.C. in Aug 2026?",,,active,2026-09-01T14:00:00Z,200.0,36.650737970296674,1000.0,5000.0,0.17,0.81,1.9999999999999907,83.0,26.0,598.4381250724163,2000.0,1171.03,0.0
84745933-b76e-48aa-905f-6647a6f7f137,KXDCGOLFVISITCOUNT-26AUG-1,,"How many times will Donald Trump visit Trump National Golf Club Washington, D.C. in Aug 2026?",,,active,2026-09-01T14:00:00Z,200.0,36.65073796944158,1000.0,5000.0,0.22,0.77,1.0000000000000009,655.0,707.25,1571.34375,2000.0,1991.0,1.0
269a3dd5-7299-4b6d-ab13-17d5e8528168,KXDCGOLFVISITCOUNT-26AUG-0,,"How many times will Donald Trump visit Trump National Golf Club Washington, D.C. in Aug 2026?",,,active,2026-09-01T14:00:00Z,200.0,36.65073796656535,1000.0,5000.0,0.27,0.7,3.0000000000000027,557.0,612.01,1447.0075,2000.0,647.66,0.0
024cd7ac-acd6-4e5c-a636-4861bd14700a,KXDROPOUTPRIMARY-26-JFIS,,"Will James Fishback drop out of the Florida Governor primary before Aug 18, 2026?",James Fishback:: Florida Governor,,active,2026-08-18T03:59:00Z,500.0,35.436558716409095,1000.0,5000.0,0.019,0.98,0.10000000000000009,30075.0,8582.66,2000.0,2000.0,35012.55,10.0
032c0bf0-246c-49a9-a859-5d99e490e22c,KXDROPOUTPRIMARY-26-CMIL,,"Will Cory Mills drop out of the FL-07 before Aug 18, 2026?",Cory Mills:: FL-07,,active,2026-08-18T03:59:00Z,500.0,35.436558716409095,1000.0,5000.0,0.05,0.94,1.0000000000000009,225.0,1772.03,1612.5,2000.0,5010.16,6010.01
244727ce-a89b-4d25-84c9-0f9f6f95487d,KXDROPOUTPRIMARY-26-PREN,,"Will Paul Renner drop out of the Florida Governor before Aug 18, 2026?",Paul Renner:: Florida Governor,,active,2026-08-18T03:59:00Z,500.0,35.436558716409095,1000.0,5000.0,0.03,0.96,1.0000000000000009,38368.57,4498.12,2000.0,2000.0,2567.94,602.07
bf210fe3-3ee2-480b-8887-bedc3dcef537,KXCAC40-26AUG31-8850,,"Will the CAC 40 be at least €8,850 in August 2026?",,,active,2026-09-01T14:00:00Z,200.0,34.05119841107763,1000.0,5000.0,0.66,0.33,0.9999999999999953,26.0,25.0,114.472412109375,2000.0,284.0,0.0
538cb644-6691-4979-8469-eb34dc2e6697,KXCAC40-26AUG31-8800,,"Will the CAC 40 be at least €8,800 in August 2026?",,,active,2026-09-01T14:00:00Z,200.0,34.051198410675035,1000.0,5000.0,0.73,0.26,1.0000000000000009,400.0,25.0,429.74256896972656,2000.0,63.28,0.0
b5e4b3b2-c316-486a-ae28-a8e91a89eb8c,KXCAC40-26AUG31-8750,,"Will the CAC 40 be at least €8,750 in August 2026?",,,active,2026-09-01T14:00:00Z,200.0,34.051198410272434,1000.0,5000.0,0.88,0.06,6.0,28.0,7.0,191.19021606445312,2000.0,985.38,201.0
3014c3a2-5e9c-4a76-a1f1-2af378b4ff4d,KXCAC40-26AUG31-8700,,"Will the CAC 40 be at least €8,700 in August 2026?",,,active,2026-09-01T14:00:00Z,200.0,34.05119840973564,1000.0,5000.0,0.99,,,4012.01,0.0,1000.0,1000.0,1084.84,1002.0
4eacf633-9332-4f29-b820-a58d377d2723,KXCAC40-26AUG31-8650,,"Will the CAC 40 be at least €8,650 in August 2026?",,,active,2026-09-01T14:00:00Z,200.0,34.05119840906463,1000.0,5000.0,0.99,,,8561.0,0.0,1000.0,1000.0,5143.07,0.0
56e8d76e-bff9-48ac-8206-3268ba904030,KXPIRROOUT-26AUG-26AUG07,,"Will Jeanine Pirro announce their departure as United States Attorney for the District of Columbia before Aug 7, 2026?",,,active,2026-08-07T03:59:00Z,100.0,33.3874333410619,1000.0,2500.0,0.04,0.95,1.0000000000000009,626.43,1518.54,1906.6075,2000.0,37229.79,12663.68
1ba9381d-dc13-403d-8830-e4aedbc58964,KXPIRROOUT-26AUG-26SEP01,,"Will Jeanine Pirro announce their departure as United States Attorney for the District of Columbia before Sep 1, 2026?","Before Sep 1, 2026",,active,2026-09-01T03:59:00Z,100.0,33.34105116925214,1000.0,2500.0,0.32,0.67,0.9999999999999898,28.0,1446.58,1673.48984375,2000.0,23671.86,11267.45
747ec52d-58e5-43e2-9c0c-b719f77d8b5e,KXPIRROOUT-26AUG-27JAN01,,"Will Jeanine Pirro announce their departure as United States Attorney for the District of Columbia before Jan 1, 2027?",::,,active,2027-01-01T04:59:00Z,100.0,33.34105116925214,1000.0,2500.0,0.44,0.55,1.0000000000000009,130.03,52.0,1446.30125,2000.0,8954.96,5268.14
281d52a0-7c1c-43da-bbc4-3f31557f02fe,KXYTTOPSONGGW-26AUG06-THE,,"Will The One That Got Away rank #1 on YouTube's Weekly Top Songs Global Chart dated Jul 31 - Aug 6, 2026?",:: Katy Perry,,active,2026-08-07T03:59:00Z,80.0,33.13305400318464,1000.0,5000.0,,0.99,,0.0,4042.0,1000.0,1000.0,2039.0,0.0
e709ccd0-7425-410a-a4ca-a012ea047827,KXYTTOPSONGGW-26AUG06-ITS,,"Will It's Me rank #1 on YouTube's Weekly Top Songs Global Chart dated Jul 31 - Aug 6, 2026?",:: ILLIT,,active,2026-08-07T03:59:00Z,80.0,33.13305400239052,1000.0,5000.0,,0.99,,0.0,4042.01,1000.0,1000.0,2039.0,0.0
7412d10e-de33-49a1-b686-58b8c8a6c99e,KXYTTOPSONGGW-26AUG06-GEH,,"Will Gehra Hua rank #1 on YouTube's Weekly Top Songs Global Chart dated Jul 31 - Aug 6, 2026?",:: Shashwat Sachdev,,active,2026-08-07T03:59:00Z,80.0,33.13305400159639,1000.0,5000.0,,0.99,,0.0,4041.01,1000.0,1000.0,2019.0,0.0
32a927ca-e8da-4e11-a3cb-8d4131d7a190,KXYTTOPSONGGW-26AUG06-BIL,,"Will Billie Jean rank #1 on YouTube's Weekly Top Songs Global Chart dated Jul 31 - Aug 6, 2026?",:: Michael Jackson,,active,2026-08-07T03:59:00Z,80.0,33.13305400064344,1000.0,5000.0,,0.99,,0.0,4042.01,1000.0,1000.0,2039.0,0.0
ed2b0cbb-bc52-470a-98dd-a205f1669380,KXYTTOPSONGGW-26AUG06-SHA,,"Will Shararat rank #1 on YouTube's Weekly Top Songs Global Chart dated Jul 31 - Aug 6, 2026?",:: Shashwat Sachdev,,active,2026-08-07T03:59:00Z,80.0,33.13305399969049,1000.0,5000.0,,0.99,,0.0,4045.0,1000.0,1000.0,2040.0,0.0
b6635537-e3ae-45a9-8061-cd061462bb46,KXYTTOPSONGGW-26AUG06-LES,,"Will Less than a Lover rank #1 on YouTube's Weekly Top Songs Global Chart dated Jul 31 - Aug 6, 2026?",:: JENNIE,,active,2026-08-07T03:59:00Z,80.0,33.13305399889636,1000.0,5000.0,,0.99,,0.0,4042.01,1000.0,1000.0,2039.0,0.0
6469b43b-12ad-437d-8ea9-874f697e3e12,KXYTTOPSONGGW-26AUG06-KAL,,"Will KALYANI (Remix) rank #1 on YouTube's Weekly Top Songs Global Chart dated Jul 31 - Aug 6, 2026?",:: FIFTY4,,active,2026-08-07T03:59:00Z,80.0,33.13305399810224,1000.0,5000.0,,0.99,,0.0,4045.01,1000.0,1000.0,2040.0,0.0
d01f8424-4b2e-4bf9-8b37-08ca3b672b2a,KXYTTOPSONGGW-26AUG06-YQU,,"Will Y Que Fue? rank #1 on YouTube's Weekly Top Songs Global Chart dated Jul 31 - Aug 6, 2026?",:: Don Miguelo,,active,2026-08-07T03:59:00Z,80.0,33.13305399730811,1000.0,5000.0,,0.99,,0.0,4000.0,1000.0,1000.0,2017.0,0.0
fe36707d-b52c-410e-9b3a-b69bd7e46642,KXYTTOPSONGGW-26AUG06-BAR,,"Will Barbadi Hoi rank #1 on YouTube's Weekly Top Songs Global Chart dated Jul 31 - Aug 6, 2026?",:: Shilpi Raj,,active,2026-08-07T03:59:00Z,80.0,33.133053996513986,1000.0,5000.0,,0.99,,0.0,4001.01,1000.0,1000.0,2015.0,0.0
66b0a7e2-e9c8-4cf4-8e1c-356392ff8e6e,KXYTTOPSONGGW-26AUG06-ICO,,"Will ICONIC BY MISTAKE rank #1 on YouTube's Weekly Top Songs Global Chart dated Jul 31 - Aug 6, 2026?",:: LE SSERAFIM,,active,2026-08-07T03:59:00Z,80.0,33.13305399556104,1000.0,5000.0,,0.99,,0.0,4042.01,1000.0,1000.0,2039.0,0.0
b0535f5b-1ac9-4f6b-9984-dcf80fb8662b,KXYTTOPSONGGW-26AUG06-LIF,,"Will Life Goes On rank #1 on YouTube's Weekly Top Songs Global Chart dated Jul 31 - Aug 6, 2026?",:: Oliver Tree,,active,2026-08-07T03:59:00Z,80.0,33.13305399476691,1000.0,5000.0,,0.99,,0.0,4042.0,1000.0,1000.0,2039.0,0.0
21774d97-5fcf-4117-8a86-c80f7cc8e23e,KXYTTOPSONGGW-26AUG06-WAK,,"Will Waka Waka (This Time for Africa) (feat. Freshlyground) rank #1 on YouTube's Weekly Top Songs Global Chart dated Jul 31 - Aug 6, 2026?",:: Shakira,,active,2026-08-07T03:59:00Z,80.0,33.13305399381396,1000.0,5000.0,,0.99,,0.0,3999.0,1000.0,1000.0,2014.0,0.0
6c43aae5-04b1-4f30-baa2-e763b5085c51,KXYTTOPSONGGW-26AUG06-GOL,,"Will Golden rank #1 on YouTube's Weekly Top Songs Global Chart dated Jul 31 - Aug 6, 2026?",:: HUNTR/X,,active,2026-08-07T03:59:00Z,80.0,33.133053993019836,1000.0,5000.0,,0.99,,0.0,3690.01,1000.0,1000.0,1900.0,0.0
0befeccf-037c-49de-8a66-bab0d7857464,KXYTTOPSONGGW-26AUG06-ANI,,"Will Animal rank #1 on YouTube's Weekly Top Songs Global Chart dated Jul 31 - Aug 6, 2026?",:: KATSEYE,,active,2026-08-07T03:59:00Z,80.0,33.133053992225705,1000.0,5000.0,,0.99,,0.0,2823.01,1000.0,1000.0,2139.0,0.0
c3bc718c-7562-4e5a-a237-7e4e606b0601,KXYTTOPSONGGW-26AUG06-DAI,,"Will Dai Dai rank #1 on YouTube's Weekly Top Songs Global Chart dated Jul 31 - Aug 6, 2026?",:: Shakira,,active,2026-08-07T03:59:00Z,80.0,33.13305399143158,1000.0,5000.0,0.99,,,2100.01,0.0,1000.0,1000.0,3593.0,1901.0
dc5991eb-f16d-467d-9dfb-2015a9222f0e,KXYTTOPSONGW-26AUG06-JAN,,"Will Janice STFU rank #1 on YouTube's Weekly Top Songs Chart dated Jul 31 - Aug 6, 2026?",:: Drake,,active,2026-08-07T03:59:00Z,80.0,33.13305398920803,1000.0,5000.0,,0.99,,0.0,12626.01,1000.0,1000.0,2178.0,0.0
ba6ab40d-764b-4ee0-8557-7720b0dfd12f,KXYTTOPSONGW-26AUG06-WHA,,"Will What You Need rank #1 on YouTube's Weekly Top Songs Chart dated Jul 31 - Aug 6, 2026?",:: Tems,,active,2026-08-07T03:59:00Z,80.0,33.133053988413906,1000.0,5000.0,,0.99,,0.0,12626.0,1000.0,1000.0,2178.0,0.0
0f9b9b9f-0695-432f-a0cd-82c5e68f1438,KXYTTOPSONGW-26AUG06-SUN,,"Will Sunflower rank #1 on YouTube's Weekly Top Songs Chart dated Jul 31 - Aug 6, 2026?",:: Post Malone,,active,2026-08-07T03:59:00Z,80.0,33.13305398761978,1000.0,5000.0,,0.99,,0.0,12626.0,1000.0,1000.0,2178.0,0.0
1a69db51-04c3-4783-b7e7-cacb863a0d2c,KXYTTOPSONGW-26AUG06-DEA,,"Will Dead Fresh rank #1 on YouTube's Weekly Top Songs Chart dated Jul 31 - Aug 6, 2026?",:: Lil Baby,,active,2026-08-07T03:59:00Z,80.0,33.13305398666683,1000.0,5000.0,,0.99,,0.0,12626.01,1000.0,1000.0,2178.0,0.0
175084a5-355f-4ae5-824a-f36c3d1735b3,KXYTTOPSONGW-26AUG06-BEA,,"Will Beat It rank #1 on YouTube's Weekly Top Songs Chart dated Jul 31 - Aug 6, 2026?",:: Michael Jackson,,active,2026-08-07T03:59:00Z,80.0,33.13305398587271,1000.0,5000.0,,0.99,,0.0,12626.01,1000.0,1000.0,2178.0,0.0
ac0e4b53-e7ad-4fa0-8910-e0ff180dbea9,KXYTTOPSONGW-26AUG06-QUI,,"Will Quiet on the Creek rank #1 on YouTube's Weekly Top Songs Chart dated Jul 31 - Aug 6, 2026?",:: Saucy Santana,,active,2026-08-07T03:59:00Z,80.0,33.13305398507858,1000.0,5000.0,,0.99,,0.0,12626.0,1000.0,1000.0,2178.0,0.0
e1700970-cc5f-453c-9a4f-e08b40980676,KXYTTOPSONGW-26AUG06-GHE,,"Will Ghetto Love Story rank #1 on YouTube's Weekly Top Songs Chart dated Jul 31 - Aug 6, 2026?",:: BabyChiefDoit,,active,2026-08-07T03:59:00Z,80.0,33.13305398428445,1000.0,5000.0,,0.99,,0.0,12626.01,1000.0,1000.0,2178.0,0.0
a8476f54-1302-4f76-be4b-6f3d0b3ebb25,KXYTTOPSONGW-26AUG06-MIS,,"Will misery. rank #1 on YouTube's Weekly Top Songs Chart dated Jul 31 - Aug 6, 2026?",:: pupsies,,active,2026-08-07T03:59:00Z,80.0,33.13305398349033,1000.0,5000.0,,0.99,,0.0,12626.0,1000.0,1000.0,2178.0,0.0
3487e2de-825e-4dee-80a6-9e77267d2888,KXYTTOPSONGW-26AUG06-BIL,,"Will Billie Jean rank #1 on YouTube's Weekly Top Songs Chart dated Jul 31 - Aug 6, 2026?",:: Michael Jackson,,active,2026-08-07T03:59:00Z,80.0,33.133053982696204,1000.0,5000.0,,0.99,,0.0,12626.01,1000.0,1000.0,2179.0,0.0
1b290a0c-1dfb-469f-b84f-a1098329d473,KXYTTOPSONGW-26AUG06-LIF,,"Will Life Goes On rank #1 on YouTube's Weekly Top Songs Chart dated Jul 31 - Aug 6, 2026?",:: Oliver Tree,,active,2026-08-07T03:59:00Z,80.0,33.13305398174325,1000.0,5000.0,,0.99,,0.0,1740.0,1000.0,1000.0,2095.0,1995.0
f24cf5b2-adf5-4f73-959e-372f9a941625,KXYTTOPSONGW-26AUG06-GOL,,"Will Golden rank #1 on YouTube's Weekly Top Songs Chart dated Jul 31 - Aug 6, 2026?",:: HUNTR/X,,active,2026-08-07T03:59:00Z,80.0,33.13305398094913,1000.0,5000.0,,0.99,,0.0,3656.01,1000.0,1000.0,2545.0,0.0
476ec503-3842-4bb2-989f-344de607eef5,KXYTTOPSONGW-26AUG06-ICO,,"Will ICONIC BY MISTAKE rank #1 on YouTube's Weekly Top Songs Chart dated Jul 31 - Aug 6, 2026?",:: LE SSERAFIM,,active,2026-08-07T03:59:00Z,80.0,33.133053980155,1000.0,5000.0,,0.99,,0.0,12799.01,1000.0,1000.0,2139.0,0.0
4632149a-a359-4fac-9ccc-43ffa30aef44,KXYTTOPSONGW-26AUG06-CHO,,"Will Choosin' Texas rank #1 on YouTube's Weekly Top Songs Chart dated Jul 31 - Aug 6, 2026?",:: Ella Langley,,active,2026-08-07T03:59:00Z,80.0,33.13305397936088,1000.0,5000.0,,0.99,,0.0,1278.01,1000.0,1000.0,1392.26,1322.0
b5931d6c-d8f5-4cff-9cca-baffac9e33bc,KXYTTOPSONGW-26AUG06-ANI,,"Will Animal rank #1 on YouTube's Weekly Top Songs Chart dated Jul 31 - Aug 6, 2026?",:: KATSEYE,,active,2026-08-07T03:59:00Z,80.0,33.13305397856675,1000.0,5000.0,,0.99,,0.0,12260.01,1000.0,1000.0,2205.0,0.0
5a664530-d307-46e4-9823-797bd6462cc4,KXYTTOPSONGW-26AUG06-DAI,,"Will Dai Dai rank #1 on YouTube's Weekly Top Songs Chart dated Jul 31 - Aug 6, 2026?",:: Shakira,,active,2026-08-07T03:59:00Z,80.0,33.1330539776138,1000.0,5000.0,0.99,,,40800.0,0.0,1000.0,1000.0,10713.04,10648.49
ed175da8-3097-49b2-aecc-a89121f99166,KXALBUMRELEASEDATE-NEWDON-27OCT01,,"Will Don Toliver release new album before Oct 1, 2027?",,,active,2027-10-01T14:00:00Z,135.0,32.73872948398291,1000.0,5000.0,0.93,0.03,3.999999999999995,1505.01,546.0,1709.5,2000.0,0.0,0.0
0b4b6d48-f65a-4c3a-9e2a-d0193fb932ee,KXALBUMRELEASEDATE-NEWDON-27AUG01,,"Will Don Toliver release new album before Aug 1, 2027?",,,active,2027-08-01T14:00:00Z,135.0,32.73872948352346,1000.0,5000.0,0.86,0.03,11.000000000000002,1616.01,546.0,1709.5,2000.0,0.0,0.0
cab00ef1-ee5a-4e67-a7be-57f7e09761b0,KXALBUMRELEASEDATE-NEWDON-27JUN01,,"Will Don Toliver release new album before Jun 1, 2027?",,,active,2027-06-01T14:00:00Z,135.0,32.738729483064,1000.0,5000.0,0.64,0.04,32.0,1516.01,496.0,1602.75,2000.0,0.0,0.0
6f001c76-03e3-4b4d-82b9-17a0a1e04c37,KXALBUMRELEASEDATE-NEWDON-27APR01,,"Will Don Toliver release new album before Apr 1, 2027?",,,active,2027-04-01T14:00:00Z,135.0,32.73872948260453,1000.0,5000.0,0.53,0.11,36.0,1607.01,198.32,1375.708046875,2000.0,0.0,0.0
11d5d922-17c6-4fbc-8a4f-20e12bf3e4c3,KXALBUMRELEASEDATE-NEWDON-27FEB01,,"Will Don Toliver release new album before Feb 1, 2027?",,,active,2027-02-01T15:00:00Z,135.0,32.738729482145075,1000.0,5000.0,0.43,0.07,50.0,488.75,418.75,938.8476591045037,2000.0,0.0,0.0
58970afd-7982-44cf-a774-f73f86dc5622,KXALBUMRELEASEDATE-NEWDON-26DEC01,,"Will Don Toliver release new album before Dec 1, 2026?","Before Dec 1, 2026",,active,2026-12-01T15:00:00Z,135.0,32.73872948159373,1000.0,5000.0,0.18,0.8,2.0000000000000018,1101.0,63.6,1146.5509375,2000.0,1032.79,1598.79
97b0d220-bb27-4b96-b97f-53138a8f45db,KXALBUMRELEASEDATE-NEWFUTURE-27OCT01,,"Will Future release new album before Oct 1, 2027?",,,active,2027-10-01T14:00:00Z,135.0,32.73872948058292,1000.0,5000.0,0.73,0.17,10.0,685.01,896.0,1581.795469045639,2000.0,0.0,0.0
a6a2525b-a89f-4daa-b008-e2577ad5598a,KXALBUMRELEASEDATE-NEWFUTURE-27AUG01,,"Will Future release new album before Aug 1, 2027?",,,active,2027-08-01T14:00:00Z,135.0,32.738729480031566,1000.0,5000.0,0.64,0.26,9.999999999999998,598.01,847.0,1445.0250032043457,2000.0,0.0,0.0
6b28a1bb-472f-44b9-b854-601a6eab2711,KXALBUMRELEASEDATE-NEWFUTURE-27JUN01,,"Will Future release new album before Jun 1, 2027?",,,active,2027-06-01T14:00:00Z,135.0,32.73872947948021,1000.0,5000.0,0.5,0.4,9.999999999999998,837.0,759.0,1596.0977517488054,2000.0,0.0,0.0
6ab41ce6-2047-43a3-a16f-7adaf0cfbf50,KXALBUMRELEASEDATE-NEWFUTURE-27APR01,,"Will Future release new album before Apr 1, 2027?",,,active,2027-04-01T14:00:00Z,135.0,32.73872947902076,1000.0,5000.0,0.37,0.53,9.999999999999998,772.0,719.01,1505.2600098642706,2000.0,0.0,0.0
4db8afad-ef3a-4fb0-8395-c965e96ededc,KXALBUMRELEASEDATE-NEWFUTURE-27FEB01,,"Will Future release new album before Feb 1, 2027?",,,active,2027-02-01T15:00:00Z,135.0,32.7387294785613,1000.0,5000.0,0.26,0.64,9.999999999999998,958.0,698.01,1677.0100012889131,2000.0,0.0,0.0
c5872a33-811e-47df-89ee-d422353b34b6,KXALBUMRELEASEDATE-NEWFUTURE-26DEC01,,"Will Future release new album before Dec 1, 2026?","Before Dec 1, 2026",,active,2026-12-01T15:00:00Z,135.0,32.73872947800995,1000.0,5000.0,0.16,0.75,8.999999999999996,888.0,684.01,1628.0100009750854,2000.0,0.0,0.0
6fd24a42-c779-4911-85eb-67b893b2dc48,KXALBUMRELEASEDATE-NEWTAT-27OCT01,,"Will Tate McRae release a new album before Oct 1, 2027?",,,active,2027-10-01T14:00:00Z,135.0,32.738729476631576,1000.0,5000.0,0.9,0.07,2.9999999999999973,45.0,45.0,621.1282080078216,2000.0,35.01,693.0
55aa63cb-2a81-4989-b41d-af7c67f7507e,KXALBUMRELEASEDATE-NEWTAT-27AUG01,,"Will Tate McRae release a new album before Aug 1, 2027?",,,active,2027-08-01T14:00:00Z,135.0,32.73872947608022,1000.0,5000.0,0.84,0.15,1.0000000000000036,397.01,604.12,1004.341533203125,2000.0,176.8,333.8
bfcf6251-f2aa-489f-8254-ff4302b2e196,KXALBUMRELEASEDATE-NEWTAT-27JUN01,,"Will Tate McRae release a new album before Jun 1, 2027?",,,active,2027-06-01T14:00:00Z,135.0,32.73872947543698,1000.0,5000.0,0.68,0.28,3.9999999999999925,692.01,829.0,1527.5255029630662,2000.0,0.0,0.0
8f6f6749-3322-4ff4-8a8c-d7ddb5fc2273,KXALBUMRELEASEDATE-NEWTAT-27APR01,,"Will Tate McRae release a new album before Apr 1, 2027?",,,active,2027-04-01T14:00:00Z,135.0,32.73872947479374,1000.0,5000.0,0.57,0.39,4.0000000000000036,710.01,763.0,1474.6223265983165,2000.0,0.0,0.0
8fdb4eb4-c833-4d52-8f7f-a8686ab25cc5,KXALBUMRELEASEDATE-NEWTAT-27FEB01,,"Will Tate McRae release a new album before Feb 1, 2027?",,,active,2027-02-01T15:00:00Z,135.0,32.73872947369104,1000.0,5000.0,0.39,0.6,1.0000000000000009,1046.4,596.01,1651.0222073925845,2000.0,184.0,185.0
15dcc70f-3932-4fbc-a29b-e04153e83d61,KXALBUMRELEASEDATE-NEWTAT-26DEC01,,"Will Tate McRae release a new album before Dec 1, 2026?","Before Dec 1, 2026",,active,2026-12-01T15:00:00Z,135.0,32.73872947065862,1000.0,5000.0,0.21,0.76,3.0000000000000027,1232.0,682.01,1694.510000000793,2000.0,0.0,0.0
3117328b-19fd-4f8a-83c5-37a7180291fc,KXCBDECISIONMEXICO-26SEP24-H50P,,Will the Bank of Mexico Hike more than 50bps at the September Governing Board meeting?,,,active,2026-09-24T18:59:00Z,145.0,31.93752990834432,1000.0,5000.0,0.01,0.98,1.0000000000000009,27402.0,14223.01,2000.0,2000.0,20.0,0.0
2a892acc-2b50-4012-9b4b-747716309845,KXCBDECISIONMEXICO-26SEP24-H50,,Will the Bank of Mexico Hike 50bps at the September Governing Board meeting?,,,active,2026-09-24T18:59:00Z,145.0,31.93752990785581,1000.0,5000.0,0.01,0.98,1.0000000000000009,27102.0,14407.01,2000.0,2000.0,20.0,0.0
ea7b2aea-d33d-4565-a8ed-d340f3043110,KXCBDECISIONMEXICO-26SEP24-H25P,,Will the Bank of Mexico Hike 25bps at the September Governing Board meeting?,,,active,2026-09-24T18:59:00Z,145.0,31.93752990744872,1000.0,5000.0,0.03,0.96,1.0000000000000009,4059.0,736.01,1736.400625,2000.0,427.01,661.25
21fdb157-4d44-4379-8190-d81b0ce73fdb,KXCBDECISIONMEXICO-26SEP24-HOLD,,Will the Bank of Mexico Maintain current rate at the September Governing Board meeting?,,,active,2026-09-24T18:59:00Z,145.0,31.937529906878794,1000.0,5000.0,0.86,0.07,7.000000000000001,1.0,362.0,601.8325781250364,2000.0,801.0,247.0
f50039a5-f096-4075-941f-d5b64e2416b4,KXCBDECISIONMEXICO-26SEP24-C25,,Will the Bank of Mexico Cut 25bps at the September Governing Board meeting?,,,active,2026-09-24T18:59:00Z,145.0,31.937529906308868,1000.0,5000.0,0.07,0.92,0.9999999999999898,184.0,1253.01,1221.96875,2000.0,29.0,41.01
fdda286e-f928-4789-b569-e7b2b37397fc,KXCBDECISIONMEXICO-26SEP24-C50,,Will the Bank of Mexico Cut 50bps at the September Governing Board meeting?,,,active,2026-09-24T18:59:00Z,145.0,31.937529905494685,1000.0,5000.0,0.01,0.98,1.0000000000000009,16156.0,16466.01,2000.0,2000.0,6426.0,6407.0
cdb9fe88-49ac-4f96-8361-941844b6a268,KXCBDECISIONMEXICO-26SEP24-C50P,,Will the Bank of Mexico Cut more than 50bps at the September Governing Board meeting?,,,active,2026-09-24T18:59:00Z,145.0,31.937529902645053,1000.0,5000.0,0.01,0.98,1.0000000000000009,16656.0,17798.01,2000.0,2000.0,3726.0,4306.0
6eea560f-c045-461c-8ae6-4db014614e2b,KXCHIPBURRITO-26SEP02-T9.82,,Will the average U.S. price of a Chipotle Chicken Burrito for August 2026 be at least $9.82?,,,active,2026-09-02T03:59:00Z,165.0,31.688881050101884,1000.0,5000.0,0.03,0.96,1.0000000000000009,7494.0,1790.0,2000.0,2000.0,489.0,66.0
2797555b-5da2-4318-b576-6b8ae0961d71,KXCHIPBURRITO-26SEP02-T9.81,,Will the average U.S. price of a Chipotle Chicken Burrito for August 2026 be at least $9.81?,,,active,2026-09-02T03:59:00Z,165.0,31.688881049679253,1000.0,5000.0,0.06,0.93,0.9999999999999898,8036.0,809.0,1879.8125,2000.0,322.0,0.0
c44938ec-f4c1-47da-98ae-38d58861bb7f,KXCHIPBURRITO-26SEP02-T9.80,,Will the average U.S. price of a Chipotle Chicken Burrito for August 2026 be at least $9.80?,,,active,2026-09-02T03:59:00Z,165.0,31.688881049397487,1000.0,5000.0,0.32,0.67,0.9999999999999898,3118.93,738.0,1869.0,2000.0,2048.97,210.07
c0ce3177-7ffb-4c55-8da4-d5efb6b46791,KXCHIPBURRITO-26SEP02-T9.79,,Will the average U.S. price of a Chipotle Chicken Burrito for August 2026 be at least $9.79?,,,active,2026-09-02T03:59:00Z,165.0,31.688881049045293,1000.0,5000.0,0.76,0.23,0.9999999999999981,1527.0,1075.44,2000.0,2000.0,1129.07,26.56
8db560fe-37f8-436c-95f0-978094e31848,KXCHIPBURRITO-26SEP02-T9.78,,Will the average U.S. price of a Chipotle Chicken Burrito for August 2026 be at least $9.78?,,,active,2026-09-02T03:59:00Z,165.0,31.688881048693098,1000.0,5000.0,0.9,0.09,0.9999999999999981,3149.59,4985.41,2000.0,2000.0,1101.0,3.41
7772d6be-7fd5-4cda-9493-b6f52989445d,KXCHIPBURRITO-26SEP02-T9.77,,Will the average U.S. price of a Chipotle Chicken Burrito for August 2026 be at least $9.77?,At least $9.77,,active,2026-09-02T03:59:00Z,165.0,31.688881048270463,1000.0,5000.0,0.98,0.01,1.0000000000000018,2544.0,5257.0,2000.0,2000.0,27.0,0.0
2bc7bd5c-38c0-489e-81e3-f2e48c908231,KXCBDECISIONMEXICO-26NOV05-H50P,,Will the Bank of Mexico Hike more than 50bps at the November Bank of Mexico Governing Board meeting?,,,active,2026-11-05T18:59:00Z,145.0,31.64619471694928,1000.0,5000.0,0.01,0.98,1.0000000000000009,21650.0,1956.01,2000.0,2000.0,783.0,982.0
162f599d-5e5f-4b87-bd8f-48f961d4b30f,KXCBDECISIONMEXICO-26NOV05-H50,,Will the Bank of Mexico Hike 50bps at the November Bank of Mexico Governing Board meeting?,,,active,2026-11-05T18:59:00Z,145.0,31.646194716469644,1000.0,5000.0,0.02,0.97,1.0000000000000009,4678.0,3047.01,2000.0,2000.0,464.0,484.0
5e027540-c0f5-4bf4-a9b5-8ab3aaa6177b,KXCBDECISIONMEXICO-26NOV05-H25P,,Will the Bank of Mexico Hike 25bps at the November Bank of Mexico Governing Board meeting?,,,active,2026-11-05T18:59:00Z,145.0,31.64619471606995,1000.0,5000.0,0.05,0.94,1.0000000000000009,3442.0,625.01,1628.135,2000.0,160.01,258.01
9121fed9-7cf9-43b1-ae81-d17b5e75d925,KXCBDECISIONMEXICO-26NOV05-HOLD,,Will the Bank of Mexico Maintain current rate at the November Bank of Mexico Governing Board meeting?,,,active,2026-11-05T18:59:00Z,145.0,31.64619471567025,1000.0,5000.0,0.73,0.26,1.0000000000000009,536.01,636.0,1172.0110309219363,2000.0,100.0,199.0
fccacf62-d997-419b-846d-32cee47a0c8a,KXCBDECISIONMEXICO-26NOV05-C25,,Will the Bank of Mexico Cut 25bps at the November Bank of Mexico Governing Board meeting?,,,active,2026-11-05T18:59:00Z,145.0,31.646194715190614,1000.0,5000.0,0.11,0.88,1.0000000000000009,1252.0,1035.01,2000.0,2000.0,100.0,198.0
35207aa6-1747-4b27-93f8-106705f53e69,KXCBDECISIONMEXICO-26NOV05-C50,,Will the Bank of Mexico Cut 50bps at the November Bank of Mexico Governing Board meeting?,,,active,2026-11-05T18:59:00Z,145.0,31.646194714710976,1000.0,5000.0,0.05,0.94,1.0000000000000009,7608.0,1332.01,2000.0,2000.0,100.0,199.0
7a4346e2-9bc1-4717-8312-5e11b3aea7fb,KXCBDECISIONMEXICO-26NOV05-C50P,,Will the Bank of Mexico Cut more than 50bps at the November Bank of Mexico Governing Board meeting?,,,active,2026-11-05T18:59:00Z,145.0,31.646194714311278,1000.0,5000.0,0.02,0.96,2.0000000000000018,12525.0,1639.01,2000.0,2000.0,260.0,358.0
cf03eaa6-b91f-4a8f-86f4-17c58643cb6e,KXCBDECISIONMEXICO-26DEC17-H50P,,Will the Bank of Mexico Hike more than 50bps at the December Bank of Mexico Governing Board meeting?,,,active,2026-12-17T18:59:00Z,145.0,31.646194712632553,1000.0,5000.0,0.03,0.96,1.0000000000000009,2358.0,2569.01,2000.0,2000.0,53.0,55.0
7e33690e-18fe-471a-b17e-915d40497867,KXCBDECISIONMEXICO-26DEC17-H50,,Will the Bank of Mexico Hike 50bps at the December Bank of Mexico Governing Board meeting?,,,active,2026-12-17T18:59:00Z,145.0,31.64619471223285,1000.0,5000.0,0.02,0.97,1.0000000000000009,7937.0,1389.02,2000.0,2000.0,54.01,54.01
62bd6044-8988-4282-9989-6ffd2061be83,KXCBDECISIONMEXICO-26DEC17-H25P,,Will the Bank of Mexico Hike 25bps at the December Bank of Mexico Governing Board meeting?,,,active,2026-12-17T18:59:00Z,145.0,31.646194711753218,1000.0,5000.0,0.05,0.94,1.0000000000000009,4366.0,50.0,1050.0976600646973,2000.0,125.01,198.01
f574c809-0b3e-4f1b-9499-6851eca68bec,KXCBDECISIONMEXICO-26DEC17-HOLD,,Will the Bank of Mexico Maintain current rate at the December Bank of Mexico Governing Board meeting?,,,active,2026-12-17T18:59:00Z,145.0,31.64619471127358,1000.0,5000.0,0.61,0.37,2.0000000000000018,223.01,25.0,274.7524346581109,2000.0,29.0,1.0
7d1a2686-16a5-47e8-a605-052bd1d719c4,KXCBDECISIONMEXICO-26DEC17-C25,,Will the Bank of Mexico Cut 25bps at the December Bank of Mexico Governing Board meeting?,,,active,2026-12-17T18:59:00Z,145.0,31.64619471087388,1000.0,5000.0,0.23,0.76,1.0000000000000009,46.0,229.01,281.2679307556152,2000.0,29.0,2.0
f33fb821-da03-4d17-81ca-ad4e623d5c42,KXCBDECISIONMEXICO-26DEC17-C50,,Will the Bank of Mexico Cut 50bps at the December Bank of Mexico Governing Board meeting?,,,active,2026-12-17T18:59:00Z,145.0,31.64619471047419,1000.0,5000.0,0.05,0.94,1.0000000000000009,8080.0,1374.01,2000.0,2000.0,29.0,1.0
7c15cc54-13be-4d86-9f20-92f33fb75c85,KXCBDECISIONMEXICO-26DEC17-C50P,,Will the Bank of Mexico Cut more than 50bps at the December Bank of Mexico Governing Board meeting?,,,active,2026-12-17T18:59:00Z,145.0,31.646194709994553,1000.0,5000.0,0.03,0.96,1.0000000000000009,526.0,2047.01,1763.0,2000.0,29.0,1.0
a6403ca0-3371-45b4-a3ff-a614196eb3e5,KXGOVTFULLFUND-26AUG-26DEC01,,"Will legislation that, upon becoming law, completes, extends, or restores appropriations coverage across all 12 regular appropriations acts, whether temporarily or for the full fiscal year become law before Dec 1, 2026?",,,active,2026-12-01T15:00:00Z,145.0,31.646194708795456,1000.0,5000.0,0.86,0.06,8.000000000000002,1049.01,1061.0,2000.0,2000.0,0.0,0.0
f23a5cac-fadb-48b9-b8b3-69a327759481,KXGOVTFULLFUND-26AUG-26NOV01,,"Will legislation that, upon becoming law, completes, extends, or restores appropriations coverage across all 12 regular appropriations acts, whether temporarily or for the full fiscal year become law before Nov 1, 2026?",,,active,2026-11-01T15:00:00Z,145.0,31.646194708315825,1000.0,5000.0,0.85,0.07,8.000000000000002,1062.01,1061.0,2000.0,2000.0,0.0,0.0
fcdefd2d-6c7f-40c4-85ab-9a3f99170099,KXGOVTFULLFUND-26AUG-26OCT16,,"Will legislation that, upon becoming law, completes, extends, or restores appropriations coverage across all 12 regular appropriations acts, whether temporarily or for the full fiscal year become law before Oct 16, 2026?",,,active,2026-10-16T14:00:00Z,145.0,31.64619470783618,1000.0,5000.0,0.84,0.08,8.000000000000004,1051.01,1061.0,2000.0,2000.0,0.0,0.0
66aa118b-e4c6-4a78-8493-15376627c2c7,KXGOVTFULLFUND-26AUG-26OCT09,,"Will legislation that, upon becoming law, completes, extends, or restores appropriations coverage across all 12 regular appropriations acts, whether temporarily or for the full fiscal year become law before Oct 9, 2026?",,,active,2026-10-09T14:00:00Z,145.0,31.646194707276607,1000.0,5000.0,0.83,0.09,8.000000000000004,1052.01,1061.0,2000.0,2000.0,0.0,0.0
5ba62a0e-7ad5-465a-9dcd-5464f21a8caf,KXGOVTFULLFUND-26AUG-26OCT02,,"Will legislation that, upon becoming law, completes, extends, or restores appropriations coverage across all 12 regular appropriations acts, whether temporarily or for the full fiscal year become law before Oct 2, 2026?",,,active,2026-10-02T14:00:00Z,145.0,31.646194706717033,1000.0,5000.0,0.82,0.1,8.000000000000004,942.01,1161.0,1971.005,2000.0,0.0,0.0
1fcdae43-8d3d-423b-81ab-0ada8c9891af,KXGOVTFULLFUND-26AUG-26OCT01,,"Will legislation that, upon becoming law, completes, extends, or restores appropriations coverage across all 12 regular appropriations acts, whether temporarily or for the full fiscal year become law before Oct 1, 2026?",,,active,2026-10-01T14:00:00Z,145.0,31.6461947058377,1000.0,5000.0,0.81,0.12,6.999999999999995,943.01,1106.0,1971.505,2000.0,0.0,0.0
22d07afc-e0c2-4a74-bb83-36ffd9c293d1,KXGOVTFULLFUND-26AUG-26SEP26,,"Will legislation that, upon becoming law, completes, extends, or restores appropriations coverage across all 12 regular appropriations acts, whether temporarily or for the full fiscal year become law before Sep 26, 2026?",,,active,2026-09-26T14:00:00Z,145.0,31.646194703359576,1000.0,5000.0,0.48,0.5,2.0000000000000018,2096.0,1032.0,2000.0,2000.0,710.02,0.0
ae18df91-1bb5-4b46-bfaa-622e8371721a,KXSBUXSAR-26SEP02-T5.13,,Will the average U.S. price of a Starbucks Grande Strawberry Açaí Refresher for August 2026 be at least $5.13?,,,active,2026-09-02T03:59:00Z,200.0,31.176295351520814,1000.0,5000.0,0.06,0.93,0.9999999999999898,2210.0,4729.0,2000.0,2000.0,416.43,0.0
b92e356c-c521-4036-9e26-c3b3664a6301,KXSBUXSAR-26SEP02-T5.12,,Will the average U.S. price of a Starbucks Grande Strawberry Açaí Refresher for August 2026 be at least $5.12?,,,active,2026-09-02T03:59:00Z,200.0,31.17629535118332,1000.0,5000.0,0.12,0.87,1.0000000000000009,1475.0,4192.0,2000.0,2000.0,477.0,0.0
37ab8da7-f5cc-4adb-8dae-5ac7ea24e22d,KXSBUXSAR-26SEP02-T5.11,,Will the average U.S. price of a Starbucks Grande Strawberry Açaí Refresher for August 2026 be at least $5.11?,,,active,2026-09-02T03:59:00Z,200.0,31.176295350845834,1000.0,5000.0,0.22,0.77,1.0000000000000009,1617.0,2651.0,2000.0,2000.0,500.67,0.0
4aa3c01e-db74-4643-8f6b-c255b12f323c,KXSBUXSAR-26SEP02-T5.10,,Will the average U.S. price of a Starbucks Grande Strawberry Açaí Refresher for August 2026 be at least $5.10?,,,active,2026-09-02T03:59:00Z,200.0,31.1762953504521,1000.0,5000.0,0.31,0.68,0.9999999999999898,1424.0,1532.0,2000.0,2000.0,226.0,0.0
b3bb4fa0-d9af-4999-bf3e-b90234677347,KXSBUXSAR-26SEP02-T5.09,,Will the average U.S. price of a Starbucks Grande Strawberry Açaí Refresher for August 2026 be at least $5.09?,,,active,2026-09-02T03:59:00Z,200.0,31.176295349833378,1000.0,5000.0,0.53,0.46,0.9999999999999953,663.0,1033.21,1831.5,2000.0,168.72,1.79
801eb05e-96c0-4b63-a3d3-be2ece6af005,KXSBUXSAR-26SEP02-T5.08,,Will the average U.S. price of a Starbucks Grande Strawberry Açaí Refresher for August 2026 be at least $5.08?,,,active,2026-09-02T03:59:00Z,200.0,31.176295345614797,1000.0,5000.0,0.96,0.03,1.0000000000000036,3115.0,3767.0,2000.0,2000.0,471.0,0.0
4f3992ad-d4eb-4a73-91c4-ed7f1a71469f,KXPOPCHICKSAND-26SEP02-T5.72,,Will the average U.S. price of a Popeyes Classic Chicken Sandwich for August 2026 be at least $5.72?,,,active,2026-09-02T03:59:00Z,200.0,30.97459908340286,1000.0,5000.0,0.06,0.93,0.9999999999999898,7484.0,5055.0,2000.0,2000.0,2.0,0.0
87532aff-a33a-4f78-a1d4-92e4d234332c,KXPOPCHICKSAND-26SEP02-T5.71,,Will the average U.S. price of a Popeyes Classic Chicken Sandwich for August 2026 be at least $5.71?,,,active,2026-09-02T03:59:00Z,200.0,30.974599083125256,1000.0,5000.0,0.15,0.84,1.0000000000000009,4598.0,4729.0,2000.0,2000.0,102.0,0.0
daab3a76-c799-439b-a0ac-91d644804032,KXPOPCHICKSAND-26SEP02-T5.70,,Will the average U.S. price of a Popeyes Classic Chicken Sandwich for August 2026 be at least $5.70?,,,active,2026-09-02T03:59:00Z,200.0,30.974599082792107,1000.0,5000.0,0.24,0.75,1.0000000000000009,3706.0,2181.0,2000.0,2000.0,1.0,0.0
29d6de36-89b3-42fa-be16-38cea0a3a22c,KXPOPCHICKSAND-26SEP02-T5.69,,Will the average U.S. price of a Popeyes Classic Chicken Sandwich for August 2026 be at least $5.69?,,,active,2026-09-02T03:59:00Z,200.0,30.974599082347936,1000.0,5000.0,0.41,0.58,1.000000000000012,2491.0,1926.0,2000.0,2000.0,1.0,0.0
80170d5f-13c0-4638-88a6-7b14708f8829,KXPOPCHICKSAND-26SEP02-T5.68,,Will the average U.S. price of a Popeyes Classic Chicken Sandwich for August 2026 be at least $5.68?,,,active,2026-09-02T03:59:00Z,200.0,30.97459908173719,1000.0,5000.0,0.71,0.28,1.0000000000000009,2878.0,2988.0,2000.0,2000.0,2.0,0.0
0d125da7-97e2-4365-b0c5-89fef9e35822,KXPOPCHICKSAND-26SEP02-T5.67,,Will the average U.S. price of a Popeyes Classic Chicken Sandwich for August 2026 be at least $5.67?,,,active,2026-09-02T03:59:00Z,200.0,30.97459907968286,1000.0,5000.0,0.94,0.05,1.000000000000005,5265.0,6484.0,2000.0,2000.0,1.0,0.0
94b1dccd-c008-4905-b28e-9bcb1e9a3e49,KXALBUMRELEASEDATE-NEWPIT-27FEB01,,"Will Pitbull release a new album before Feb 1, 2027?",,,active,2027-02-01T15:00:00Z,135.0,30.868210203464095,1000.0,5000.0,0.52,0.47,1.0000000000000009,191.0,116.0,487.37500729973544,2000.0,141.0,141.0
ef5fac8d-98bf-494b-9ecc-a94aa152bc5a,KXALBUMRELEASEDATE-NEWPIT-27JAN01,,"Will Pitbull release a new album before Jan 1, 2027?",,,active,2027-01-01T15:00:00Z,135.0,30.868210202973945,1000.0,5000.0,0.47,0.51,2.0000000000000018,1101.0,653.0,1764.75,2000.0,0.0,0.0
bff56021-b579-4b80-be06-668914601393,KXALBUMRELEASEDATE-NEWPIT-26DEC01,,"Will Pitbull release a new album before Dec 1, 2026?",,,active,2026-12-01T15:00:00Z,135.0,30.868210202483798,1000.0,5000.0,0.34,0.65,0.9999999999999898,1304.0,496.01,1583.1350000044235,2000.0,100.0,100.0
955e7dbd-2a61-489a-a4bb-3f71ecef634a,KXALBUMRELEASEDATE-NEWPIT-26NOV01,,"Will Pitbull release a new album before Nov 1, 2026?",,,active,2026-11-01T15:00:00Z,135.0,30.86821020199365,1000.0,5000.0,0.23,0.74,3.0000000000000027,800.0,863.01,1765.1028952789306,2000.0,0.0,0.0
b0d64074-17f8-4557-8c82-3038b5973b60,KXALBUMRELEASEDATE-NEWPIT-26OCT01,,"Will Pitbull release a new album before Oct 1, 2026?",,,active,2026-10-01T14:00:00Z,135.0,30.868210201585192,1000.0,5000.0,0.16,0.83,1.0000000000000009,1392.0,570.01,1582.510000005515,2000.0,0.0,0.0
715ed4b6-255d-43d8-8c03-0a5051db9260,KXALBUMRELEASEDATE-NEWPIT-26SEP01,,"Will Pitbull release a new album before Sep 1, 2026?",,,active,2026-09-01T14:00:00Z,135.0,30.868210201095046,1000.0,5000.0,0.06,0.93,0.9999999999999898,2792.0,1249.01,2000.0,2000.0,27.01,0.0
5e062cdc-d214-4632-9807-fc1ce37e903b,KXSCRSENS1REXACT-26AUG11-FRY-NOR-GRA,,Will the exact finishing order be in the first round of the 2026 South Carolina Republican Senate special primary?,,,active,2027-08-11T14:00:00Z,200.0,30.775999023538382,1000.0,5000.0,0.06,0.91,2.9999999999999916,1125.0,1115.01,2000.0,2000.0,5040.0,5902.0
4abffc68-6735-4abe-82cd-3018dda0902d,KXSCRSENS1REXACT-26AUG11-FRY-GRA-NOR,,Will the exact finishing order be in the first round of the 2026 South Carolina Republican Senate special primary?,,,active,2027-08-11T14:00:00Z,200.0,30.77599902320951,1000.0,5000.0,0.03,0.95,2.0000000000000018,1794.0,1060.01,2000.0,2000.0,4200.0,4442.99
54d97ba7-3fc0-4115-aa60-facecd22c510,KXSCRSENS1REXACT-26AUG11-NOR-FRY-GRA,,Will the exact finishing order be in the first round of the 2026 South Carolina Republican Senate special primary?,,,active,2027-08-11T14:00:00Z,200.0,30.775999022880633,1000.0,5000.0,0.07,0.92,0.9999999999999898,760.01,1210.01,1880.005,2000.0,4754.01,3440.0
