order_id,ticker,coin,coin_order,close_dt,close_ts,day,held,won,maker_price,submitted_qty,filled_qty,created_ts,first_fill_seconds,has_path,snapshot_wait_60,ask_60,bid_60,snapshot_wait_120,ask_120,bid_120,snapshot_wait_180,ask_180,bid_180,snapshot_wait_300,ask_300,bid_300
d814d081-c3a9-4709-96c2-355cb99d0108,KXBTC15M-26AUG040915-15,BTC,0,2026-08-04 13:15:00+00:00,1785849,2026-08-04,yes,1,0.72,10.0,10.0,1785848.622535522,0.399937,True,1784062611.3774645,0.27,0.26,1784062611.3774645,0.27,0.26,1784062611.3774645,0.27,0.26,1784062611.3774645,0.27,0.26
672f0c76-8d8d-4684-b992-27801b23e646,KXETH15M-26AUG040915-15,ETH,1,2026-08-04 13:15:00+00:00,1785849,2026-08-04,yes,1,0.7,10.0,10.0,1785848.62263284,5.000875,True,1784062611.3773673,0.36,0.35,1784062611.3773673,0.36,0.35,1784062611.3773673,0.36,0.35,1784062611.3773673,0.36,0.35
b142dd60-91f0-4c02-a0a8-c63eb22470a3,KXETH15M-26AUG040930-30,ETH,1,2026-08-04 13:30:00+00:00,1785850,2026-08-04,no,1,0.65,10.0,10.0,1785849.368488116,5.068423,True,1784063510.631512,0.64,0.63,1784063510.631512,0.64,0.63,1784063510.631512,0.64,0.63,1784063510.631512,0.64,0.63
7ec7e7c0-97d6-4aa8-ae65-5d38a089f62a,KXDOGE15M-26AUG040930-30,DOGE,4,2026-08-04 13:30:00+00:00,1785850,2026-08-04,no,1,0.65,10.0,10.0,1785849.368687668,1.133324,False,,,,,,,,,,,,
24217cc2-fc78-45e6-afa3-e492a31c876d,KXBTC15M-26AUG040945-45,BTC,0,2026-08-04 13:45:00+00:00,1785851,2026-08-04,yes,1,0.72,10.0,10.0,1785850.265205514,0.355039,True,1784064409.7347944,0.71,0.7,1784064409.7347944,0.71,0.7,1784064409.7347944,0.71,0.7,1784064409.7347944,0.71,0.7
044cfa3a-53c3-433e-9c0b-caa86a55ece7,KXETH15M-26AUG040945-45,ETH,1,2026-08-04 13:45:00+00:00,1785851,2026-08-04,yes,1,0.7,10.0,10.0,1785850.265293349,0.254968,True,1784064409.7347066,0.7,0.69,1784064409.7347066,0.7,0.69,1784064409.7347066,0.7,0.69,1784064409.7347066,0.7,0.69
9a6e8313-030f-4ad5-b1d7-d9f42e06b78a,KXBTC15M-26AUG041000-00,BTC,0,2026-08-04 14:00:00+00:00,1785852,2026-08-04,no,1,0.7,10.0,0.0,1785851.162106839,,True,1784065308.8378932,0.72,0.71,1784065308.8378932,0.72,0.71,1784065308.8378932,0.72,0.71,1784065308.8378932,0.72,0.71
b487cc8d-4cd0-43e6-bc99-4bb95f638e27,KXSOL15M-26AUG041000-00,SOL,2,2026-08-04 14:00:00+00:00,1785852,2026-08-04,no,1,0.66,10.0,0.0,1785851.162243896,,True,1784065308.8377562,0.69,0.6799999999999999,1784065308.8377562,0.69,0.6799999999999999,1784065308.8377562,0.69,0.6799999999999999,1784065308.8377562,0.69,0.6799999999999999
a45070a9-5d73-4ac5-a194-8b849e656337,KXSOL15M-26AUG041015-15,SOL,2,2026-08-04 14:15:00+00:00,1785852,2026-08-04,no,1,0.74,10.0,10.0,1785852.060525193,1.588762,True,1784066207.9394748,0.74,0.73,1784066207.9394748,0.74,0.73,1784066207.9394748,0.74,0.73,1784066207.9394748,0.74,0.73
1c4faa23-d156-41d4-877d-38198cc715b3,KXDOGE15M-26AUG041015-15,DOGE,4,2026-08-04 14:15:00+00:00,1785852,2026-08-04,no,1,0.65,10.0,10.0,1785852.060718564,0.768052,True,1784066207.9392815,0.6599999999999999,0.65,1784066207.9392815,0.6599999999999999,0.65,1784066207.9392815,0.6599999999999999,0.65,1784066207.9392815,0.6599999999999999,0.65
d3f26b8e-1d3b-40af-b9de-d895c4a17b82,KXSOL15M-26AUG041030-30,SOL,2,2026-08-04 14:30:00+00:00,1785853,2026-08-04,no,1,0.65,10.0,10.0,1785852.965295828,1.269153,True,1784067107.0347042,0.7,0.69,1784067107.0347042,0.7,0.69,1784067107.0347042,0.7,0.69,1784067107.0347042,0.7,0.69
3b780d9e-6aa9-46d0-a99f-c198bf0a2ab9,KXXRP15M-26AUG041030-30,XRP,3,2026-08-04 14:30:00+00:00,1785853,2026-08-04,no,0,0.69,10.0,0.0,1785853.072425456,,True,1784067106.9275746,0.63,0.62,1784067106.9275746,0.63,0.62,1784067106.9275746,0.63,0.62,1784067106.9275746,0.63,0.62
aeb8622e-cba1-46bb-bf96-1b18e4a6aa6e,KXETH15M-26AUG041045-45,ETH,1,2026-08-04 14:45:00+00:00,1785854,2026-08-04,yes,1,0.65,10.0,10.0,1785853.861333354,0.740651,True,1784068006.1386666,0.61,0.6,1784068006.1386666,0.61,0.6,1784068006.1386666,0.61,0.6,1784068006.1386666,0.61,0.6
5677912c-6fff-4e83-943e-03040eb92aa8,KXXRP15M-26AUG041045-45,XRP,3,2026-08-04 14:45:00+00:00,1785854,2026-08-04,no,0,0.66,10.0,10.0,1785853.92596297,1.961976,True,1784068006.074037,0.5700000000000001,0.56,1784068006.074037,0.5700000000000001,0.56,1784068006.074037,0.5700000000000001,0.56,1784068006.074037,0.5700000000000001,0.56
e71ba72b-61b3-43e1-aaea-010cb099a67a,KXDOGE15M-26AUG041100-00,DOGE,4,2026-08-04 15:00:00+00:00,1785855,2026-08-04,yes,0,0.65,10.0,10.0,1785854.797715394,1.513224,False,,,,,,,,,,,,
1245bc15-925d-405d-a44c-deebc810e8de,KXETH15M-26AUG041100-00,ETH,1,2026-08-04 15:00:00+00:00,1785855,2026-08-04,no,0,0.66,10.0,10.0,1785854.845920935,3.739164,True,1784068905.154079,0.54,0.53,1784068905.154079,0.54,0.53,1784068905.154079,0.54,0.53,1784068905.154079,0.54,0.53
1c304f44-ac59-4855-af4f-75ec49a9d478,KXSOL15M-26AUG041115-15,SOL,2,2026-08-04 15:15:00+00:00,1785856,2026-08-04,yes,1,0.67,10.0,10.0,1785855.738091667,1.633973,True,1784069804.2619083,0.43,0.42,1784069804.2619083,0.43,0.42,1784069804.2619083,0.43,0.42,1784069804.2619083,0.43,0.42
85c13f47-58c6-4d3e-84ed-425f24b9d407,KXXRP15M-26AUG041115-15,XRP,3,2026-08-04 15:15:00+00:00,1785856,2026-08-04,yes,0,0.67,10.0,10.0,1785855.75431275,2.330978,False,,,,,,,,,,,,
3ea23f24-c869-40ef-9ff6-66d9febc582a,KXXRP15M-26AUG041130-30,XRP,3,2026-08-04 15:30:00+00:00,1785857,2026-08-04,yes,0,0.65,10.0,10.0,1785856.611098347,22.17273,True,1784070703.3889017,0.51,0.5,1784070703.3889017,0.51,0.5,1784070703.3889017,0.51,0.5,1784070703.3889017,0.51,0.5
78cbe51a-b89f-4341-8c46-60d8dcb112ad,KXBTC15M-26AUG041130-30,BTC,0,2026-08-04 15:30:00+00:00,1785857,2026-08-04,no,1,0.7,10.0,10.0,1785856.686305453,0.344241,True,1784070703.3136945,0.61,0.6,1784070703.3136945,0.61,0.6,1784070703.3136945,0.61,0.6,1784070703.3136945,0.61,0.6
5f5beb22-d5a8-4100-8d45-c7b96e756c28,KXDOGE15M-26AUG041145-45,DOGE,4,2026-08-04 15:45:00+00:00,1785858,2026-08-04,yes,1,0.79,10.0,10.0,1785857.46255884,3.983004,True,1784071602.5374413,0.8,0.79,1784071602.5374413,0.8,0.79,1784071602.5374413,0.8,0.79,1784071602.5374413,0.8,0.79
74f02f30-a270-41de-b5b8-334f75d66833,KXXRP15M-26AUG041145-45,XRP,3,2026-08-04 15:45:00+00:00,1785858,2026-08-04,yes,1,0.66,10.0,10.0,1785857.478787955,0.592922,True,1784071602.521212,0.68,0.67,1784071602.521212,0.68,0.67,1784071602.521212,0.68,0.67,1784071602.521212,0.68,0.67
96684004-bac3-47bd-b1a9-e6f4e91dfe0a,KXBTC15M-26AUG041200-00,BTC,0,2026-08-04 16:00:00+00:00,1785859,2026-08-04,yes,1,0.78,10.0,10.0,1785858.365543056,1.199225,True,1784072501.6344569,0.73,0.72,1784072501.6344569,0.73,0.72,1784072501.6344569,0.73,0.72,1784072501.6344569,0.73,0.72
625efd9a-7627-4216-acab-2b8fcd266732,KXETH15M-26AUG041200-00,ETH,1,2026-08-04 16:00:00+00:00,1785859,2026-08-04,yes,1,0.71,10.0,10.0,1785858.365808549,0.242832,True,1784072501.6341915,0.69,0.67,1784072501.6341915,0.69,0.67,1784072501.6341915,0.69,0.67,1784072501.6341915,0.69,0.67
687d6456-2a8d-41bf-8c95-6da349f79137,KXETH15M-26AUG041215-15,ETH,1,2026-08-04 16:15:00+00:00,1785860,2026-08-04,no,1,0.65,10.0,10.0,1785859.283571295,1.483585,True,1784073400.7164288,0.5700000000000001,0.55,1784073400.7164288,0.5700000000000001,0.55,1784073400.7164288,0.5700000000000001,0.55,1784073400.7164288,0.5700000000000001,0.55
374e406c-81a8-472f-83f6-e1405972668d,KXXRP15M-26AUG041215-15,XRP,3,2026-08-04 16:15:00+00:00,1785860,2026-08-04,no,1,0.65,10.0,10.0,1785859.283724628,0.95955,True,1784073400.7162755,0.5700000000000001,0.56,1784073400.7162755,0.5700000000000001,0.56,1784073400.7162755,0.5700000000000001,0.56,1784073400.7162755,0.5700000000000001,0.56
c49024e1-9321-477b-bf96-6337ed384268,KXBTC15M-26AUG041230-30,BTC,0,2026-08-04 16:30:00+00:00,1785861,2026-08-04,yes,1,0.68,10.0,10.0,1785860.164428853,0.526205,True,1784074299.835571,0.67,0.66,1784074299.835571,0.67,0.66,1784074299.835571,0.67,0.66,1784074299.835571,0.67,0.66
58575481-6093-45be-a27d-1b867c21bbd9,KXSOL15M-26AUG041230-30,SOL,2,2026-08-04 16:30:00+00:00,1785861,2026-08-04,yes,1,0.65,10.0,10.0,1785860.164728047,43.447374,True,1784074299.8352718,0.63,0.62,1784074299.8352718,0.63,0.62,1784074299.8352718,0.63,0.62,1784074299.8352718,0.63,0.62
00e1a788-7455-49e6-822b-272e9bdc8c92,KXBTC15M-26AUG041245-45,BTC,0,2026-08-04 16:45:00+00:00,1785861,2026-08-04,no,1,0.66,10.0,10.0,1785861.065351405,3.069927,True,1784075198.9346485,0.7,0.69,1784075198.9346485,0.7,0.69,1784075198.9346485,0.7,0.69,1784075198.9346485,0.7,0.69
0b23bc0f-e305-4e51-85ae-efec5f688e11,KXSOL15M-26AUG041245-45,SOL,2,2026-08-04 16:45:00+00:00,1785861,2026-08-04,no,1,0.7,10.0,10.0,1785861.065660921,5.747661,True,1784075198.934339,0.72,0.71,1784075198.934339,0.72,0.71,1784075198.934339,0.72,0.71,1784075198.934339,0.72,0.71
54cf32d7-58bc-4996-924b-6ac80a718fc2,KXDOGE15M-26AUG041300-00,DOGE,4,2026-08-04 17:00:00+00:00,1785862,2026-08-04,yes,1,0.68,10.0,10.0,1785861.984885431,44.824542,True,1784076098.0151145,0.62,0.6,1784076098.0151145,0.62,0.6,1784076098.0151145,0.62,0.6,1784076098.0151145,0.62,0.6
54af6073-7e3d-4214-b3eb-5ac81d5c4189,KXXRP15M-26AUG041300-00,XRP,3,2026-08-04 17:00:00+00:00,1785862,2026-08-04,yes,0,0.67,10.0,10.0,1785862.006651637,0.062123,True,1784076097.9933484,0.61,0.59,1784076097.9933484,0.61,0.59,1784076097.9933484,0.61,0.59,1784076097.9933484,0.61,0.59
b5e088f2-68be-4a7f-b1d8-2b23d772857a,KXBTC15M-26AUG041315-15,BTC,0,2026-08-04 17:15:00+00:00,1785863,2026-08-04,yes,1,0.67,10.0,10.0,1785862.861772816,2.590435,True,1784076997.1382272,0.68,0.67,1784076997.1382272,0.68,0.67,1784076997.1382272,0.68,0.67,1784076997.1382272,0.68,0.67
335dab5d-0886-45b6-894d-e174cf741483,KXETH15M-26AUG041315-15,ETH,1,2026-08-04 17:15:00+00:00,1785863,2026-08-04,yes,1,0.73,10.0,10.0,1785862.861974682,0.85647,True,1784076997.1380253,0.75,0.74,1784076997.1380253,0.75,0.74,1784076997.1380253,0.75,0.74,1784076997.1380253,0.75,0.74
67db1935-96d5-4511-8848-b9bd738019e0,KXDOGE15M-26AUG041330-30,DOGE,4,2026-08-04 17:30:00+00:00,1785864,2026-08-04,yes,0,0.66,10.0,10.0,1785863.812755397,5.795069,False,,,,,,,,,,,,
aca568ff-106e-4b1f-b3a2-e74a68d1adca,KXSOL15M-26AUG041330-30,SOL,2,2026-08-04 17:30:00+00:00,1785864,2026-08-04,no,0,0.65,10.0,10.0,1785863.888493495,2.348283,True,1784077896.1115065,0.51,0.49,1784077896.1115065,0.51,0.49,1784077896.1115065,0.51,0.49,1784077896.1115065,0.51,0.49
1ac1a432-1da0-4dc5-93bc-5baf707e4023,KXBTC15M-26AUG041345-45,BTC,0,2026-08-04 17:45:00+00:00,1785865,2026-08-04,no,1,0.67,10.0,10.0,1785864.666931308,22.751729,True,1784078795.3330686,0.5800000000000001,0.5700000000000001,1784078795.3330686,0.5800000000000001,0.5700000000000001,1784078795.3330686,0.5800000000000001,0.5700000000000001,1784078795.3330686,0.5800000000000001,0.5700000000000001
fa529d05-fddb-4927-9118-343251b37eb0,KXSOL15M-26AUG041345-45,SOL,2,2026-08-04 17:45:00+00:00,1785865,2026-08-04,no,1,0.66,10.0,10.0,1785864.672442239,2.144906,False,,,,,,,,,,,,
497762b5-1f91-4fb5-be01-2953b9ed5a56,KXBTC15M-26AUG041400-00,BTC,0,2026-08-04 18:00:00+00:00,1785866,2026-08-04,no,1,0.65,10.0,10.0,1785865.5732496,0.994014,True,1784079694.4267504,0.62,0.61,1784079694.4267504,0.62,0.61,1784079694.4267504,0.62,0.61,1784079694.4267504,0.62,0.61
85180ae2-91ae-44af-b0fa-cf1c3e11dc58,KXXRP15M-26AUG041400-00,XRP,3,2026-08-04 18:00:00+00:00,1785866,2026-08-04,no,1,0.67,10.0,0.0,1785865.639140099,,True,1784079694.3608599,0.5900000000000001,0.5700000000000001,1784079694.3608599,0.5900000000000001,0.5700000000000001,1784079694.3608599,0.5900000000000001,0.5700000000000001,1784079694.3608599,0.5900000000000001,0.5700000000000001
c7fb6df8-6a75-437d-b52d-9f16e80c6355,KXETH15M-26AUG041415-15,ETH,1,2026-08-04 18:15:00+00:00,1785867,2026-08-04,yes,1,0.67,10.0,10.0,1785866.462662923,1.839584,True,1784080593.537337,0.65,0.63,1784080593.537337,0.65,0.63,1784080593.537337,0.65,0.63,1784080593.537337,0.65,0.63
99e11a3f-6294-4049-bc04-b32fb3920c10,KXSOL15M-26AUG041415-15,SOL,2,2026-08-04 18:15:00+00:00,1785867,2026-08-04,yes,1,0.68,10.0,6.0,1785866.462892345,9.509158,True,1784080593.5371077,0.66,0.65,1784080593.5371077,0.66,0.65,1784080593.5371077,0.66,0.65,1784080593.5371077,0.66,0.65
d43dcbbc-12f2-4d8d-b3a0-f3c4236dc719,KXBTC15M-26AUG041430-30,BTC,0,2026-08-04 18:30:00+00:00,1785868,2026-08-04,yes,1,0.74,10.0,10.0,1785867.361298697,1.141742,True,1784081492.6387012,0.76,0.75,1784081492.6387012,0.76,0.75,1784081492.6387012,0.76,0.75,1784081492.6387012,0.76,0.75
4aa7fecb-9e67-4fdb-980b-fcc038406105,KXETH15M-26AUG041430-30,ETH,1,2026-08-04 18:30:00+00:00,1785868,2026-08-04,yes,1,0.68,10.0,10.0,1785867.361483885,0.640953,True,1784081492.6385162,0.69,0.68,1784081492.6385162,0.69,0.68,1784081492.6385162,0.69,0.68,1784081492.6385162,0.69,0.68
ee9ab430-0f5b-4fdd-a3d9-a91b4b16c192,KXETH15M-26AUG041445-45,ETH,1,2026-08-04 18:45:00+00:00,1785869,2026-08-04,no,1,0.65,10.0,10.0,1785868.267585691,23.863308,True,1784082391.7324142,0.6,0.5800000000000001,1784082391.7324142,0.6,0.5800000000000001,1784082391.7324142,0.6,0.5800000000000001,1784082391.7324142,0.6,0.5800000000000001
d2e67829-a2b6-49c7-a50c-e63264cf983f,KXBTC15M-26AUG041445-45,BTC,0,2026-08-04 18:45:00+00:00,1785869,2026-08-04,no,1,0.7,10.0,10.0,1785868.273096319,1.332751,True,1784082391.7269037,0.56,0.55,1784082391.7269037,0.56,0.55,1784082391.7269037,0.56,0.55,1784082391.7269037,0.56,0.55
f9afbea5-73fe-493a-82ab-536a8e223934,KXETH15M-26AUG041500-00,ETH,1,2026-08-04 19:00:00+00:00,1785870,2026-08-04,yes,1,0.67,10.0,10.0,1785869.161861432,1.419128,True,1784083290.8381386,0.68,0.67,1784083290.8381386,0.68,0.67,1784083290.8381386,0.68,0.67,1784083290.8381386,0.68,0.67
d88358ff-a54d-4748-a871-64df0b0a89a4,KXSOL15M-26AUG041500-00,SOL,2,2026-08-04 19:00:00+00:00,1785870,2026-08-04,yes,0,0.72,10.0,10.0,1785869.161969041,76.938292,True,1784083290.838031,0.71,0.69,1784083290.838031,0.71,0.69,1784083290.838031,0.71,0.69,1784083290.838031,0.71,0.69
cc8a882f-1c64-427e-a7ae-ee65f6045904,KXSOL15M-26AUG041515-15,SOL,2,2026-08-04 19:15:00+00:00,1785870,2026-08-04,yes,1,0.65,10.0,10.0,1785870.063082624,39.224383,True,1784084189.9369173,0.66,0.64,1784084189.9369173,0.66,0.64,1784084189.9369173,0.66,0.64,1784084189.9369173,0.66,0.64
3438877e-8e01-495b-8567-233f1bcca930,KXETH15M-26AUG041515-15,ETH,1,2026-08-04 19:15:00+00:00,1785870,2026-08-04,yes,1,0.69,10.0,10.0,1785870.068504467,0.046744,True,1784084189.9314954,0.63,0.61,1784084189.9314954,0.63,0.61,1784084189.9314954,0.63,0.61,1784084189.9314954,0.63,0.61
bebe5426-167c-41c5-a718-0e684c0954ce,KXSOL15M-26AUG041530-30,SOL,2,2026-08-04 19:30:00+00:00,1785871,2026-08-04,no,1,0.65,10.0,10.0,1785870.964841887,1.398123,True,1784085089.0351582,0.6,0.5800000000000001,1784085089.0351582,0.6,0.5800000000000001,1784085089.0351582,0.6,0.5800000000000001,1784085089.0351582,0.6,0.5800000000000001
397722fa-36de-4aee-9f5e-9565577f97b1,KXXRP15M-26AUG041530-30,XRP,3,2026-08-04 19:30:00+00:00,1785871,2026-08-04,no,1,0.67,10.0,10.0,1785871.035645165,48.700326,True,1784085088.9643548,0.5900000000000001,0.5700000000000001,1784085088.9643548,0.5900000000000001,0.5700000000000001,1784085088.9643548,0.5900000000000001,0.5700000000000001,1784085088.9643548,0.5900000000000001,0.5700000000000001
502f3aed-6e4d-4090-af02-0dff12abd196,KXXRP15M-26AUG041545-45,XRP,3,2026-08-04 19:45:00+00:00,1785872,2026-08-04,yes,1,0.8,10.0,10.0,1785871.862189168,2.274895,False,,,,,,,,,,,,
66ea1c54-6ac5-40b3-9f5e-24297b4c24f9,KXBTC15M-26AUG041545-45,BTC,0,2026-08-04 19:45:00+00:00,1785872,2026-08-04,yes,1,0.66,10.0,10.0,1785871.872989296,0.501064,False,,,,,,,,,,,,
27d3d171-9476-4a63-8791-1e295277264b,KXBTC15M-26AUG041600-00,BTC,0,2026-08-04 20:00:00+00:00,1785873,2026-08-04,no,1,0.66,10.0,0.0,1785872.814010225,,True,1784086887.1859899,0.5700000000000001,0.56,1784086887.1859899,0.5700000000000001,0.56,1784086887.1859899,0.5700000000000001,0.56,1784086887.1859899,0.5700000000000001,0.56
ed9955c8-c188-4306-9dcd-fb148787f667,KXETH15M-26AUG041600-00,ETH,1,2026-08-04 20:00:00+00:00,1785873,2026-08-04,no,1,0.7,10.0,10.0,1785872.814139905,6.944334,True,1784086887.1858602,0.5800000000000001,0.5700000000000001,1784086887.1858602,0.5800000000000001,0.5700000000000001,1784086887.1858602,0.5800000000000001,0.5700000000000001,1784086887.1858602,0.5800000000000001,0.5700000000000001
73a51586-45a9-487a-bb6c-a742658ecb20,KXBTC15M-26AUG041615-15,BTC,0,2026-08-04 20:15:00+00:00,1785874,2026-08-04,no,1,0.76,10.0,10.0,1785873.664614936,1.444314,True,1784087786.335385,0.77,0.76,1784087786.335385,0.77,0.76,1784087786.335385,0.77,0.76,1784087786.335385,0.77,0.76
89b41f77-5e97-44d0-a2d2-2ec6f32fa084,KXETH15M-26AUG041615-15,ETH,1,2026-08-04 20:15:00+00:00,1785874,2026-08-04,no,1,0.77,10.0,10.0,1785873.664809148,1.917532,True,1784087786.3351908,0.77,0.76,1784087786.3351908,0.77,0.76,1784087786.3351908,0.77,0.76,1784087786.3351908,0.77,0.76
8baaaf4e-3176-4cfd-925e-5d5155c2729c,KXBTC15M-26AUG041630-30,BTC,0,2026-08-04 20:30:00+00:00,1785875,2026-08-04,no,1,0.72,30.0,0.0,1785874.56543244,,True,1784088685.4345675,0.6699999999999999,0.6599999999999999,1784088685.4345675,0.6699999999999999,0.6599999999999999,1784088685.4345675,0.6699999999999999,0.6599999999999999,1784088685.4345675,0.6699999999999999,0.6599999999999999
ffb75cd5-dfd6-46ec-97c4-9b0e5651121a,KXDOGE15M-26AUG041630-30,DOGE,4,2026-08-04 20:30:00+00:00,1785875,2026-08-04,no,1,0.83,30.0,30.0,1785874.56568648,17.322938,True,1784088685.4343135,0.81,0.8,1784088685.4343135,0.81,0.8,1784088685.4343135,0.81,0.8,1784088685.4343135,0.81,0.8
998495bc-b246-4985-9aa6-35ed9fd9549a,KXDOGE15M-26AUG041645-45,DOGE,4,2026-08-04 20:45:00+00:00,1785876,2026-08-04,yes,1,0.67,30.0,30.0,1785875.464332387,207.057514,True,1784089584.5356677,0.69,0.67,1784089584.5356677,0.69,0.67,1784089584.5356677,0.69,0.67,1784089584.5356677,0.69,0.67
45067500-e29e-412a-aa6e-142ed0332ed9,KXBTC15M-26AUG041645-45,BTC,0,2026-08-04 20:45:00+00:00,1785876,2026-08-04,yes,1,0.67,30.0,0.0,1785875.4695935,,True,1784089584.5304065,0.65,0.64,1784089584.5304065,0.65,0.64,1784089584.5304065,0.65,0.64,1784089584.5304065,0.65,0.64
d8ae20d9-e342-486f-96e5-3bca8b197a52,KXBTC15M-26AUG041700-00,BTC,0,2026-08-04 21:00:00+00:00,1785877,2026-08-04,no,1,0.72,30.0,30.0,1785876.362543558,0.399806,True,1784090483.6374564,0.73,0.71,1784090483.6374564,0.73,0.71,1784090483.6374564,0.73,0.71,1784090483.6374564,0.73,0.71
e63286e0-3082-4a42-9b9e-875eabdea0f1,KXETH15M-26AUG041700-00,ETH,1,2026-08-04 21:00:00+00:00,1785877,2026-08-04,no,1,0.69,30.0,30.0,1785876.362650501,0.049676,True,1784090483.6373496,0.71,0.69,1784090483.6373496,0.71,0.69,1784090483.6373496,0.71,0.69,1784090483.6373496,0.71,0.69
71eface8-96b8-4557-bff5-48438f71db72,KXBTC15M-26AUG041715-15,BTC,0,2026-08-04 21:15:00+00:00,1785878,2026-08-04,no,1,0.68,30.0,30.0,1785877.26116785,0.076582,True,1784091382.7388322,0.5,0.49,1784091382.7388322,0.5,0.49,1784091382.7388322,0.5,0.49,1784091382.7388322,0.5,0.49
501fa8f4-9e05-41e2-8c8a-e6ee34d35e73,KXETH15M-26AUG041715-15,ETH,1,2026-08-04 21:15:00+00:00,1785878,2026-08-04,no,1,0.67,30.0,0.0,1785877.26127538,,True,1784091382.7387247,0.55,0.53,1784091382.7387247,0.55,0.53,1784091382.7387247,0.55,0.53,1784091382.7387247,0.55,0.53
d3a324a2-9c4d-47eb-b2fa-c73f946d46cf,KXBTC15M-26AUG041730-30,BTC,0,2026-08-04 21:30:00+00:00,1785879,2026-08-04,yes,1,0.66,30.0,30.0,1785878.224978859,0.103783,True,1784092281.775021,0.59,0.58,1784092281.775021,0.59,0.58,1784092281.775021,0.59,0.58,1784092281.775021,0.59,0.58
04c6fb24-eff1-46cc-945c-4f7d810bdea8,KXSOL15M-26AUG041730-30,SOL,2,2026-08-04 21:30:00+00:00,1785879,2026-08-04,yes,1,0.68,30.0,30.0,1785878.246878388,2.481728,True,1784092281.7531216,0.5,0.49,1784092281.7531216,0.5,0.49,1784092281.7531216,0.5,0.49,1784092281.7531216,0.5,0.49
dfd802f5-2c67-41bd-8cfe-c96b5f917591,KXETH15M-26AUG041745-45,ETH,1,2026-08-04 21:45:00+00:00,1785879,2026-08-04,no,1,0.65,30.0,30.0,1785879.073728126,1.500176,True,1784093180.926272,0.6,0.5800000000000001,1784093180.926272,0.6,0.5800000000000001,1784093180.926272,0.6,0.5800000000000001,1784093180.926272,0.6,0.5800000000000001
d8a8b56d-80e5-4db3-9de0-4231e66d43bf,KXSOL15M-26AUG041745-45,SOL,2,2026-08-04 21:45:00+00:00,1785879,2026-08-04,no,0,0.65,30.0,30.0,1785879.073834165,45.354401,True,1784093180.9261658,0.63,0.62,1784093180.9261658,0.63,0.62,1784093180.9261658,0.63,0.62,1784093180.9261658,0.63,0.62
e94bd4f3-2a76-4118-a92d-eed72b7f2fa3,KXBTC15M-26AUG041800-00,BTC,0,2026-08-04 22:00:00+00:00,1785880,2026-08-04,no,1,0.75,30.0,30.0,1785879.964174643,0.438836,True,1784094080.0358253,0.75,0.74,1784094080.0358253,0.75,0.74,1784094080.0358253,0.75,0.74,1784094080.0358253,0.75,0.74
ae825f5d-dfc5-4ced-9f06-157d009005bb,KXXRP15M-26AUG041800-00,XRP,3,2026-08-04 22:00:00+00:00,1785880,2026-08-04,no,1,0.67,30.0,30.0,1785879.964421875,5.7314,True,1784094080.035578,0.6799999999999999,0.6699999999999999,1784094080.035578,0.6799999999999999,0.6699999999999999,1784094080.035578,0.6799999999999999,0.6699999999999999,1784094080.035578,0.6799999999999999,0.6699999999999999
7136c758-cf17-49fe-bf3d-730baec85ce1,KXETH15M-26AUG041815-15,ETH,1,2026-08-04 22:15:00+00:00,1785881,2026-08-04,no,0,0.66,30.0,30.0,1785880.863410127,263.59202,True,1784094979.1365898,0.56,0.55,1784094979.1365898,0.56,0.55,1784094979.1365898,0.56,0.55,1784094979.1365898,0.56,0.55
0dbba772-a4d3-49b1-aab0-76820e9e8b7f,KXSOL15M-26AUG041815-15,SOL,2,2026-08-04 22:15:00+00:00,1785881,2026-08-04,no,1,0.66,30.0,30.0,1785880.863526454,242.830151,True,1784094979.1364737,0.5900000000000001,0.5700000000000001,1784094979.1364737,0.5900000000000001,0.5700000000000001,1784094979.1364737,0.5900000000000001,0.5700000000000001,1784094979.1364737,0.5900000000000001,0.5700000000000001
75af75c6-b9dd-4550-a841-cf9269bc2754,KXETH15M-26AUG041830-30,ETH,1,2026-08-04 22:30:00+00:00,1785882,2026-08-04,yes,1,0.65,30.0,30.0,1785881.784963059,1.586233,True,1784095878.2150369,0.54,0.52,1784095878.2150369,0.54,0.52,1784095878.2150369,0.54,0.52,1784095878.2150369,0.54,0.52
f6198367-425b-4163-b3c5-58e636105c40,KXBTC15M-26AUG041830-30,BTC,0,2026-08-04 22:30:00+00:00,1785882,2026-08-04,no,0,0.67,30.0,30.0,1785881.860176392,1.594526,True,1784095878.1398237,0.5700000000000001,0.56,1784095878.1398237,0.5700000000000001,0.56,1784095878.1398237,0.5700000000000001,0.56,1784095878.1398237,0.5700000000000001,0.56
3f8de7c5-75a2-4e6a-829b-00a609558dad,KXBTC15M-26AUG041845-45,BTC,0,2026-08-04 22:45:00+00:00,1785883,2026-08-04,yes,0,0.71,30.0,30.0,1785882.66257114,0.213121,True,1784096777.3374288,0.72,0.71,1784096777.3374288,0.72,0.71,1784096777.3374288,0.72,0.71,1784096777.3374288,0.72,0.71
09dd3f94-0db8-499a-8d56-3dea3875c509,KXSOL15M-26AUG041845-45,SOL,2,2026-08-04 22:45:00+00:00,1785883,2026-08-04,yes,0,0.68,30.0,30.0,1785882.662749086,45.864126,True,1784096777.337251,0.69,0.68,1784096777.337251,0.69,0.68,1784096777.337251,0.69,0.68,1784096777.337251,0.69,0.68
a9f71135-de13-4bd3-9e11-aafdaafe002a,KXXRP15M-26AUG041900-00,XRP,3,2026-08-04 23:00:00+00:00,1785884,2026-08-04,yes,1,0.66,30.0,30.0,1785883.612245056,1.289018,True,1784097676.387755,0.55,0.53,1784097676.387755,0.55,0.53,1784097676.387755,0.55,0.53,1784097676.387755,0.55,0.53
4c337d29-4f7e-4074-86eb-8730fb294564,KXDOGE15M-26AUG041900-00,DOGE,4,2026-08-04 23:00:00+00:00,1785884,2026-08-04,yes,1,0.72,30.0,30.0,1785883.623232961,1.408092,False,,,,,,,,,,,,
b7c41fdb-4644-4531-8c58-b39a6b2acd44,KXBTC15M-26AUG041930-30,BTC,0,2026-08-04 23:30:00+00:00,1785886,2026-08-04,yes,0,0.68,30.0,30.0,1785885.362982787,4.906014,True,1784099474.6370173,0.69,0.68,1784099474.6370173,0.69,0.68,1784099474.6370173,0.69,0.68,1784099474.6370173,0.69,0.68
86dfdfac-22f9-4bfc-93bd-a5fa5c018329,KXETH15M-26AUG041930-30,ETH,1,2026-08-04 23:30:00+00:00,1785886,2026-08-04,yes,0,0.69,30.0,30.0,1785885.373799,4.31569,True,1784099474.626201,0.57,0.55,1784099474.626201,0.57,0.55,1784099474.626201,0.57,0.55,1784099474.626201,0.57,0.55
ca6c7957-f30d-48d1-a685-a5b022b5d12e,KXSOL15M-26AUG041945-45,SOL,2,2026-08-04 23:45:00+00:00,1785887,2026-08-04,no,1,0.7,30.0,30.0,1785886.27643588,14.830006,True,1784100373.7235641,0.63,0.62,1784100373.7235641,0.63,0.62,1784100373.7235641,0.63,0.62,1784100373.7235641,0.63,0.62
4212c2f4-2842-42a8-bd2e-a0cac24f7222,KXXRP15M-26AUG041945-45,XRP,3,2026-08-04 23:45:00+00:00,1785887,2026-08-04,no,0,0.67,30.0,30.0,1785886.276550587,14.611783,True,1784100373.7234495,0.5900000000000001,0.5800000000000001,1784100373.7234495,0.5900000000000001,0.5800000000000001,1784100373.7234495,0.5900000000000001,0.5800000000000001,1784100373.7234495,0.5900000000000001,0.5800000000000001
e14d7d53-876e-45d3-b42f-41740d27d311,KXDOGE15M-26AUG042000-00,DOGE,4,2026-08-05 00:00:00+00:00,1785888,2026-08-05,no,1,0.73,30.0,30.0,1785887.162376106,5.919811,True,1784101272.8376238,0.73,0.71,1784101272.8376238,0.73,0.71,1784101272.8376238,0.73,0.71,1784101272.8376238,0.73,0.71
e9300faf-91d3-4433-92c8-91cec5626ce8,KXBTC15M-26AUG042015-15,BTC,0,2026-08-05 00:15:00+00:00,1785888,2026-08-05,no,1,0.65,30.0,30.0,1785888.101711421,0.003604,True,1784102171.8982885,0.53,0.52,1784102171.8982885,0.53,0.52,1784102171.8982885,0.53,0.52,1784102171.8982885,0.53,0.52
09010e35-920b-4ce7-8f40-cf871ebf848e,KXDOGE15M-26AUG042015-15,DOGE,4,2026-08-05 00:15:00+00:00,1785888,2026-08-05,no,1,0.67,30.0,30.0,1785888.118105335,0.791821,True,1784102171.8818946,0.56,0.54,1784102171.8818946,0.56,0.54,1784102171.8818946,0.56,0.54,1784102171.8818946,0.56,0.54
73fe42ee-fa83-47f1-b785-1b563915f249,KXETH15M-26AUG042030-30,ETH,1,2026-08-05 00:30:00+00:00,1785889,2026-08-05,no,1,0.67,30.0,30.0,1785889.002286918,2.902163,True,1784103070.997713,0.54,0.52,1784103070.997713,0.54,0.52,1784103070.997713,0.54,0.52,1784103070.997713,0.54,0.52
d3ef2627-2083-4e78-95e9-788f679e72a0,KXSOL15M-26AUG042030-30,SOL,2,2026-08-05 00:30:00+00:00,1785889,2026-08-05,no,1,0.65,30.0,30.0,1785889.07805804,1.893969,False,,,,,,,,,,,,
7be99f2e-3ce4-4452-91c0-212dc9ded76b,KXBTC15M-26AUG042045-45,BTC,0,2026-08-05 00:45:00+00:00,1785890,2026-08-05,yes,1,0.77,30.0,30.0,1785889.863581976,0.334362,True,1784103970.136418,0.76,0.75,1784103970.136418,0.76,0.75,1784103970.136418,0.76,0.75,1784103970.136418,0.76,0.75
3ee4b479-c15d-455f-9d3b-c5ac65198461,KXETH15M-26AUG042045-45,ETH,1,2026-08-05 00:45:00+00:00,1785890,2026-08-05,yes,1,0.67,30.0,30.0,1785889.863682907,1.378669,True,1784103970.136317,0.66,0.65,1784103970.136317,0.66,0.65,1784103970.136317,0.66,0.65,1784103970.136317,0.66,0.65
07a0b081-5349-4ef2-819e-1dab43f5a299,KXBTC15M-26AUG042100-00,BTC,0,2026-08-05 01:00:00+00:00,1785891,2026-08-05,no,1,0.72,30.0,30.0,1785890.832842938,0.916731,False,,,,,,,,,,,,
a6768b6c-d69b-4a4d-a794-1203bcda3036,KXETH15M-26AUG042100-00,ETH,1,2026-08-05 01:00:00+00:00,1785891,2026-08-05,no,1,0.69,30.0,30.0,1785890.832998297,1.155261,False,,,,,,,,,,,,
0bbd6664-6a23-4b84-91fc-848462eb0f08,KXSOL15M-26AUG042115-15,SOL,2,2026-08-05 01:15:00+00:00,1785892,2026-08-05,no,0,0.66,30.0,30.0,1785891.665042771,0.767076,True,1784105768.3349571,0.69,0.6799999999999999,1784105768.3349571,0.69,0.6799999999999999,1784105768.3349571,0.69,0.6799999999999999,1784105768.3349571,0.69,0.6799999999999999
d518973a-ae31-4cc3-9405-2f97304c08e2,KXXRP15M-26AUG042115-15,XRP,3,2026-08-05 01:15:00+00:00,1785892,2026-08-05,no,1,0.65,30.0,30.0,1785891.665149158,0.675459,True,1784105768.3348508,0.75,0.74,1784105768.3348508,0.75,0.74,1784105768.3348508,0.75,0.74,1784105768.3348508,0.75,0.74
25f11078-7a36-443e-bd63-0fc8e57f49d3,KXBTC15M-26AUG042130-30,BTC,0,2026-08-05 01:30:00+00:00,1785893,2026-08-05,no,0,0.65,30.0,30.0,1785892.587396405,135.05956,True,1784106667.4126036,0.65,0.64,1784106667.4126036,0.65,0.64,1784106667.4126036,0.65,0.64,1784106667.4126036,0.65,0.64
f3189e63-11a1-4aad-84e3-d5eac83e60b7,KXETH15M-26AUG042130-30,ETH,1,2026-08-05 01:30:00+00:00,1785893,2026-08-05,no,0,0.67,30.0,30.0,1785892.592856665,25.02736,False,,,,,,,,,,,,
bdf8a7cd-b2c7-41d9-9152-6f5472885530,KXBTC15M-26AUG042145-45,BTC,0,2026-08-05 01:45:00+00:00,1785894,2026-08-05,yes,1,0.71,30.0,30.0,1785893.481736096,0.040109,True,1784107566.5182638,0.62,0.61,1784107566.5182638,0.62,0.61,1784107566.5182638,0.62,0.61,1784107566.5182638,0.62,0.61
189ac238-0fa9-4a45-a66f-d500e467fdb0,KXETH15M-26AUG042145-45,ETH,1,2026-08-05 01:45:00+00:00,1785894,2026-08-05,yes,1,0.73,30.0,30.0,1785893.481855445,1.003209,False,,,,,,,,,,,,
9e096324-03d0-429d-855c-b2c6674e476e,KXETH15M-26AUG042200-00,ETH,1,2026-08-05 02:00:00+00:00,1785895,2026-08-05,yes,1,0.66,30.0,30.0,1785894.372579821,1.870236,False,,,,,,,,,,,,
369ada9d-13ab-434f-ab59-c464c7a3296a,KXSOL15M-26AUG042200-00,SOL,2,2026-08-05 02:00:00+00:00,1785895,2026-08-05,yes,1,0.66,30.0,30.0,1785894.377996105,1.451192,False,,,,,,,,,,,,
86e35348-b342-4ad0-987a-0c6b84063f01,KXETH15M-26AUG042215-15,ETH,1,2026-08-05 02:15:00+00:00,1785896,2026-08-05,yes,1,0.65,30.0,30.0,1785895.278318011,0.960179,True,1784109364.721682,0.55,0.53,1784109364.721682,0.55,0.53,1784109364.721682,0.55,0.53,1784109364.721682,0.55,0.53
a222c7a1-9ebc-4a7e-950b-cd721edaedfc,KXXRP15M-26AUG042215-15,XRP,3,2026-08-05 02:15:00+00:00,1785896,2026-08-05,yes,1,0.69,30.0,0.0,1785895.278496029,,True,1784109364.721504,0.58,0.56,1784109364.721504,0.58,0.56,1784109364.721504,0.58,0.56,1784109364.721504,0.58,0.56
baaf32a3-354d-4382-a4b1-291f9ead4c50,KXBTC15M-26AUG042230-30,BTC,0,2026-08-05 02:30:00+00:00,1785897,2026-08-05,no,1,0.66,30.0,30.0,1785896.167806328,0.783733,True,1784110263.8321936,0.65,0.64,1784110263.8321936,0.65,0.64,1784110263.8321936,0.65,0.64,1784110263.8321936,0.65,0.64
4be5fcfd-c1c3-4194-8583-31390654a5cf,KXETH15M-26AUG042230-30,ETH,1,2026-08-05 02:30:00+00:00,1785897,2026-08-05,no,1,0.68,30.0,30.0,1785896.226849971,3.113862,True,1784110263.77315,0.5900000000000001,0.5800000000000001,1784110263.77315,0.5900000000000001,0.5800000000000001,1784110263.77315,0.5900000000000001,0.5800000000000001,1784110263.77315,0.5900000000000001,0.5800000000000001
47db819f-e103-4bed-9926-3dc4e663becb,KXDOGE15M-26AUG042245-45,DOGE,4,2026-08-05 02:45:00+00:00,1785897,2026-08-05,yes,1,0.66,30.0,30.0,1785897.118878704,8.961379,True,1784111162.8811214,0.44,0.43,1784111162.8811214,0.44,0.43,1784111162.8811214,0.44,0.43,1784111162.8811214,0.44,0.43
f0ebe2ba-4d6b-44f3-9890-91d6c80b1832,KXXRP15M-26AUG042245-45,XRP,3,2026-08-05 02:45:00+00:00,1785897,2026-08-05,yes,1,0.66,30.0,30.0,1785897.135116781,1.691974,False,,,,,,,,,,,,
4a16d210-7015-4139-98ed-345193765e80,KXSOL15M-26AUG042300-00,SOL,2,2026-08-05 03:00:00+00:00,1785898,2026-08-05,yes,0,0.72,30.0,30.0,1785897.962444712,58.599254,True,1784112062.0375552,0.73,0.71,1784112062.0375552,0.73,0.71,1784112062.0375552,0.73,0.71,1784112062.0375552,0.73,0.71
07814d9f-ad2d-4eb7-8210-8eddd01b9d93,KXXRP15M-26AUG042300-00,XRP,3,2026-08-05 03:00:00+00:00,1785898,2026-08-05,yes,0,0.68,30.0,30.0,1785897.96254912,58.620394,True,1784112062.0374508,0.68,0.67,1784112062.0374508,0.68,0.67,1784112062.0374508,0.68,0.67,1784112062.0374508,0.68,0.67
7e91f643-33c2-4d20-9af2-a486c7e542ce,KXBTC15M-26AUG042315-15,BTC,0,2026-08-05 03:15:00+00:00,1785899,2026-08-05,yes,1,0.76,30.0,30.0,1785898.861504253,5.619076,True,1784112961.1384957,0.77,0.76,1784112961.1384957,0.77,0.76,1784112961.1384957,0.77,0.76,1784112961.1384957,0.77,0.76
6ce3127a-c372-43bb-afa2-b157e3192baf,KXBTC15M-26AUG042315-15,BTC,0,2026-08-05 03:15:00+00:00,1785899,2026-08-05,yes,1,0.77,10.0,10.0,1785898.865641364,0.358868,True,1784112961.1343586,0.77,0.76,1784112961.1343586,0.77,0.76,1784112961.1343586,0.77,0.76,1784112961.1343586,0.77,0.76
09fd6bd2-b3b9-42b8-ba42-7791396e2301,KXETH15M-26AUG042315-15,ETH,1,2026-08-05 03:15:00+00:00,1785899,2026-08-05,yes,0,0.74,10.0,10.0,1785898.865741039,0.908863,False,,,,,,,,,,,,
94dc9c96-244a-4f7f-bdcf-7f015f7fa6a7,KXETH15M-26AUG042315-15,ETH,1,2026-08-05 03:15:00+00:00,1785899,2026-08-05,yes,0,0.71,30.0,30.0,1785898.871961582,0.686652,False,,,,,,,,,,,,
cd0c7109-d25a-4953-9a00-b1767ee33682,KXBTC15M-26AUG042330-30,BTC,0,2026-08-05 03:30:00+00:00,1785900,2026-08-05,no,1,0.66,30.0,30.0,1785899.761765044,0.216449,True,1784113860.238235,0.6699999999999999,0.6599999999999999,1784113860.238235,0.6699999999999999,0.6599999999999999,1784113860.238235,0.6699999999999999,0.6599999999999999,1784113860.238235,0.6699999999999999,0.6599999999999999
40bd2c35-99d7-48a5-a417-e3060c8461fd,KXDOGE15M-26AUG042330-30,DOGE,4,2026-08-05 03:30:00+00:00,1785900,2026-08-05,no,1,0.76,30.0,30.0,1785899.787957136,0.672128,True,1784113860.2120428,0.8,0.78,1784113860.2120428,0.8,0.78,1784113860.2120428,0.8,0.78,1784113860.2120428,0.8,0.78
9efb41d5-f149-4fc7-ba2e-86ccc9b9bdfb,KXBTC15M-26AUG042345-45,BTC,0,2026-08-05 03:45:00+00:00,1785901,2026-08-05,yes,1,0.65,30.0,30.0,1785900.736856716,0.947664,True,1784114759.2631433,0.57,0.56,1784114759.2631433,0.57,0.56,1784114759.2631433,0.57,0.56,1784114759.2631433,0.57,0.56
6fc04a33-2d6c-4462-bd6b-5d26616b222c,KXETH15M-26AUG042345-45,ETH,1,2026-08-05 03:45:00+00:00,1785901,2026-08-05,yes,1,0.69,30.0,30.0,1785900.736959615,0.059563,False,,,,,,,,,,,,
4aa62851-0351-4bce-a19a-f06a2e24a19f,KXDOGE15M-26AUG042345-45,DOGE,4,2026-08-05 03:45:00+00:00,1785901,2026-08-05,yes,1,0.65,30.0,30.0,1785900.75295012,21.314895,False,,,,,,,,,,,,
25918a84-3b60-459f-8bb2-ced701de4ab3,KXETH15M-26AUG050000-00,ETH,1,2026-08-05 04:00:00+00:00,1785902,2026-08-05,yes,1,0.65,30.0,30.0,1785901.621302371,12.268112,True,1784115658.3786976,0.62,0.61,1784115658.3786976,0.62,0.61,1784115658.3786976,0.62,0.61,1784115658.3786976,0.62,0.61
a7bde257-022e-4ca6-b7bb-68841489d5d6,KXBTC15M-26AUG050000-00,BTC,0,2026-08-05 04:00:00+00:00,1785902,2026-08-05,yes,1,0.65,30.0,30.0,1785901.695782717,1.238013,True,1784115658.3042173,0.52,0.51,1784115658.3042173,0.52,0.51,1784115658.3042173,0.52,0.51,1784115658.3042173,0.52,0.51
c56e6177-c20a-46e2-af19-0102f92a1c67,KXXRP15M-26AUG050000-00,XRP,3,2026-08-05 04:00:00+00:00,1785902,2026-08-05,yes,1,0.68,30.0,30.0,1785901.701257123,0.051839,True,1784115658.2987428,0.54,0.53,1784115658.2987428,0.54,0.53,1784115658.2987428,0.54,0.53,1784115658.2987428,0.54,0.53
d0ce6fad-cb1d-4c1a-b2e7-5b2ff37a4653,KXETH15M-26AUG050015-15,ETH,1,2026-08-05 04:15:00+00:00,1785903,2026-08-05,no,1,0.68,30.0,0.0,1785902.478849837,,True,1784116557.52115,0.5700000000000001,0.55,1784116557.52115,0.5700000000000001,0.55,1784116557.52115,0.5700000000000001,0.55,1784116557.52115,0.5700000000000001,0.55
4bd2cf47-e30b-46d6-b448-eb61a34fa2e4,KXBTC15M-26AUG050015-15,BTC,0,2026-08-05 04:15:00+00:00,1785903,2026-08-05,no,1,0.66,30.0,30.0,1785902.489535383,1.017425,True,1784116557.5104647,0.49,0.48,1784116557.5104647,0.49,0.48,1784116557.5104647,0.49,0.48,1784116557.5104647,0.49,0.48
39683d56-5c78-4d51-8330-3fc56708cc4d,KXXRP15M-26AUG050015-15,XRP,3,2026-08-05 04:15:00+00:00,1785903,2026-08-05,no,1,0.66,30.0,0.0,1785902.489655531,,False,,,,,,,,,,,,
ba88a2a4-bc8e-4c67-b1d9-5061d468e939,KXBTC15M-26AUG050030-30,BTC,0,2026-08-05 04:30:00+00:00,1785904,2026-08-05,no,0,0.67,30.0,30.0,1785903.363768474,0.215372,True,1784117456.6362314,0.6699999999999999,0.6599999999999999,1784117456.6362314,0.6699999999999999,0.6599999999999999,1784117456.6362314,0.6699999999999999,0.6599999999999999,1784117456.6362314,0.6699999999999999,0.6599999999999999
507083ce-ef2a-4b8c-8285-6cdfb047563d,KXETH15M-26AUG050030-30,ETH,1,2026-08-05 04:30:00+00:00,1785904,2026-08-05,no,0,0.65,30.0,30.0,1785903.406047238,2.735551,True,1784117456.5939527,0.64,0.62,1784117456.5939527,0.64,0.62,1784117456.5939527,0.64,0.62,1784117456.5939527,0.64,0.62
413215f2-ab45-462f-a86f-81e8816ca3c2,KXXRP15M-26AUG050030-30,XRP,3,2026-08-05 04:30:00+00:00,1785904,2026-08-05,no,1,0.69,30.0,30.0,1785903.406156731,89.599516,True,1784117456.5938432,0.71,0.7,1784117456.5938432,0.71,0.7,1784117456.5938432,0.71,0.7,1784117456.5938432,0.71,0.7
1e879b4f-fe6f-47d7-a16d-14f8aa07fea4,KXBTC15M-26AUG050045-45,BTC,0,2026-08-05 04:45:00+00:00,1785905,2026-08-05,yes,1,0.71,30.0,30.0,1785904.276720726,0.119659,True,1784118355.7232792,0.59,0.58,1784118355.7232792,0.59,0.58,1784118355.7232792,0.59,0.58,1784118355.7232792,0.59,0.58
32264f62-c1e8-40d6-8e2d-afa0e9af5b1e,KXETH15M-26AUG050045-45,ETH,1,2026-08-05 04:45:00+00:00,1785905,2026-08-05,yes,0,0.67,30.0,30.0,1785904.282120526,1.522724,True,1784118355.7178795,0.57,0.56,1784118355.7178795,0.57,0.56,1784118355.7178795,0.57,0.56,1784118355.7178795,0.57,0.56
28edd780-bfd3-4b78-abc1-a45eee18d3c8,KXDOGE15M-26AUG050045-45,DOGE,4,2026-08-05 04:45:00+00:00,1785905,2026-08-05,yes,1,0.66,30.0,30.0,1785904.282254751,13.921489,False,,,,,,,,,,,,
2528ab8a-0a79-4853-9172-0adc9bd96fe0,KXDOGE15M-26AUG050100-00,DOGE,4,2026-08-05 05:00:00+00:00,1785906,2026-08-05,no,1,0.65,30.0,30.0,1785905.29765864,44.57352,False,,,,,,,,,,,,
9d22e61c-977b-4c55-ad84-bb5a1b304d34,KXSOL15M-26AUG050100-00,SOL,2,2026-08-05 05:00:00+00:00,1785906,2026-08-05,yes,1,0.74,30.0,30.0,1785905.345971797,5.151417,False,,,,,,,,,,,,
4e7c9f2b-f40e-4e64-b51c-df096d475a1d,KXBTC15M-26AUG050115-15,BTC,0,2026-08-05 05:15:00+00:00,1785906,2026-08-05,yes,1,0.67,30.0,30.0,1785906.097317582,3.200932,True,1784120153.9026823,0.38,0.37,1784120153.9026823,0.38,0.37,1784120153.9026823,0.38,0.37,1784120153.9026823,0.38,0.37
a82442ce-a344-4bb5-a6e3-cae2624d576a,KXETH15M-26AUG050115-15,ETH,1,2026-08-05 05:15:00+00:00,1785906,2026-08-05,yes,1,0.71,30.0,30.0,1785906.097432216,2.040766,True,1784120153.9025679,0.46,0.44,1784120153.9025679,0.46,0.44,1784120153.9025679,0.46,0.44,1784120153.9025679,0.46,0.44
8fc71498-628c-4ef6-a66d-95869dc0ab0d,KXDOGE15M-26AUG050115-15,DOGE,4,2026-08-05 05:15:00+00:00,1785906,2026-08-05,yes,1,0.67,30.0,0.0,1785906.10291102,,True,1784120153.897089,0.4,0.38,1784120153.897089,0.4,0.38,1784120153.897089,0.4,0.38,1784120153.897089,0.4,0.38
f13763e5-b550-4ec1-83e2-5fb9ed2bbb0b,KXETH15M-26AUG050130-30,ETH,1,2026-08-05 05:30:00+00:00,1785907,2026-08-05,no,0,0.65,30.0,30.0,1785907.12536763,0.048062,True,1784121052.8746324,0.5900000000000001,0.5700000000000001,1784121052.8746324,0.5900000000000001,0.5700000000000001,1784121052.8746324,0.5900000000000001,0.5700000000000001,1784121052.8746324,0.5900000000000001,0.5700000000000001
d2ec8bbb-b601-4a57-9da4-1d4b0582a04e,KXDOGE15M-26AUG050130-30,DOGE,4,2026-08-05 05:30:00+00:00,1785907,2026-08-05,no,0,0.69,30.0,30.0,1785907.141573207,8.258251,False,,,,,,,,,,,,
a00f5241-432a-4232-8cab-ce6e0aef9457,KXXRP15M-26AUG050130-30,XRP,3,2026-08-05 05:30:00+00:00,1785907,2026-08-05,yes,1,0.71,30.0,30.0,1785907.178660807,9.804262,True,1784121052.8213391,0.47,0.45,1784121052.8213391,0.47,0.45,1784121052.8213391,0.47,0.45,1784121052.8213391,0.47,0.45
b80ceedf-0518-4952-b31d-c6227afbe787,KXXRP15M-26AUG050145-45,XRP,3,2026-08-05 05:45:00+00:00,1785908,2026-08-05,no,1,0.71,30.0,30.0,1785907.885176198,0.7164,True,1784121952.1148238,0.78,0.77,1784121952.1148238,0.78,0.77,1784121952.1148238,0.78,0.77,1784121952.1148238,0.78,0.77
4abf9709-cf93-4200-8278-feb4b2325d85,KXBTC15M-26AUG050145-45,BTC,0,2026-08-05 05:45:00+00:00,1785908,2026-08-05,no,1,0.71,30.0,30.0,1785907.933090147,0.324475,True,1784121952.0669098,0.64,0.63,1784121952.0669098,0.64,0.63,1784121952.0669098,0.64,0.63,1784121952.0669098,0.64,0.63
0ec5b83f-e77c-40f0-a7da-6af86b99f21e,KXETH15M-26AUG050145-45,ETH,1,2026-08-05 05:45:00+00:00,1785908,2026-08-05,no,1,0.68,30.0,30.0,1785907.933193741,5.958789,True,1784121952.0668063,0.6599999999999999,0.65,1784121952.0668063,0.6599999999999999,0.65,1784121952.0668063,0.6599999999999999,0.65,1784121952.0668063,0.6599999999999999,0.65
ea28e8dd-46a1-4d16-9f14-102371076db5,KXETH15M-26AUG050200-00,ETH,1,2026-08-05 06:00:00+00:00,1785909,2026-08-05,yes,1,0.7,30.0,30.0,1785908.783822991,11.401871,False,,,,,,,,,,,,
0a88705a-96a8-43e2-9d5b-8ec0858e57ba,KXBTC15M-26AUG050200-00,BTC,0,2026-08-05 06:00:00+00:00,1785909,2026-08-05,yes,1,0.65,30.0,30.0,1785908.820448921,0.404318,False,,,,,,,,,,,,
3a25c34d-b93a-446e-96b1-9f27ececf3a6,KXXRP15M-26AUG050200-00,XRP,3,2026-08-05 06:00:00+00:00,1785909,2026-08-05,yes,1,0.73,30.0,30.0,1785908.820584735,5.729782,False,,,,,,,,,,,,
20fde01f-854e-4a38-b0ad-efe503aa3b28,KXBTC15M-26AUG050215-15,BTC,0,2026-08-05 06:15:00+00:00,1785910,2026-08-05,no,1,0.72,30.0,30.0,1785909.662233256,6.74593,True,1784123750.3377666,0.73,0.72,1784123750.3377666,0.73,0.72,1784123750.3377666,0.73,0.72,1784123750.3377666,0.73,0.72
c62b9a70-71af-4de7-b084-bb5e8eae2d8c,KXETH15M-26AUG050215-15,ETH,1,2026-08-05 06:15:00+00:00,1785910,2026-08-05,no,1,0.68,30.0,30.0,1785909.684078313,172.356687,True,1784123750.3159218,0.64,0.61,1784123750.3159218,0.64,0.61,1784123750.3159218,0.64,0.61,1784123750.3159218,0.64,0.61
deb5cad6-d160-4e08-8ca8-b6ed825fb1c6,KXSOL15M-26AUG050215-15,SOL,2,2026-08-05 06:15:00+00:00,1785910,2026-08-05,no,1,0.74,30.0,30.0,1785909.716735844,17.174708,True,1784123750.2832642,0.69,0.6699999999999999,1784123750.2832642,0.69,0.6699999999999999,1784123750.2832642,0.69,0.6699999999999999,1784123750.2832642,0.69,0.6699999999999999
1d79303d-b3f3-4ec2-bd76-aa60a3890ac1,KXBTC15M-26AUG050230-30,BTC,0,2026-08-05 06:30:00+00:00,1785911,2026-08-05,no,1,0.68,30.0,0.0,1785910.565292863,,True,1784124649.4347072,0.5900000000000001,0.5800000000000001,1784124649.4347072,0.5900000000000001,0.5800000000000001,1784124649.4347072,0.5900000000000001,0.5800000000000001,1784124649.4347072,0.5900000000000001,0.5800000000000001
b4503895-174b-41a5-876d-b1a12b9b73e7,KXETH15M-26AUG050230-30,ETH,1,2026-08-05 06:30:00+00:00,1785911,2026-08-05,no,1,0.66,30.0,30.0,1785910.624842065,4.205782,True,1784124649.3751578,0.6,0.5700000000000001,1784124649.3751578,0.6,0.5700000000000001,1784124649.3751578,0.6,0.5700000000000001,1784124649.3751578,0.6,0.5700000000000001
5a52d11c-09ec-4747-a3e6-2761ff697303,KXXRP15M-26AUG050230-30,XRP,3,2026-08-05 06:30:00+00:00,1785911,2026-08-05,no,1,0.82,30.0,0.0,1785910.87089635,,True,1784124649.1291037,0.64,0.62,1784124649.1291037,0.64,0.62,1784124649.1291037,0.64,0.62,1784124649.1291037,0.64,0.62
b376b9ae-a661-438f-a818-e92e6b6b30b0,KXXRP15M-26AUG050245-45,XRP,3,2026-08-05 06:45:00+00:00,1785912,2026-08-05,yes,1,0.74,30.0,0.0,1785911.641294233,,True,1784125548.3587058,0.58,0.55,1784125548.3587058,0.58,0.55,1784125548.3587058,0.58,0.55,1784125548.3587058,0.58,0.55
f94618cc-9d49-4f6b-b0b9-10cbc8be6a3f,KXDOGE15M-26AUG050245-45,DOGE,4,2026-08-05 06:45:00+00:00,1785912,2026-08-05,yes,1,0.67,30.0,30.0,1785911.67968286,565.547412,True,1784125548.320317,0.51,0.5,1784125548.320317,0.51,0.5,1784125548.320317,0.51,0.5,1784125548.320317,0.51,0.5
22340bde-5a5c-4334-8325-e4dbe2b9461a,KXETH15M-26AUG050245-45,ETH,1,2026-08-05 06:45:00+00:00,1785912,2026-08-05,yes,1,0.8,30.0,30.0,1785911.685246738,3.257785,True,1784125548.3147533,0.6,0.59,1784125548.3147533,0.6,0.59,1784125548.3147533,0.6,0.59,1784125548.3147533,0.6,0.59
cb5b2a27-4277-4ce6-a029-46cd632ceddf,KXBTC15M-26AUG050300-00,BTC,0,2026-08-05 07:00:00+00:00,1785913,2026-08-05,no,1,0.74,30.0,30.0,1785912.363734073,24.321859,True,1784126447.636266,0.71,0.7,1784126447.636266,0.71,0.7,1784126447.636266,0.71,0.7,1784126447.636266,0.71,0.7
15d5fb9e-a5c5-464a-9f78-a66640342013,KXETH15M-26AUG050300-00,ETH,1,2026-08-05 07:00:00+00:00,1785913,2026-08-05,no,1,0.8,30.0,0.0,1785912.363778359,,False,,,,,,,,,,,,
ae88ba6a-705c-490f-921c-e4f36a0e9496,KXXRP15M-26AUG050300-00,XRP,3,2026-08-05 07:00:00+00:00,1785913,2026-08-05,no,1,0.75,30.0,30.0,1785912.397648966,8.030829,False,,,,,,,,,,,,
ff7ff3ba-ad1e-4030-8038-35430cafc89e,KXBTC15M-26AUG050315-15,BTC,0,2026-08-05 07:15:00+00:00,1785914,2026-08-05,no,1,0.69,30.0,30.0,1785913.327197735,4.043976,True,1784127346.6728022,0.43999999999999995,0.43000000000000005,1784127346.6728022,0.43999999999999995,0.43000000000000005,1784127346.6728022,0.43999999999999995,0.43000000000000005,1784127346.6728022,0.43999999999999995,0.43000000000000005
d57a1c2c-0af5-44ab-9d55-f74e87a839a5,KXHYPE15M-26AUG050315-15,HYPE,5,2026-08-05 07:15:00+00:00,1785914,2026-08-05,yes,0,0.81,30.0,30.0,1785913.349728616,3.318533,True,1784127346.6502714,0.71,0.7,1784127346.6502714,0.71,0.7,1784127346.6502714,0.71,0.7,1784127346.6502714,0.71,0.7
e05315e0-b3d1-42f6-8ad4-376b3ae5bfd6,KXSOL15M-26AUG050315-15,SOL,2,2026-08-05 07:15:00+00:00,1785914,2026-08-05,no,1,0.71,30.0,30.0,1785913.420385766,2.133537,True,1784127346.5796142,0.41000000000000003,0.39,1784127346.5796142,0.41000000000000003,0.39,1784127346.5796142,0.41000000000000003,0.39,1784127346.5796142,0.41000000000000003,0.39
a0708e55-b343-4cee-83ac-79eee30f0464,KXBTC15M-26AUG050330-30,BTC,0,2026-08-05 07:30:00+00:00,1785915,2026-08-05,no,1,0.67,30.0,30.0,1785914.291280094,1.107309,True,1784128245.70872,0.5800000000000001,0.5700000000000001,1784128245.70872,0.5800000000000001,0.5700000000000001,1784128245.70872,0.5800000000000001,0.5700000000000001,1784128245.70872,0.5800000000000001,0.5700000000000001
ee2a4663-8f98-4a9c-88b6-bd03963086ff,KXETH15M-26AUG050330-30,ETH,1,2026-08-05 07:30:00+00:00,1785915,2026-08-05,no,1,0.66,30.0,6.76,1785914.323934231,3.43227,True,1784128245.6760657,0.5800000000000001,0.5700000000000001,1784128245.6760657,0.5800000000000001,0.5700000000000001,1784128245.6760657,0.5800000000000001,0.5700000000000001,1784128245.6760657,0.5800000000000001,0.5700000000000001
99be2880-ff8f-44d3-b476-d9d7fb537b5a,KXDOGE15M-26AUG050330-30,DOGE,4,2026-08-05 07:30:00+00:00,1785915,2026-08-05,no,1,0.68,30.0,0.0,1785914.379340104,,True,1784128245.6206598,0.6,0.5900000000000001,1784128245.6206598,0.6,0.5900000000000001,1784128245.6206598,0.6,0.5900000000000001,1784128245.6206598,0.6,0.5900000000000001
428085cd-60d6-430a-83f5-ba765d85f8be,KXXRP15M-26AUG050345-45,XRP,3,2026-08-05 07:45:00+00:00,1785915,2026-08-05,yes,1,0.68,30.0,30.0,1785915.174297603,6.777958,True,1784129144.8257024,0.41,0.39,1784129144.8257024,0.41,0.39,1784129144.8257024,0.41,0.39,1784129144.8257024,0.41,0.39
fdbf7d91-7436-4880-903d-a4b9def799f7,KXETH15M-26AUG050345-45,ETH,1,2026-08-05 07:45:00+00:00,1785915,2026-08-05,yes,1,0.65,30.0,30.0,1785915.179898885,0.938171,True,1784129144.820101,0.53,0.51,1784129144.820101,0.53,0.51,1784129144.820101,0.53,0.51,1784129144.820101,0.53,0.51
9a4eb1e7-0285-4d0d-a3d4-e0e15c86642f,KXHYPE15M-26AUG050345-45,HYPE,5,2026-08-05 07:45:00+00:00,1785915,2026-08-05,yes,0,0.66,30.0,30.0,1785915.279440604,1.724746,True,1784129144.7205594,0.54,0.53,1784129144.7205594,0.54,0.53,1784129144.7205594,0.54,0.53,1784129144.7205594,0.54,0.53
28d54a36-ed55-4b1e-af5b-a3bd01fd4584,KXBTC15M-26AUG050400-00,BTC,0,2026-08-05 08:00:00+00:00,1785916,2026-08-05,yes,1,0.66,30.0,30.0,1785915.973223718,0.076263,True,1784130044.0267763,0.59,0.58,1784130044.0267763,0.59,0.58,1784130044.0267763,0.59,0.58,1784130044.0267763,0.59,0.58
0e32b92c-1ef3-4d04-a1c5-2f102b7c6217,KXETH15M-26AUG050400-00,ETH,1,2026-08-05 08:00:00+00:00,1785916,2026-08-05,yes,1,0.72,30.0,0.0,1785915.9788881,,True,1784130044.021112,0.67,0.66,1784130044.021112,0.67,0.66,1784130044.021112,0.67,0.66,1784130044.021112,0.67,0.66
d06a099e-a7a0-45c5-a15b-ec0f709880b5,KXDOGE15M-26AUG050400-00,DOGE,4,2026-08-05 08:00:00+00:00,1785916,2026-08-05,yes,1,0.85,30.0,30.0,1785915.98986519,7.062661,True,1784130044.0101347,0.72,0.71,1784130044.0101347,0.72,0.71,1784130044.0101347,0.72,0.71,1784130044.0101347,0.72,0.71
939538ed-9f34-439c-8419-f9784a072628,KXETH15M-26AUG050415-15,ETH,1,2026-08-05 08:15:00+00:00,1785917,2026-08-05,yes,0,0.76,30.0,30.0,1785916.86783727,61.694188,True,1784130943.1321628,0.8,0.79,1784130943.1321628,0.8,0.79,1784130943.1321628,0.8,0.79,1784130943.1321628,0.8,0.79
27091263-8eae-4a14-8f46-30cc216a8648,KXBTC15M-26AUG050415-15,BTC,0,2026-08-05 08:15:00+00:00,1785917,2026-08-05,yes,1,0.76,30.0,30.0,1785916.884632205,1.169032,True,1784130943.115368,0.67,0.66,1784130943.115368,0.67,0.66,1784130943.115368,0.67,0.66,1784130943.115368,0.67,0.66
ced7a5f3-d98d-48a3-bb87-5319c09b1760,KXSOL15M-26AUG050415-15,SOL,2,2026-08-05 08:15:00+00:00,1785917,2026-08-05,yes,1,0.8,30.0,0.0,1785917.005239251,,True,1784130942.9947608,0.73,0.72,1784130942.9947608,0.73,0.72,1784130942.9947608,0.73,0.72,1784130942.9947608,0.73,0.72
0a0a6cdb-ed0f-4e1b-bbec-2cee041a60d8,KXBTC15M-26AUG050430-30,BTC,0,2026-08-05 08:30:00+00:00,1785918,2026-08-05,no,0,0.68,30.0,30.0,1785917.763818707,13.540952,True,1784131842.2361813,0.69,0.6799999999999999,1784131842.2361813,0.69,0.6799999999999999,1784131842.2361813,0.69,0.6799999999999999,1784131842.2361813,0.69,0.6799999999999999
44c448d7-62f2-4660-92ed-2abe85ce9c5a,KXETH15M-26AUG050430-30,ETH,1,2026-08-05 08:30:00+00:00,1785918,2026-08-05,no,0,0.65,30.0,30.0,1785917.89073645,3.261085,True,1784131842.1092637,0.6699999999999999,0.6599999999999999,1784131842.1092637,0.6699999999999999,0.6599999999999999,1784131842.1092637,0.6699999999999999,0.6599999999999999,1784131842.1092637,0.6699999999999999,0.6599999999999999
ccd4020a-f404-48bc-878a-e5ce6a7382fc,KXXRP15M-26AUG050430-30,XRP,3,2026-08-05 08:30:00+00:00,1785918,2026-08-05,no,0,0.73,30.0,30.0,1785917.890826979,0.528616,True,1784131842.109173,0.64,0.63,1784131842.109173,0.64,0.63,1784131842.109173,0.64,0.63,1784131842.109173,0.64,0.63
8490e24d-a5fd-4994-b8b7-300be5469905,KXETH15M-26AUG050445-45,ETH,1,2026-08-05 08:45:00+00:00,1785919,2026-08-05,no,1,0.7,30.0,30.0,1785918.710689948,7.776827,True,1784132741.28931,0.6,0.5900000000000001,1784132741.28931,0.6,0.5900000000000001,1784132741.28931,0.6,0.5900000000000001,1784132741.28931,0.6,0.5900000000000001
ffbec4f0-d75f-4afe-b7d8-75377cd9470e,KXBTC15M-26AUG050445-45,BTC,0,2026-08-05 08:45:00+00:00,1785919,2026-08-05,no,1,0.66,30.0,30.0,1785918.727550797,0.647527,True,1784132741.2724493,0.44999999999999996,0.43999999999999995,1784132741.2724493,0.44999999999999996,0.43999999999999995,1784132741.2724493,0.44999999999999996,0.43999999999999995,1784132741.2724493,0.44999999999999996,0.43999999999999995
58da4632-7f8e-4063-bfba-e4795b559627,KXHYPE15M-26AUG050500-00,HYPE,5,2026-08-05 09:00:00+00:00,1785920,2026-08-05,yes,1,0.69,30.0,0.0,1785919.758391012,,False,,,,,,,,,,,,
e55da0a8-5c42-4140-bb2c-7d1826a1cc82,KXETH15M-26AUG050500-00,ETH,1,2026-08-05 09:00:00+00:00,1785920,2026-08-05,yes,1,0.8,30.0,30.0,1785919.907200273,12.326284,True,1784133640.0927997,0.41,0.39,1784133640.0927997,0.41,0.39,1784133640.0927997,0.41,0.39,1784133640.0927997,0.41,0.39
1488f5d7-2a10-49c7-bc5a-2f6457e994ac,KXSOL15M-26AUG050500-00,SOL,2,2026-08-05 09:00:00+00:00,1785920,2026-08-05,yes,1,0.84,30.0,30.0,1785919.91272054,23.381843,False,,,,,,,,,,,,
9e42e173-8bfd-45e9-9f2f-8dfcb1880bd1,KXXRP15M-26AUG050515-15,XRP,3,2026-08-05 09:15:00+00:00,1785921,2026-08-05,no,1,0.66,30.0,30.0,1785920.558810192,8.852396,True,1784134539.4411898,0.61,0.5900000000000001,1784134539.4411898,0.61,0.5900000000000001,1784134539.4411898,0.61,0.5900000000000001,1784134539.4411898,0.61,0.5900000000000001
8bb4689e-2ed6-4890-8e61-044989bb4097,KXBTC15M-26AUG050515-15,BTC,0,2026-08-05 09:15:00+00:00,1785921,2026-08-05,yes,1,0.65,30.0,30.0,1785920.69561477,0.245104,True,1784134539.3043852,0.62,0.61,1784134539.3043852,0.62,0.61,1784134539.3043852,0.62,0.61,1784134539.3043852,0.62,0.61
ac76cff2-e7dc-4fc4-8b4a-305e854dab5c,KXSOL15M-26AUG050515-15,SOL,2,2026-08-05 09:15:00+00:00,1785921,2026-08-05,yes,1,0.69,30.0,30.0,1785920.800424626,16.699452,True,1784134539.1995754,0.54,0.53,1784134539.1995754,0.54,0.53,1784134539.1995754,0.54,0.53,1784134539.1995754,0.54,0.53
1434e235-91b1-4b2c-bb31-59afdb64f513,KXETH15M-26AUG050530-30,ETH,1,2026-08-05 09:30:00+00:00,1785922,2026-08-05,yes,1,0.66,30.0,30.0,1785921.398640908,1.992419,True,1784135438.6013591,0.47,0.45,1784135438.6013591,0.47,0.45,1784135438.6013591,0.47,0.45,1784135438.6013591,0.47,0.45
1f507c41-71a0-4c12-af61-409efe9379b9,KXBTC15M-26AUG050530-30,BTC,0,2026-08-05 09:30:00+00:00,1785922,2026-08-05,yes,1,0.65,30.0,30.0,1785921.426340037,53.749905,True,1784135438.57366,0.49,0.48,1784135438.57366,0.49,0.48,1784135438.57366,0.49,0.48,1784135438.57366,0.49,0.48
413fc035-57c9-4419-b18d-701d9cbe257b,KXDOGE15M-26AUG050530-30,DOGE,4,2026-08-05 09:30:00+00:00,1785922,2026-08-05,yes,0,0.74,30.0,30.0,1785921.437638095,0.01512,False,,,,,,,,,,,,
e2503283-bebc-45d7-b247-14816bad495f,KXBTC15M-26AUG050545-45,BTC,0,2026-08-05 09:45:00+00:00,1785923,2026-08-05,yes,1,0.65,30.0,30.0,1785922.309090959,1.635558,True,1784136337.6909091,0.6,0.59,1784136337.6909091,0.6,0.59,1784136337.6909091,0.6,0.59,1784136337.6909091,0.6,0.59
f1e496a6-1605-4c33-a50b-29c9b8d5335f,KXETH15M-26AUG050545-45,ETH,1,2026-08-05 09:45:00+00:00,1785923,2026-08-05,yes,1,0.72,30.0,30.0,1785922.412632197,32.866263,True,1784136337.5873678,0.57,0.56,1784136337.5873678,0.57,0.56,1784136337.5873678,0.57,0.56,1784136337.5873678,0.57,0.56
355c7be3-0da4-43a8-8104-8e9ee0406d01,KXXRP15M-26AUG050545-45,XRP,3,2026-08-05 09:45:00+00:00,1785923,2026-08-05,yes,1,0.78,30.0,30.0,1785922.51553715,16.700036,False,,,,,,,,,,,,
e4148a0c-0160-484a-9724-3012d470dd5c,KXSOL15M-26AUG050600-00,SOL,2,2026-08-05 10:00:00+00:00,1785924,2026-08-05,no,1,0.65,30.0,13.48,1785923.451567153,1.03196,False,,,,,,,,,,,,
1d7012bb-dccd-46d8-a45a-0bafe41a062a,KXBTC15M-26AUG050600-00,BTC,0,2026-08-05 10:00:00+00:00,1785924,2026-08-05,yes,0,0.69,30.0,30.0,1785923.50255286,3.506865,True,1784137236.4974473,0.57,0.56,1784137236.4974473,0.57,0.56,1784137236.4974473,0.57,0.56,1784137236.4974473,0.57,0.56
4301eef1-9267-4bcb-9f8e-9b215cc07449,KXBTC15M-26AUG050615-15,BTC,0,2026-08-05 10:15:00+00:00,1785924,2026-08-05,no,0,0.66,30.0,30.0,1785924.154679163,1.543228,False,,,,,,,,,,,,
819bcc70-970f-4c36-a87c-a9acfc989373,KXSOL15M-26AUG050615-15,SOL,2,2026-08-05 10:15:00+00:00,1785924,2026-08-05,yes,0,0.66,30.0,30.0,1785924.323747805,7.776462,False,,,,,,,,,,,,
edfef63d-b8d1-4131-8c82-03cc355d035f,KXXRP15M-26AUG050615-15,XRP,3,2026-08-05 10:15:00+00:00,1785924,2026-08-05,no,1,0.7,30.0,30.0,1785924.406189284,7.928867,False,,,,,,,,,,,,
47ff95cd-48fe-48d3-849f-c02c562d3f39,KXBTC15M-26AUG050630-30,BTC,0,2026-08-05 10:30:00+00:00,1785925,2026-08-05,no,0,0.83,30.0,30.0,1785924.96340946,12.223244,True,1784139035.0365906,0.84,0.83,1784139035.0365906,0.84,0.83,1784139035.0365906,0.84,0.83,1784139035.0365906,0.84,0.83
37aba08b-350a-4f00-9963-7cde4016158d,KXETH15M-26AUG050630-30,ETH,1,2026-08-05 10:30:00+00:00,1785925,2026-08-05,no,0,0.85,30.0,30.0,1785925.001202116,4.133539,True,1784139034.998798,0.86,0.85,1784139034.998798,0.86,0.85,1784139034.998798,0.86,0.85,1784139034.998798,0.86,0.85
a5fb0370-c5b7-4bbd-83d9-5554b6be4547,KXHYPE15M-26AUG050630-30,HYPE,5,2026-08-05 10:30:00+00:00,1785925,2026-08-05,no,0,0.77,30.0,30.0,1785925.017472658,40.777581,True,1784139034.9825273,0.63,0.62,1784139034.9825273,0.63,0.62,1784139034.9825273,0.63,0.62,1784139034.9825273,0.63,0.62
97f10359-255e-4856-ab71-79c86bb464cd,KXBTC15M-26AUG050900-00,BTC,0,2026-08-05 13:00:00+00:00,1785934,2026-08-05,no,1,0.71,30.0,0.0,1785933.975367358,,True,1784148026.0246327,0.7,0.69,1784148026.0246327,0.7,0.69,1784148026.0246327,0.7,0.69,1784148026.0246327,0.7,0.69
9a1aa0fd-ee3a-4e08-817f-772b6ea8a3f1,KXXRP15M-26AUG050900-00,XRP,3,2026-08-05 13:00:00+00:00,1785934,2026-08-05,no,1,0.68,30.0,30.0,1785934.030395081,4.500347,False,,,,,,,,,,,,
a118ddd2-439e-4ef0-924c-831a31f87232,KXETH15M-26AUG050900-00,ETH,1,2026-08-05 13:00:00+00:00,1785934,2026-08-05,no,1,0.67,30.0,30.0,1785934.193955424,5.627796,True,1784148025.8060446,0.6699999999999999,0.6599999999999999,1784148025.8060446,0.6699999999999999,0.6599999999999999,1784148025.8060446,0.6699999999999999,0.6599999999999999,1784148025.8060446,0.6699999999999999,0.6599999999999999
8447a7d9-e6a9-4303-9590-9ab1024b2e59,KXBTC15M-26AUG050915-15,BTC,0,2026-08-05 13:15:00+00:00,1785935,2026-08-05,no,1,0.66,30.0,0.0,1785934.970119201,,True,1784148925.0298808,0.64,0.63,1784148925.0298808,0.64,0.63,1784148925.0298808,0.64,0.63,1784148925.0298808,0.64,0.63
c62269c6-e4a6-4f5a-bd2d-3d8dcb17170d,KXETH15M-26AUG050915-15,ETH,1,2026-08-05 13:15:00+00:00,1785935,2026-08-05,no,1,0.68,30.0,30.0,1785935.025136047,3.750315,True,1784148924.974864,0.56,0.54,1784148924.974864,0.56,0.54,1784148924.974864,0.56,0.54,1784148924.974864,0.56,0.54
2b29c298-1d1f-4447-889e-6cf309435130,KXSOL15M-26AUG050915-15,SOL,2,2026-08-05 13:15:00+00:00,1785935,2026-08-05,no,1,0.66,30.0,30.0,1785935.025175257,15.212992,True,1784148924.9748247,0.62,0.6,1784148924.9748247,0.62,0.6,1784148924.9748247,0.62,0.6,1784148924.9748247,0.62,0.6
5f8fa7ba-a0c7-473c-9afe-c832ebb93459,KXBTC15M-26AUG050930-30,BTC,0,2026-08-05 13:30:00+00:00,1785936,2026-08-05,yes,1,0.75,15.0,15.0,1785935.889580244,0.674065,True,1784149824.1104198,0.63,0.62,1784149824.1104198,0.63,0.62,1784149824.1104198,0.63,0.62,1784149824.1104198,0.63,0.62
cddb2c6f-40ce-4b7a-ae62-e1e198d325df,KXDOGE15M-26AUG050930-30,DOGE,4,2026-08-05 13:30:00+00:00,1785936,2026-08-05,yes,0,0.71,15.0,15.0,1785935.922745443,12.030476,True,1784149824.0772545,0.53,0.52,1784149824.0772545,0.53,0.52,1784149824.0772545,0.53,0.52,1784149824.0772545,0.53,0.52
e2a11975-9968-4b71-b83d-e06a33909122,KXHYPE15M-26AUG050930-30,HYPE,5,2026-08-05 13:30:00+00:00,1785936,2026-08-05,yes,1,0.66,15.0,15.0,1785935.971792542,4.6643,True,1784149824.0282075,0.52,0.51,1784149824.0282075,0.52,0.51,1784149824.0282075,0.52,0.51,1784149824.0282075,0.52,0.51
2e2eb887-e2f8-4a9d-bd7a-521ac8b3ad91,KXETH15M-26AUG050945-45,ETH,1,2026-08-05 13:45:00+00:00,1785937,2026-08-05,no,0,0.74,15.0,15.0,1785936.667648701,0.066638,True,1784150723.3323512,0.6799999999999999,0.65,1784150723.3323512,0.6799999999999999,0.65,1784150723.3323512,0.6799999999999999,0.65,1784150723.3323512,0.6799999999999999,0.65
68729096-4bdf-4804-8a61-e83786ac29c1,KXBTC15M-26AUG050945-45,BTC,0,2026-08-05 13:45:00+00:00,1785937,2026-08-05,no,0,0.66,15.0,15.0,1785936.689401265,0.299353,True,1784150723.3105989,0.6,0.5900000000000001,1784150723.3105989,0.6,0.5900000000000001,1784150723.3105989,0.6,0.5900000000000001,1784150723.3105989,0.6,0.5900000000000001
f8b12cec-e3ae-4182-8c7f-028c754b17a7,KXDOGE15M-26AUG050945-45,DOGE,4,2026-08-05 13:45:00+00:00,1785937,2026-08-05,no,1,0.77,15.0,15.0,1785936.68944614,1.126555,False,,,,,,,,,,,,
eb162921-b55c-4942-936e-bf853d03c7c3,KXBTC15M-26AUG051000-00,BTC,0,2026-08-05 14:00:00+00:00,1785938,2026-08-05,no,0,0.68,15.0,15.0,1785937.569306524,8.109568,True,1784151622.4306934,0.71,0.7,1784151622.4306934,0.71,0.7,1784151622.4306934,0.71,0.7,1784151622.4306934,0.71,0.7
1a8ea7ac-e2a0-4fb2-8fee-19c860ac6881,KXXRP15M-26AUG051000-00,XRP,3,2026-08-05 14:00:00+00:00,1785938,2026-08-05,no,0,0.67,15.0,15.0,1785937.607594632,27.735222,True,1784151622.3924053,0.6599999999999999,0.65,1784151622.3924053,0.6599999999999999,0.65,1784151622.3924053,0.6599999999999999,0.65,1784151622.3924053,0.6599999999999999,0.65
563e9e26-d196-48e4-8cc9-fc526d073c89,KXETH15M-26AUG051000-00,ETH,1,2026-08-05 14:00:00+00:00,1785938,2026-08-05,no,0,0.72,15.0,15.0,1785937.613064435,6.004981,True,1784151622.3869355,0.6799999999999999,0.6699999999999999,1784151622.3869355,0.6799999999999999,0.6699999999999999,1784151622.3869355,0.6799999999999999,0.6699999999999999,1784151622.3869355,0.6799999999999999,0.6699999999999999
3614e303-67ef-4d4d-8741-60bf1608c2ed,KXETH15M-26AUG051015-15,ETH,1,2026-08-05 14:15:00+00:00,1785939,2026-08-05,no,0,0.69,15.0,15.0,1785938.480965228,0.07788,False,,,,,,,,,,,,
02d809d4-cb60-4a78-b05c-bb6c985b77ee,KXBTC15M-26AUG051015-15,BTC,0,2026-08-05 14:15:00+00:00,1785939,2026-08-05,no,0,0.65,15.0,15.0,1785938.557546247,0.538128,True,1784152521.4424539,0.51,0.5,1784152521.4424539,0.51,0.5,1784152521.4424539,0.51,0.5,1784152521.4424539,0.51,0.5
d1ca85d7-3c4a-41f7-ab2e-3745c8d7656a,KXHYPE15M-26AUG051015-15,HYPE,5,2026-08-05 14:15:00+00:00,1785939,2026-08-05,no,0,0.76,22.0,22.0,1785938.711010064,3.121036,False,,,,,,,,,,,,
85ff67bf-d701-482e-ac0c-96374c3c6fb6,KXETH15M-26AUG051100-00,ETH,1,2026-08-05 15:00:00+00:00,1785942,2026-08-05,yes,1,0.66,11.0,11.0,1785941.170933468,1.27278,True,1784155218.8290665,0.61,0.59,1784155218.8290665,0.61,0.59,1784155218.8290665,0.61,0.59,1784155218.8290665,0.61,0.59
e9d91e3a-e34c-4420-928e-dd0a50b1b7c6,KXXRP15M-26AUG051100-00,XRP,3,2026-08-05 15:00:00+00:00,1785942,2026-08-05,yes,1,0.74,19.0,19.0,1785941.198305812,1.828925,True,1784155218.8016942,0.65,0.64,1784155218.8016942,0.65,0.64,1784155218.8016942,0.65,0.64,1784155218.8016942,0.65,0.64
857557e9-ae76-45e9-9a80-aefb3a7e8be8,KXDOGE15M-26AUG051100-00,DOGE,4,2026-08-05 15:00:00+00:00,1785942,2026-08-05,yes,1,0.66,13.0,13.0,1785941.487962056,5.703842,True,1784155218.512038,0.62,0.61,1784155218.512038,0.62,0.61,1784155218.512038,0.62,0.61,1784155218.512038,0.62,0.61
cd3a0da2-724d-4f24-9d55-e0c9786a3937,KXBTC15M-26AUG051115-15,BTC,0,2026-08-05 15:15:00+00:00,1785942,2026-08-05,yes,1,0.68,22.0,22.0,1785942.174041844,0.232496,True,1784156117.8259583,0.48,0.47,1784156117.8259583,0.48,0.47,1784156117.8259583,0.48,0.47,1784156117.8259583,0.48,0.47
e537e0e4-544b-457a-8571-b9e03b8ff53d,KXSOL15M-26AUG051115-15,SOL,2,2026-08-05 15:15:00+00:00,1785942,2026-08-05,yes,1,0.7,16.0,16.0,1785942.185503512,0.12771,True,1784156117.8144965,0.45,0.43,1784156117.8144965,0.45,0.43,1784156117.8144965,0.45,0.43,1784156117.8144965,0.45,0.43
a09831a6-3c6d-4cd2-a291-4db8fcedeebc,KXXRP15M-26AUG051115-15,XRP,3,2026-08-05 15:15:00+00:00,1785942,2026-08-05,yes,0,0.67,16.0,16.0,1785942.230555017,28.490708,True,1784156117.769445,0.55,0.54,1784156117.769445,0.55,0.54,1784156117.769445,0.55,0.54,1784156117.769445,0.55,0.54
81d553c4-2fc5-4e21-8814-73066d44eb4c,KXBTC15M-26AUG051130-30,BTC,0,2026-08-05 15:30:00+00:00,1785943,2026-08-05,no,1,0.76,22.0,22.0,1785942.964971402,199.340502,True,1784157017.0350287,0.73,0.72,1784157017.0350287,0.73,0.72,1784157017.0350287,0.73,0.72,1784157017.0350287,0.73,0.72
c10c3268-e325-4242-96ca-b099d6d7d6ec,KXXRP15M-26AUG051130-30,XRP,3,2026-08-05 15:30:00+00:00,1785943,2026-08-05,no,1,0.79,22.0,22.0,1785942.992797774,7.195865,True,1784157017.0072021,0.71,0.69,1784157017.0072021,0.71,0.69,1784157017.0072021,0.71,0.69,1784157017.0072021,0.71,0.69
89a50993-57ff-451d-8930-aa50e7323b3b,KXETH15M-26AUG051130-30,ETH,1,2026-08-05 15:30:00+00:00,1785943,2026-08-05,no,1,0.77,22.0,22.0,1785943.02034312,28.880379,True,1784157016.979657,0.76,0.75,1784157016.979657,0.76,0.75,1784157016.979657,0.76,0.75,1784157016.979657,0.76,0.75
c368ddf7-68eb-403a-87c8-24a5a440866a,KXETH15M-26AUG051145-45,ETH,1,2026-08-05 15:45:00+00:00,1785944,2026-08-05,yes,1,0.66,15.0,15.0,1785943.899158431,20.435663,True,1784157916.1008415,0.57,0.55,1784157916.1008415,0.57,0.55,1784157916.1008415,0.57,0.55,1784157916.1008415,0.57,0.55
20bc526a-93bf-4df1-bda8-78faaef65aec,KXXRP15M-26AUG051145-45,XRP,3,2026-08-05 15:45:00+00:00,1785944,2026-08-05,yes,0,0.67,15.0,15.0,1785943.899265609,21.970154,True,1784157916.1007345,0.58,0.57,1784157916.1007345,0.58,0.57,1784157916.1007345,0.58,0.57,1784157916.1007345,0.58,0.57
fade526f-6034-41f6-9ff3-d51eb92c1553,KXDOGE15M-26AUG051145-45,DOGE,4,2026-08-05 15:45:00+00:00,1785944,2026-08-05,yes,1,0.65,15.0,0.0,1785943.90999448,,True,1784157916.0900056,0.57,0.56,1784157916.0900056,0.57,0.56,1784157916.0900056,0.57,0.56,1784157916.0900056,0.57,0.56
b211a192-154d-4176-8d7d-b56e97403f71,KXBTC15M-26AUG051200-00,BTC,0,2026-08-05 16:00:00+00:00,1785945,2026-08-05,no,1,0.66,15.0,15.0,1785944.796332553,2.329706,True,1784158815.2036674,0.61,0.6,1784158815.2036674,0.61,0.6,1784158815.2036674,0.61,0.6,1784158815.2036674,0.61,0.6
fabc3e81-95e6-4f5b-a7ea-aca3dfbb50af,KXHYPE15M-26AUG051200-00,HYPE,5,2026-08-05 16:00:00+00:00,1785945,2026-08-05,no,1,0.68,15.0,0.0,1785944.882446548,,True,1784158815.1175535,0.76,0.75,1784158815.1175535,0.76,0.75,1784158815.1175535,0.76,0.75,1784158815.1175535,0.76,0.75
d12bf42b-fafd-4065-863f-7b4f7800ae6b,KXXRP15M-26AUG051200-00,XRP,3,2026-08-05 16:00:00+00:00,1785945,2026-08-05,no,1,0.68,15.0,15.0,1785944.963308307,5.350834,True,1784158815.0366917,0.6,0.5800000000000001,1784158815.0366917,0.6,0.5800000000000001,1784158815.0366917,0.6,0.5800000000000001,1784158815.0366917,0.6,0.5800000000000001
e35a7f3d-cc20-4059-ab86-a6f94d9764db,KXETH15M-26AUG051215-15,ETH,1,2026-08-05 16:15:00+00:00,1785946,2026-08-05,yes,1,0.66,20.0,20.0,1785945.703275591,1.979926,False,,,,,,,,,,,,
7810b69b-4ff2-47d7-8171-8a3edffb7fab,KXSOL15M-26AUG051215-15,SOL,2,2026-08-05 16:15:00+00:00,1785946,2026-08-05,yes,1,0.67,20.0,20.0,1785945.767438826,1.911738,False,,,,,,,,,,,,
3eb65da5-d185-4d49-9b48-06a7444cabf6,KXBTC15M-26AUG051215-15,BTC,0,2026-08-05 16:15:00+00:00,1785946,2026-08-05,yes,1,0.65,20.0,20.0,1785945.772818349,0.11866,False,,,,,,,,,,,,
5e61b572-b1c8-492b-a09f-f88a104a8546,KXBTC15M-26AUG051230-30,BTC,0,2026-08-05 16:30:00+00:00,1785947,2026-08-05,yes,1,0.67,20.0,20.0,1785946.57180692,38.176928,True,1784160613.428193,0.55,0.54,1784160613.428193,0.55,0.54,1784160613.428193,0.55,0.54,1784160613.428193,0.55,0.54
7e69148f-afe6-48bc-ac5a-a6e8671cec4f,KXETH15M-26AUG051230-30,ETH,1,2026-08-05 16:30:00+00:00,1785947,2026-08-05,yes,1,0.68,20.0,20.0,1785946.571899377,39.310184,True,1784160613.4281006,0.57,0.56,1784160613.4281006,0.57,0.56,1784160613.4281006,0.57,0.56,1784160613.4281006,0.57,0.56
d2103dce-1d49-4aea-b96d-ad39091d2e3e,KXXRP15M-26AUG051230-30,XRP,3,2026-08-05 16:30:00+00:00,1785947,2026-08-05,yes,1,0.68,20.0,20.0,1785946.57200876,42.091473,True,1784160613.4279912,0.6,0.59,1784160613.4279912,0.6,0.59,1784160613.4279912,0.6,0.59,1784160613.4279912,0.6,0.59
da5759c9-9133-4acb-abdb-7fb9f423f4cc,KXBTC15M-26AUG051245-45,BTC,0,2026-08-05 16:45:00+00:00,1785948,2026-08-05,no,1,0.66,20.0,20.0,1785947.461969543,0.953683,True,1784161512.5380304,0.6699999999999999,0.6599999999999999,1784161512.5380304,0.6699999999999999,0.6599999999999999,1784161512.5380304,0.6699999999999999,0.6599999999999999,1784161512.5380304,0.6699999999999999,0.6599999999999999
b79a76a2-daa8-46b1-a257-916bd630f970,KXETH15M-26AUG051245-45,ETH,1,2026-08-05 16:45:00+00:00,1785948,2026-08-05,no,1,0.65,20.0,20.0,1785947.504560701,6.148468,True,1784161512.4954393,0.61,0.6,1784161512.4954393,0.61,0.6,1784161512.4954393,0.61,0.6,1784161512.4954393,0.61,0.6
7785274a-1f6a-4435-bf32-ddd1d0264477,KXBTC15M-26AUG051300-00,BTC,0,2026-08-05 17:00:00+00:00,1785949,2026-08-05,no,1,0.68,20.0,20.0,1785948.367299111,0.500547,True,1784162411.632701,0.63,0.62,1784162411.632701,0.63,0.62,1784162411.632701,0.63,0.62,1784162411.632701,0.63,0.62
55eaf83f-90f8-4dbd-b44b-157f60791ed1,KXETH15M-26AUG051300-00,ETH,1,2026-08-05 17:00:00+00:00,1785949,2026-08-05,no,0,0.65,20.0,10.1,1785948.367436285,2.220973,True,1784162411.6325638,0.63,0.62,1784162411.6325638,0.63,0.62,1784162411.6325638,0.63,0.62,1784162411.6325638,0.63,0.62
12705a9d-85dc-43a0-b3fc-e1b0e25bc29a,KXXRP15M-26AUG051300-00,XRP,3,2026-08-05 17:00:00+00:00,1785949,2026-08-05,no,1,0.65,20.0,20.0,1785948.367533471,1.031421,True,1784162411.6324666,0.53,0.51,1784162411.6324666,0.53,0.51,1784162411.6324666,0.53,0.51,1784162411.6324666,0.53,0.51
0666638d-05de-4a9f-bd59-1554fb18913d,KXETH15M-26AUG051315-15,ETH,1,2026-08-05 17:15:00+00:00,1785950,2026-08-05,yes,0,0.69,20.0,20.0,1785949.29579868,3.951408,False,,,,,,,,,,,,
9ac6ed93-90c9-4a54-aef1-3f1a416e05b6,KXDOGE15M-26AUG051315-15,DOGE,4,2026-08-05 17:15:00+00:00,1785950,2026-08-05,yes,0,0.69,20.0,20.0,1785949.3011603,0.436163,False,,,,,,,,,,,,
980e4c15-30bc-4079-bde0-c8bc69b1b917,KXBTC15M-26AUG051315-15,BTC,0,2026-08-05 17:15:00+00:00,1785950,2026-08-05,yes,0,0.65,20.0,20.0,1785949.311638815,0.091145,False,,,,,,,,,,,,
3f2b687c-ccec-4daf-b27d-5ac015c5e384,KXBTC15M-26AUG051330-30,BTC,0,2026-08-05 17:30:00+00:00,1785951,2026-08-05,no,0,0.68,20.0,20.0,1785950.195038359,1.797229,True,1784164209.8049617,0.5900000000000001,0.5800000000000001,1784164209.8049617,0.5900000000000001,0.5800000000000001,1784164209.8049617,0.5900000000000001,0.5800000000000001,1784164209.8049617,0.5900000000000001,0.5800000000000001
24875604-aaa7-4839-88e3-4ee10f6f20bf,KXETH15M-26AUG051330-30,ETH,1,2026-08-05 17:30:00+00:00,1785951,2026-08-05,no,1,0.68,20.0,20.0,1785950.205582524,0.472104,True,1784164209.7944174,0.5800000000000001,0.5700000000000001,1784164209.7944174,0.5800000000000001,0.5700000000000001,1784164209.7944174,0.5800000000000001,0.5700000000000001,1784164209.7944174,0.5800000000000001,0.5700000000000001
e14b1bed-0b37-4968-8ee4-c6784ef13c2e,KXETH15M-26AUG051345-45,ETH,1,2026-08-05 17:45:00+00:00,1785951,2026-08-05,yes,1,0.73,20.0,20.0,1785951.126116462,0.641906,True,1784165108.8738835,0.5,0.49,1784165108.8738835,0.5,0.49,1784165108.8738835,0.5,0.49,1784165108.8738835,0.5,0.49
17a7792f-aa98-4154-a138-a053349916a2,KXHYPE15M-26AUG051400-00,HYPE,5,2026-08-05 18:00:00+00:00,1785952,2026-08-05,no,1,0.66,20.0,20.0,1785952.111152307,0.742952,False,,,,,,,,,,,,
017ad4c4-f731-4eb8-8808-1b56b96fc0f9,KXSOL15M-26AUG051400-00,SOL,2,2026-08-05 18:00:00+00:00,1785952,2026-08-05,no,1,0.65,20.0,20.0,1785952.116576863,1.787615,True,1784166007.883423,0.52,0.49,1784166007.883423,0.52,0.49,1784166007.883423,0.52,0.49,1784166007.883423,0.52,0.49
e6565531-9557-430a-b81c-ccc4b5c03500,KXXRP15M-26AUG051400-00,XRP,3,2026-08-05 18:00:00+00:00,1785952,2026-08-05,no,1,0.67,20.0,0.0,1785952.116701482,,False,,,,,,,,,,,,
8cd5ff35-072b-453a-9659-a6dcc85f182d,KXSOL15M-26AUG051415-15,SOL,2,2026-08-05 18:15:00+00:00,1785953,2026-08-05,yes,1,0.66,20.0,20.0,1785952.929418808,5.359732,True,1784166907.0705812,0.53,0.52,1784166907.0705812,0.53,0.52,1784166907.0705812,0.53,0.52,1784166907.0705812,0.53,0.52
b2fea8e4-117c-4777-80ac-e9cd38f41f3f,KXBTC15M-26AUG051430-30,BTC,0,2026-08-05 18:30:00+00:00,1785954,2026-08-05,no,1,0.66,20.0,20.0,1785953.831606164,0.996204,True,1784167806.1683939,0.45999999999999996,0.44999999999999996,1784167806.1683939,0.45999999999999996,0.44999999999999996,1784167806.1683939,0.45999999999999996,0.44999999999999996,1784167806.1683939,0.45999999999999996,0.44999999999999996
84826507-d739-4d22-b12b-b406a8f437e6,KXSOL15M-26AUG051430-30,SOL,2,2026-08-05 18:30:00+00:00,1785954,2026-08-05,no,1,0.69,20.0,20.0,1785953.831756293,5.578563,False,,,,,,,,,,,,
ee68f599-2f8a-4e1b-bd27-7cd3be6faea3,KXXRP15M-26AUG051430-30,XRP,3,2026-08-05 18:30:00+00:00,1785954,2026-08-05,no,0,0.67,20.0,20.0,1785953.831901666,4.598264,False,,,,,,,,,,,,
4fe13a70-bb69-4d5e-97f6-37b5de6b64e5,KXBTC15M-26AUG051445-45,BTC,0,2026-08-05 18:45:00+00:00,1785955,2026-08-05,no,0,0.7,20.0,20.0,1785954.66353988,0.755842,True,1784168705.33646,0.69,0.6799999999999999,1784168705.33646,0.69,0.6799999999999999,1784168705.33646,0.69,0.6799999999999999,1784168705.33646,0.69,0.6799999999999999
ae79157f-ad39-429b-af98-7f1e4c07050b,KXETH15M-26AUG051445-45,ETH,1,2026-08-05 18:45:00+00:00,1785955,2026-08-05,no,0,0.75,20.0,20.0,1785954.66884768,11.375237,True,1784168705.3311524,0.75,0.74,1784168705.3311524,0.75,0.74,1784168705.3311524,0.75,0.74,1784168705.3311524,0.75,0.74
4b837d61-f15e-479f-a829-5085957e3c88,KXDOGE15M-26AUG051445-45,DOGE,4,2026-08-05 18:45:00+00:00,1785955,2026-08-05,no,0,0.74,20.0,20.0,1785954.679717724,15.065304,True,1784168705.3202822,0.73,0.72,1784168705.3202822,0.73,0.72,1784168705.3202822,0.73,0.72,1784168705.3202822,0.73,0.72
7032a551-425b-473e-985a-15d31ce20a93,KXBTC15M-26AUG051500-00,BTC,0,2026-08-05 19:00:00+00:00,1785956,2026-08-05,yes,0,0.67,20.0,20.0,1785955.697466497,1.80154,True,1784169604.3025334,0.62,0.61,1784169604.3025334,0.62,0.61,1784169604.3025334,0.62,0.61,1784169604.3025334,0.62,0.61
457a1cf8-79fa-4995-9b06-e7a02228fe5b,KXXRP15M-26AUG051515-15,XRP,3,2026-08-05 19:15:00+00:00,1785957,2026-08-05,no,0,0.65,20.0,20.0,1785956.478138099,6.285747,True,1784170503.5218618,0.65,0.64,1784170503.5218618,0.65,0.64,1784170503.5218618,0.65,0.64,1784170503.5218618,0.65,0.64
299575dd-7051-467f-a3c3-bba6f1689f95,KXETH15M-26AUG051515-15,ETH,1,2026-08-05 19:15:00+00:00,1785957,2026-08-05,no,0,0.71,20.0,20.0,1785956.488810202,2.269848,True,1784170503.5111897,0.73,0.71,1784170503.5111897,0.73,0.71,1784170503.5111897,0.73,0.71,1784170503.5111897,0.73,0.71
7dee3620-736d-4a42-add7-7a2ee201d061,KXSOL15M-26AUG051530-30,SOL,2,2026-08-05 19:30:00+00:00,1785958,2026-08-05,no,1,0.67,20.0,20.0,1785957.408487783,6.516956,True,1784171402.5915122,0.5700000000000001,0.56,1784171402.5915122,0.5700000000000001,0.56,1784171402.5915122,0.5700000000000001,0.56,1784171402.5915122,0.5700000000000001,0.56
2c3c42f9-2f99-4cf3-879a-5ab527d21c06,KXBTC15M-26AUG051530-30,BTC,0,2026-08-05 19:30:00+00:00,1785958,2026-08-05,no,0,0.68,20.0,20.0,1785957.435196973,0.070024,True,1784171402.5648031,0.6,0.5900000000000001,1784171402.5648031,0.6,0.5900000000000001,1784171402.5648031,0.6,0.5900000000000001,1784171402.5648031,0.6,0.5900000000000001
b35ba918-f159-4643-9e7e-b587f9bd854b,KXDOGE15M-26AUG051530-30,DOGE,4,2026-08-05 19:30:00+00:00,1785958,2026-08-05,no,0,0.68,20.0,20.0,1785957.435370025,2.639604,False,,,,,,,,,,,,
9868086a-28e2-48e2-ba06-826781c7b3c8,KXETH15M-26AUG051545-45,ETH,1,2026-08-05 19:45:00+00:00,1785959,2026-08-05,no,0,0.65,20.0,20.0,1785958.307596923,10.11237,True,1784172301.692403,0.49,0.48,1784172301.692403,0.49,0.48,1784172301.692403,0.49,0.48,1784172301.692403,0.49,0.48
86c97483-caa0-46ad-a284-99d088793b18,KXBTC15M-26AUG051600-00,BTC,0,2026-08-05 20:00:00+00:00,1785960,2026-08-05,no,1,0.7,20.0,20.0,1785959.176594369,0.45402,True,1784173200.8234057,0.6,0.5900000000000001,1784173200.8234057,0.6,0.5900000000000001,1784173200.8234057,0.6,0.5900000000000001,1784173200.8234057,0.6,0.5900000000000001
3778d3b0-e8b2-4034-8724-db1195449fe9,KXDOGE15M-26AUG051600-00,DOGE,4,2026-08-05 20:00:00+00:00,1785960,2026-08-05,no,1,0.67,20.0,20.0,1785959.224328601,0.872454,True,1784173200.7756715,0.62,0.61,1784173200.7756715,0.62,0.61,1784173200.7756715,0.62,0.61,1784173200.7756715,0.62,0.61
56b6bcd7-6a8b-4c17-949f-da8d9a634d5d,KXHYPE15M-26AUG051600-00,HYPE,5,2026-08-05 20:00:00+00:00,1785960,2026-08-05,no,1,0.67,20.0,20.0,1785959.229736956,0.766485,True,1784173200.770263,0.69,0.6799999999999999,1784173200.770263,0.69,0.6799999999999999,1784173200.770263,0.69,0.6799999999999999,1784173200.770263,0.69,0.6799999999999999
f2289b42-2d1f-4b19-9f95-856f276007e0,KXBTC15M-26AUG051615-15,BTC,0,2026-08-05 20:15:00+00:00,1785960,2026-08-05,no,0,0.69,20.0,20.0,1785960.074357878,2.090096,False,,,,,,,,,,,,
66d0f08c-a42a-4d38-9731-dfac26c952a1,KXXRP15M-26AUG051615-15,XRP,3,2026-08-05 20:15:00+00:00,1785960,2026-08-05,no,1,0.73,20.0,20.0,1785960.074526416,101.396771,False,,,,,,,,,,,,
0d55c786-ac5b-4f59-8bb9-5b5c612b5405,KXDOGE15M-26AUG051615-15,DOGE,4,2026-08-05 20:15:00+00:00,1785960,2026-08-05,no,1,0.65,20.0,20.0,1785960.100937869,9.988617,False,,,,,,,,,,,,
320e4a1c-a8cf-4ea4-9c28-47e8a662ddf5,KXXRP15M-26AUG051630-30,XRP,3,2026-08-05 20:30:00+00:00,1785961,2026-08-05,yes,1,0.77,20.0,20.0,1785960.995738711,2.037795,False,,,,,,,,,,,,
b2e7f930-69e0-4e80-ad20-392a41a7585a,KXDOGE15M-26AUG051630-30,DOGE,4,2026-08-05 20:30:00+00:00,1785961,2026-08-05,yes,1,0.69,20.0,20.0,1785961.001082237,1.099357,False,,,,,,,,,,,,
4883c413-8118-4017-91d8-a7a381eae890,KXBTC15M-26AUG051645-45,BTC,0,2026-08-05 20:45:00+00:00,1785962,2026-08-05,no,0,0.65,20.0,20.0,1785961.941479157,0.578088,False,,,,,,,,,,,,
efff66b2-69ba-4fce-82ef-c9f86b3d21c3,KXXRP15M-26AUG051645-45,XRP,3,2026-08-05 20:45:00+00:00,1785962,2026-08-05,no,0,0.65,20.0,20.0,1785961.984023284,0.246446,False,,,,,,,,,,,,
1160d157-32fe-481c-85b8-057871c025da,KXHYPE15M-26AUG051645-45,HYPE,5,2026-08-05 20:45:00+00:00,1785962,2026-08-05,no,0,0.65,20.0,20.0,1785962.005663618,10.965949,False,,,,,,,,,,,,
508806f6-7e96-410c-9a7b-eb78542fa6a9,KXBTC15M-26AUG051700-00,BTC,0,2026-08-05 21:00:00+00:00,1785963,2026-08-05,no,1,0.68,20.0,20.0,1785962.769311685,1.028452,False,,,,,,,,,,,,
350ddb68-fb83-4d6b-a030-b798895b19f9,KXXRP15M-26AUG051700-00,XRP,3,2026-08-05 21:00:00+00:00,1785963,2026-08-05,no,1,0.68,20.0,20.0,1785962.780109152,1.798014,False,,,,,,,,,,,,
f5a8fe2a-184d-46e2-bec4-db8f14c945a1,KXETH15M-26AUG051700-00,ETH,1,2026-08-05 21:00:00+00:00,1785963,2026-08-05,no,1,0.65,20.0,0.0,1785962.828128021,,False,,,,,,,,,,,,
46d81e3a-8cc8-41db-8086-e60a528e8a0a,KXHYPE15M-26AUG051715-15,HYPE,5,2026-08-05 21:15:00+00:00,1785964,2026-08-05,no,1,0.77,20.0,20.0,1785963.714049968,4.083955,False,,,,,,,,,,,,
f93cc5e2-a126-4aa2-b881-eebd4a35e598,KXBTC15M-26AUG051715-15,BTC,0,2026-08-05 21:15:00+00:00,1785964,2026-08-05,no,1,0.79,20.0,20.0,1785963.724730594,0.596097,True,1784177696.2752695,0.75,0.74,1784177696.2752695,0.75,0.74,1784177696.2752695,0.75,0.74,1784177696.2752695,0.75,0.74
d6654a10-59e9-403f-a95a-66b0e4c053bf,KXDOGE15M-26AUG051715-15,DOGE,4,2026-08-05 21:15:00+00:00,1785964,2026-08-05,no,1,0.75,20.0,20.0,1785963.724998021,81.030051,False,,,,,,,,,,,,
6ad85409-94eb-4e8b-96cd-f9bbb9efa9b1,KXSOL15M-26AUG051730-30,SOL,2,2026-08-05 21:30:00+00:00,1785965,2026-08-05,no,1,0.68,20.0,20.0,1785964.62085814,0.291866,True,1784178595.3791418,0.5800000000000001,0.5700000000000001,1784178595.3791418,0.5800000000000001,0.5700000000000001,1784178595.3791418,0.5800000000000001,0.5700000000000001,1784178595.3791418,0.5800000000000001,0.5700000000000001
751bd61f-c618-466a-81cc-5a37786e2b2e,KXXRP15M-26AUG051730-30,XRP,3,2026-08-05 21:30:00+00:00,1785965,2026-08-05,no,1,0.65,20.0,20.0,1785964.631595347,19.633463,True,1784178595.3684046,0.48,0.47,1784178595.3684046,0.48,0.47,1784178595.3684046,0.48,0.47,1784178595.3684046,0.48,0.47
aa2d76ec-6f9f-4dc5-b27f-3872d1421957,KXDOGE15M-26AUG051730-30,DOGE,4,2026-08-05 21:30:00+00:00,1785965,2026-08-05,no,1,0.67,20.0,20.0,1785964.668852284,10.540699,True,1784178595.3311477,0.43999999999999995,0.43000000000000005,1784178595.3311477,0.43999999999999995,0.43000000000000005,1784178595.3311477,0.43999999999999995,0.43000000000000005,1784178595.3311477,0.43999999999999995,0.43000000000000005
5ac1a021-92c1-4666-9b9b-d52731a0e19f,KXETH15M-26AUG051745-45,ETH,1,2026-08-05 21:45:00+00:00,1785966,2026-08-05,yes,0,0.71,20.0,20.0,1785965.464524285,27.714879,True,1784179494.5354757,0.71,0.7,1784179494.5354757,0.71,0.7,1784179494.5354757,0.71,0.7,1784179494.5354757,0.71,0.7
52538eb1-aa9c-441d-9ef5-5ae39c210846,KXXRP15M-26AUG051745-45,XRP,3,2026-08-05 21:45:00+00:00,1785966,2026-08-05,yes,1,0.68,20.0,20.0,1785965.501972098,3.439554,True,1784179494.4980278,0.62,0.61,1784179494.4980278,0.62,0.61,1784179494.4980278,0.62,0.61,1784179494.4980278,0.62,0.61
3d4e8263-ee09-4289-b3ee-f11a91550f47,KXSOL15M-26AUG051745-45,SOL,2,2026-08-05 21:45:00+00:00,1785966,2026-08-05,yes,1,0.79,20.0,20.0,1785965.507443601,0.14603,True,1784179494.4925563,0.78,0.77,1784179494.4925563,0.78,0.77,1784179494.4925563,0.78,0.77,1784179494.4925563,0.78,0.77
db41676f-ec26-4f2d-8f08-209e44efe61e,KXBTC15M-26AUG051800-00,BTC,0,2026-08-05 22:00:00+00:00,1785967,2026-08-05,no,0,0.65,20.0,20.0,1785966.399205194,0.742363,False,,,,,,,,,,,,
94b05c03-69b3-4fb2-a4ff-283ce28bbc73,KXXRP15M-26AUG051800-00,XRP,3,2026-08-05 22:00:00+00:00,1785967,2026-08-05,no,1,0.68,20.0,20.0,1785966.462707486,35.790441,False,,,,,,,,,,,,
620f3cc1-9cd5-4770-b6ec-d6ca5dba8bff,KXETH15M-26AUG051800-00,ETH,1,2026-08-05 22:00:00+00:00,1785967,2026-08-05,no,0,0.65,20.0,20.0,1785966.467982411,15.945098,False,,,,,,,,,,,,
292498ea-973f-47a4-a1e9-1239008e8a2d,KXBTC15M-26AUG051815-15,BTC,0,2026-08-05 22:15:00+00:00,1785968,2026-08-05,yes,0,0.66,20.0,20.0,1785967.266299817,1.182755,False,,,,,,,,,,,,
10eaaf09-36ae-4763-a519-30ae98183681,KXETH15M-26AUG051815-15,ETH,1,2026-08-05 22:15:00+00:00,1785968,2026-08-05,yes,1,0.65,20.0,20.0,1785967.266444689,7.69142,False,,,,,,,,,,,,
a670476b-0792-46de-ade6-61f8d748327b,KXHYPE15M-26AUG051830-30,HYPE,5,2026-08-05 22:30:00+00:00,1785969,2026-08-05,yes,1,0.72,20.0,20.0,1785968.213757679,89.39038,False,,,,,,,,,,,,
f32872b9-bf6e-47e3-82a3-8e4154543f2d,KXETH15M-26AUG051830-30,ETH,1,2026-08-05 22:30:00+00:00,1785969,2026-08-05,yes,1,0.71,20.0,20.0,1785968.229951947,2.556699,False,,,,,,,,,,,,
1b1801a9-f3bc-4b87-97f7-f2586b55ced0,KXSOL15M-26AUG051830-30,SOL,2,2026-08-05 22:30:00+00:00,1785969,2026-08-05,yes,0,0.79,20.0,20.0,1785968.235503504,0.35862,False,,,,,,,,,,,,
37b093a8-4065-4e14-a826-5744ff7a1a7a,KXBTC15M-26AUG051845-45,BTC,0,2026-08-05 22:45:00+00:00,1785969,2026-08-05,yes,0,0.69,20.0,20.0,1785969.06194364,0.75252,False,,,,,,,,,,,,
0ce1c765-d98f-4911-9241-d82701d18da2,KXDOGE15M-26AUG051845-45,DOGE,4,2026-08-05 22:45:00+00:00,1785969,2026-08-05,yes,0,0.66,20.0,20.0,1785969.164199749,2.866671,False,,,,,,,,,,,,
c36b05ad-5de0-49ed-9885-b219533a74ac,KXXRP15M-26AUG051845-45,XRP,3,2026-08-05 22:45:00+00:00,1785969,2026-08-05,yes,0,0.65,20.0,20.0,1785969.169602638,5.175315,False,,,,,,,,,,,,
685800c3-fa17-417e-b800-17560a855904,KXETH15M-26AUG051900-00,ETH,1,2026-08-05 23:00:00+00:00,1785970,2026-08-05,yes,0,0.65,20.0,20.0,1785970.034566049,0.418061,False,,,,,,,,,,,,
f6308ff7-1838-4d83-8ae3-5c117091caa3,KXBTC15M-26AUG051900-00,BTC,0,2026-08-05 23:00:00+00:00,1785970,2026-08-05,yes,0,0.71,20.0,20.0,1785970.045576626,0.889168,False,,,,,,,,,,,,
9b061596-09f8-400a-87bc-7ce4680497a2,KXXRP15M-26AUG051900-00,XRP,3,2026-08-05 23:00:00+00:00,1785970,2026-08-05,yes,0,0.65,20.0,20.0,1785970.051134231,3.651468,False,,,,,,,,,,,,
28ea79da-a3e3-4308-9f1b-ec8fa49f59be,KXBTC15M-26AUG051915-15,BTC,0,2026-08-05 23:15:00+00:00,1785971,2026-08-05,no,0,0.66,20.0,20.0,1785970.864327285,1.385043,False,,,,,,,,,,,,
05097de5-2f4c-40b5-ab38-86b44398bd62,KXETH15M-26AUG051915-15,ETH,1,2026-08-05 23:15:00+00:00,1785971,2026-08-05,no,0,0.73,20.0,20.0,1785970.864597027,0.688983,False,,,,,,,,,,,,
4f5004c8-8de0-4824-bb91-2ed5f15aa607,KXSOL15M-26AUG051915-15,SOL,2,2026-08-05 23:15:00+00:00,1785971,2026-08-05,no,1,0.79,20.0,20.0,1785970.864806973,1.851563,False,,,,,,,,,,,,
