order_id,ticker,coin,coin_order,close_dt,day,held,won,maker_price,submitted_qty,filled_qty,created_ts,seconds_to_close,first_fill_seconds,has_path,effective_wait_60,ask_60,bid_60,effective_wait_120,ask_120,bid_120,effective_wait_180,ask_180,bid_180,effective_wait_300,ask_300,bid_300
d814d081-c3a9-4709-96c2-355cb99d0108,KXBTC15M-26AUG040915-15,BTC,0,2026-08-04 13:15:00+00:00,2026-08-04,yes,1,0.72,10.0,10.0,1785848622.535522,677.4644780158997,0.399937,True,77.46447801589966,0.61,0.6,137.46447801589966,0.72,0.71,197.46447801589966,0.86,0.85,317.46447801589966,0.919,0.917
672f0c76-8d8d-4684-b992-27801b23e646,KXETH15M-26AUG040915-15,ETH,1,2026-08-04 13:15:00+00:00,2026-08-04,yes,1,0.7,10.0,10.0,1785848622.63284,677.3671600818634,5.000875,True,77.3671600818634,0.61,0.6,137.3671600818634,0.68,0.66,197.3671600818634,0.78,0.77,317.3671600818634,0.85,0.84
b142dd60-91f0-4c02-a0a8-c63eb22470a3,KXETH15M-26AUG040930-30,ETH,1,2026-08-04 13:30:00+00:00,2026-08-04,no,1,0.65,10.0,10.0,1785849368.488116,831.5118839740753,5.068423,True,111.51188397407532,0.72,0.71,171.51188397407532,0.88,0.87,231.51188397407532,0.921,0.918,351.5118839740753,0.8,0.79
7ec7e7c0-97d6-4aa8-ae65-5d38a089f62a,KXDOGE15M-26AUG040930-30,DOGE,4,2026-08-04 13:30:00+00:00,2026-08-04,no,1,0.65,10.0,10.0,1785849368.687668,831.3123319149017,1.133324,False,,,,,,,,,,,,
24217cc2-fc78-45e6-afa3-e492a31c876d,KXBTC15M-26AUG040945-45,BTC,0,2026-08-04 13:45:00+00:00,2026-08-04,yes,1,0.72,10.0,10.0,1785850265.205514,834.7944860458374,0.355039,True,114.7944860458374,0.7,0.69,174.7944860458374,0.71,0.7,234.7944860458374,0.68,0.67,354.7944860458374,0.87,0.86
044cfa3a-53c3-433e-9c0b-caa86a55ece7,KXETH15M-26AUG040945-45,ETH,1,2026-08-04 13:45:00+00:00,2026-08-04,yes,1,0.7,10.0,10.0,1785850265.293349,834.7066509723663,0.254968,True,114.70665097236633,0.72,0.71,174.70665097236633,0.72,0.69,234.70665097236633,0.7,0.68,354.70665097236633,0.81,0.8
9a6e8313-030f-4ad5-b1d7-d9f42e06b78a,KXBTC15M-26AUG041000-00,BTC,0,2026-08-04 14:00:00+00:00,2026-08-04,no,1,0.7,10.0,0.0,1785851162.106839,837.8931610584259,,True,117.8931610584259,0.906,0.904,177.8931610584259,0.9359999999999999,0.935,237.8931610584259,0.88,0.87,357.8931610584259,0.95,0.949
b487cc8d-4cd0-43e6-bc99-4bb95f638e27,KXSOL15M-26AUG041000-00,SOL,2,2026-08-04 14:00:00+00:00,2026-08-04,no,1,0.66,10.0,0.0,1785851162.243896,837.7561039924622,,True,117.75610399246216,0.9299999999999999,0.929,177.75610399246216,0.938,0.929,237.75610399246216,0.88,0.87,357.75610399246216,0.88,0.87
a45070a9-5d73-4ac5-a194-8b849e656337,KXSOL15M-26AUG041015-15,SOL,2,2026-08-04 14:15:00+00:00,2026-08-04,no,1,0.74,10.0,10.0,1785852060.525193,839.4748070240021,1.588762,True,119.47480702400208,0.6599999999999999,0.64,179.47480702400208,0.51,0.5,239.47480702400208,0.42000000000000004,0.41000000000000003,359.4748070240021,0.32999999999999996,0.31000000000000005
1c4faa23-d156-41d4-877d-38198cc715b3,KXDOGE15M-26AUG041015-15,DOGE,4,2026-08-04 14:15:00+00:00,2026-08-04,no,1,0.65,10.0,10.0,1785852060.718564,839.2814359664917,0.768052,True,119.2814359664917,0.75,0.73,179.2814359664917,0.6799999999999999,0.6599999999999999,239.2814359664917,0.45999999999999996,0.43999999999999995,359.2814359664917,0.64,0.6
d3f26b8e-1d3b-40af-b9de-d895c4a17b82,KXSOL15M-26AUG041030-30,SOL,2,2026-08-04 14:30:00+00:00,2026-08-04,no,1,0.65,10.0,10.0,1785852965.295828,834.7041718959808,1.269153,True,114.70417189598083,0.76,0.74,174.70417189598083,0.89,0.88,234.70417189598083,0.89,0.88,354.70417189598083,0.92,0.918
3b780d9e-6aa9-46d0-a99f-c198bf0a2ab9,KXXRP15M-26AUG041030-30,XRP,3,2026-08-04 14:30:00+00:00,2026-08-04,no,0,0.69,10.0,0.0,1785853072.425456,727.5745439529419,,True,67.5745439529419,0.8200000000000001,0.81,127.5745439529419,0.8200000000000001,0.8,187.5745439529419,0.83,0.81,307.5745439529419,0.81,0.8
aeb8622e-cba1-46bb-bf96-1b18e4a6aa6e,KXETH15M-26AUG041045-45,ETH,1,2026-08-04 14:45:00+00:00,2026-08-04,yes,1,0.65,10.0,10.0,1785853861.333354,838.6666460037231,0.740651,True,118.66664600372314,0.46,0.45,178.66664600372314,0.62,0.61,238.66664600372314,0.74,0.73,358.66664600372314,0.73,0.7
5677912c-6fff-4e83-943e-03040eb92aa8,KXXRP15M-26AUG041045-45,XRP,3,2026-08-04 14:45:00+00:00,2026-08-04,no,0,0.66,10.0,10.0,1785853925.96297,774.0370299816132,1.961976,True,114.03702998161316,0.65,0.64,174.03702998161316,0.6599999999999999,0.65,234.03702998161316,0.6699999999999999,0.6599999999999999,354.03702998161316,0.55,0.53
e71ba72b-61b3-43e1-aaea-010cb099a67a,KXDOGE15M-26AUG041100-00,DOGE,4,2026-08-04 15:00:00+00:00,2026-08-04,yes,0,0.65,10.0,10.0,1785854797.715394,802.2846059799194,1.513224,False,,,,,,,,,,,,
1245bc15-925d-405d-a44c-deebc810e8de,KXETH15M-26AUG041100-00,ETH,1,2026-08-04 15:00:00+00:00,2026-08-04,no,0,0.66,10.0,10.0,1785854845.920935,754.0790650844574,3.739164,True,94.0790650844574,0.6699999999999999,0.6599999999999999,154.0790650844574,0.75,0.74,214.0790650844574,0.77,0.75,334.0790650844574,0.79,0.78
1c304f44-ac59-4855-af4f-75ec49a9d478,KXSOL15M-26AUG041115-15,SOL,2,2026-08-04 15:15:00+00:00,2026-08-04,yes,1,0.67,10.0,10.0,1785855738.091667,761.9083330631256,1.633973,True,101.90833306312561,0.77,0.76,161.9083330631256,0.71,0.7,221.9083330631256,0.56,0.54,341.9083330631256,0.77,0.76
85c13f47-58c6-4d3e-84ed-425f24b9d407,KXXRP15M-26AUG041115-15,XRP,3,2026-08-04 15:15:00+00:00,2026-08-04,yes,0,0.67,10.0,10.0,1785855754.31275,745.6872498989105,2.330978,False,,,,,,,,,,,,
3ea23f24-c869-40ef-9ff6-66d9febc582a,KXXRP15M-26AUG041130-30,XRP,3,2026-08-04 15:30:00+00:00,2026-08-04,yes,0,0.65,10.0,10.0,1785856611.098347,788.9016530513763,22.17273,True,68.90165305137634,0.63,0.62,128.90165305137634,0.52,0.51,188.90165305137634,0.52,0.5,308.90165305137634,0.7,0.69
78cbe51a-b89f-4341-8c46-60d8dcb112ad,KXBTC15M-26AUG041130-30,BTC,0,2026-08-04 15:30:00+00:00,2026-08-04,no,1,0.7,10.0,10.0,1785856686.305453,713.6945469379425,0.344241,True,113.6945469379425,0.74,0.73,173.6945469379425,0.73,0.72,233.6945469379425,0.7,0.69,353.6945469379425,0.8200000000000001,0.81
5f5beb22-d5a8-4100-8d45-c7b96e756c28,KXDOGE15M-26AUG041145-45,DOGE,4,2026-08-04 15:45:00+00:00,2026-08-04,yes,1,0.79,10.0,10.0,1785857462.55884,837.4411599636078,3.983004,True,117.44115996360779,0.8,0.78,177.4411599636078,0.65,0.62,237.4411599636078,0.69,0.67,357.4411599636078,0.62,0.61
74f02f30-a270-41de-b5b8-334f75d66833,KXXRP15M-26AUG041145-45,XRP,3,2026-08-04 15:45:00+00:00,2026-08-04,yes,1,0.66,10.0,10.0,1785857478.787955,821.2120449542999,0.592922,True,101.21204495429993,0.66,0.65,161.21204495429993,0.37,0.36,221.21204495429993,0.34,0.33,341.2120449542999,0.27,0.25
96684004-bac3-47bd-b1a9-e6f4e91dfe0a,KXBTC15M-26AUG041200-00,BTC,0,2026-08-04 16:00:00+00:00,2026-08-04,yes,1,0.78,10.0,10.0,1785858365.543056,834.4569439888,1.199225,True,114.45694398880005,0.85,0.84,174.45694398880005,0.917,0.916,234.45694398880005,0.8,0.79,354.45694398880005,0.926,0.925
625efd9a-7627-4216-acab-2b8fcd266732,KXETH15M-26AUG041200-00,ETH,1,2026-08-04 16:00:00+00:00,2026-08-04,yes,1,0.71,10.0,10.0,1785858365.808549,834.1914510726929,0.242832,True,114.19145107269287,0.89,0.88,174.19145107269287,0.946,0.945,234.19145107269287,0.88,0.87,354.19145107269287,0.944,0.943
687d6456-2a8d-41bf-8c95-6da349f79137,KXETH15M-26AUG041215-15,ETH,1,2026-08-04 16:15:00+00:00,2026-08-04,no,1,0.65,10.0,10.0,1785859283.571295,816.4287049770355,1.483585,True,96.42870497703552,0.5900000000000001,0.5800000000000001,156.42870497703552,0.62,0.61,216.42870497703552,0.72,0.71,336.4287049770355,0.86,0.85
374e406c-81a8-472f-83f6-e1405972668d,KXXRP15M-26AUG041215-15,XRP,3,2026-08-04 16:15:00+00:00,2026-08-04,no,1,0.65,10.0,10.0,1785859283.724628,816.2753720283508,0.95955,True,96.27537202835083,0.6799999999999999,0.6599999999999999,156.27537202835083,0.73,0.72,216.27537202835083,0.84,0.83,336.27537202835083,0.969,0.966
c49024e1-9321-477b-bf96-6337ed384268,KXBTC15M-26AUG041230-30,BTC,0,2026-08-04 16:30:00+00:00,2026-08-04,yes,1,0.68,10.0,10.0,1785860164.428853,835.5711469650269,0.526205,True,115.57114696502686,0.75,0.74,175.57114696502686,0.73,0.72,235.57114696502686,0.72,0.71,355.57114696502686,0.61,0.6
58575481-6093-45be-a27d-1b867c21bbd9,KXSOL15M-26AUG041230-30,SOL,2,2026-08-04 16:30:00+00:00,2026-08-04,yes,1,0.65,10.0,10.0,1785860164.728047,835.2719531059265,43.447374,True,115.27195310592651,0.77,0.75,175.2719531059265,0.74,0.72,235.2719531059265,0.72,0.7,355.2719531059265,0.72,0.71
00e1a788-7455-49e6-822b-272e9bdc8c92,KXBTC15M-26AUG041245-45,BTC,0,2026-08-04 16:45:00+00:00,2026-08-04,no,1,0.66,10.0,10.0,1785861065.351405,834.6485950946808,3.069927,True,114.64859509468079,0.51,0.5,174.6485950946808,0.51,0.5,234.6485950946808,0.65,0.64,354.6485950946808,0.78,0.77
0b23bc0f-e305-4e51-85ae-efec5f688e11,KXSOL15M-26AUG041245-45,SOL,2,2026-08-04 16:45:00+00:00,2026-08-04,no,1,0.7,10.0,10.0,1785861065.660921,834.3390789031982,5.747661,True,114.33907890319824,0.48,0.47,174.33907890319824,0.39,0.37,234.33907890319824,0.5,0.49,354.33907890319824,0.6699999999999999,0.65
54cf32d7-58bc-4996-924b-6ac80a718fc2,KXDOGE15M-26AUG041300-00,DOGE,4,2026-08-04 17:00:00+00:00,2026-08-04,yes,1,0.68,10.0,10.0,1785861984.885431,815.1145689487457,44.824542,True,95.11456894874573,0.67,0.66,155.11456894874573,0.85,0.84,215.11456894874573,0.86,0.83,335.1145689487457,0.83,0.82
54af6073-7e3d-4214-b3eb-5ac81d5c4189,KXXRP15M-26AUG041300-00,XRP,3,2026-08-04 17:00:00+00:00,2026-08-04,yes,0,0.67,10.0,10.0,1785862006.651637,793.3483629226685,0.062123,True,73.34836292266846,0.6,0.59,133.34836292266846,0.78,0.77,193.34836292266846,0.75,0.74,313.34836292266846,0.38,0.37
b5e088f2-68be-4a7f-b1d8-2b23d772857a,KXBTC15M-26AUG041315-15,BTC,0,2026-08-04 17:15:00+00:00,2026-08-04,yes,1,0.67,10.0,10.0,1785862861.772816,838.2271840572357,2.590435,True,118.22718405723572,0.85,0.84,178.22718405723572,0.84,0.83,238.22718405723572,0.917,0.915,358.2271840572357,0.954,0.953
335dab5d-0886-45b6-894d-e174cf741483,KXETH15M-26AUG041315-15,ETH,1,2026-08-04 17:15:00+00:00,2026-08-04,yes,1,0.73,10.0,10.0,1785862861.974682,838.0253179073334,0.85647,True,118.02531790733337,0.89,0.88,178.02531790733337,0.913,0.912,238.02531790733337,0.943,0.942,358.0253179073334,0.96,0.959
67db1935-96d5-4511-8848-b9bd738019e0,KXDOGE15M-26AUG041330-30,DOGE,4,2026-08-04 17:30:00+00:00,2026-08-04,yes,0,0.66,10.0,10.0,1785863812.755397,787.2446029186249,5.795069,False,,,,,,,,,,,,
aca568ff-106e-4b1f-b3a2-e74a68d1adca,KXSOL15M-26AUG041330-30,SOL,2,2026-08-04 17:30:00+00:00,2026-08-04,no,0,0.65,10.0,10.0,1785863888.493495,711.5065050125122,2.348283,True,111.5065050125122,0.69,0.6799999999999999,171.5065050125122,0.5700000000000001,0.56,231.5065050125122,0.5700000000000001,0.55,351.5065050125122,0.22999999999999998,0.21999999999999997
1ac1a432-1da0-4dc5-93bc-5baf707e4023,KXBTC15M-26AUG041345-45,BTC,0,2026-08-04 17:45:00+00:00,2026-08-04,no,1,0.67,10.0,10.0,1785864666.931308,833.0686919689178,22.751729,True,113.06869196891785,0.52,0.51,173.06869196891785,0.5700000000000001,0.56,233.06869196891785,0.41000000000000003,0.4,353.06869196891785,0.43999999999999995,0.43000000000000005
fa529d05-fddb-4927-9118-343251b37eb0,KXSOL15M-26AUG041345-45,SOL,2,2026-08-04 17:45:00+00:00,2026-08-04,no,1,0.66,10.0,10.0,1785864672.442239,827.5577609539032,2.144906,False,,,,,,,,,,,,
497762b5-1f91-4fb5-be01-2953b9ed5a56,KXBTC15M-26AUG041400-00,BTC,0,2026-08-04 18:00:00+00:00,2026-08-04,no,1,0.65,10.0,10.0,1785865573.2496,826.7504000663757,0.994014,True,106.75040006637573,0.84,0.83,166.75040006637573,0.88,0.87,226.75040006637573,0.95,0.949,346.75040006637573,0.977,0.976
85180ae2-91ae-44af-b0fa-cf1c3e11dc58,KXXRP15M-26AUG041400-00,XRP,3,2026-08-04 18:00:00+00:00,2026-08-04,no,1,0.67,10.0,0.0,1785865639.140099,760.8599009513855,,True,100.8599009513855,0.77,0.76,160.8599009513855,0.935,0.926,220.8599009513855,0.959,0.95,340.8599009513855,0.978,0.971
c7fb6df8-6a75-437d-b52d-9f16e80c6355,KXETH15M-26AUG041415-15,ETH,1,2026-08-04 18:15:00+00:00,2026-08-04,yes,1,0.67,10.0,10.0,1785866462.662923,837.3370769023895,1.839584,True,117.33707690238953,0.86,0.85,177.33707690238953,0.929,0.925,237.33707690238953,0.901,0.9,357.3370769023895,0.977,0.974
99e11a3f-6294-4049-bc04-b32fb3920c10,KXSOL15M-26AUG041415-15,SOL,2,2026-08-04 18:15:00+00:00,2026-08-04,yes,1,0.68,10.0,6.0,1785866462.892345,837.1076550483704,9.509158,True,117.10765504837036,0.85,0.84,177.10765504837036,0.93,0.929,237.10765504837036,0.929,0.924,357.10765504837036,0.988,0.986
d43dcbbc-12f2-4d8d-b3a0-f3c4236dc719,KXBTC15M-26AUG041430-30,BTC,0,2026-08-04 18:30:00+00:00,2026-08-04,yes,1,0.74,10.0,10.0,1785867361.298697,838.7013030052185,1.141742,True,118.7013030052185,0.72,0.71,178.7013030052185,0.83,0.82,238.7013030052185,0.918,0.917,358.7013030052185,0.953,0.952
4aa7fecb-9e67-4fdb-980b-fcc038406105,KXETH15M-26AUG041430-30,ETH,1,2026-08-04 18:30:00+00:00,2026-08-04,yes,1,0.68,10.0,10.0,1785867361.483885,838.51611495018,0.640953,True,118.51611495018005,0.6,0.59,178.51611495018005,0.78,0.77,238.51611495018005,0.86,0.85,358.51611495018005,0.92,0.912
ee9ab430-0f5b-4fdd-a3d9-a91b4b16c192,KXETH15M-26AUG041445-45,ETH,1,2026-08-04 18:45:00+00:00,2026-08-04,no,1,0.65,10.0,10.0,1785868267.585691,832.4143090248108,23.863308,True,112.41430902481079,0.6599999999999999,0.65,172.4143090248108,0.71,0.69,232.4143090248108,0.78,0.77,352.4143090248108,0.8,0.79
d2e67829-a2b6-49c7-a50c-e63264cf983f,KXBTC15M-26AUG041445-45,BTC,0,2026-08-04 18:45:00+00:00,2026-08-04,no,1,0.7,10.0,10.0,1785868273.096319,826.9036810398102,1.332751,True,106.90368103981018,0.5900000000000001,0.5800000000000001,166.90368103981018,0.63,0.62,226.90368103981018,0.77,0.76,346.9036810398102,0.78,0.77
f9afbea5-73fe-493a-82ab-536a8e223934,KXETH15M-26AUG041500-00,ETH,1,2026-08-04 19:00:00+00:00,2026-08-04,yes,1,0.67,10.0,10.0,1785869161.861432,838.1385679244995,1.419128,True,118.13856792449951,0.72,0.71,178.1385679244995,0.68,0.67,238.1385679244995,0.65,0.64,358.1385679244995,0.66,0.65
d88358ff-a54d-4748-a871-64df0b0a89a4,KXSOL15M-26AUG041500-00,SOL,2,2026-08-04 19:00:00+00:00,2026-08-04,yes,0,0.72,10.0,10.0,1785869161.969041,838.0309588909149,76.938292,True,118.03095889091492,0.75,0.74,178.03095889091492,0.6,0.59,238.03095889091492,0.54,0.53,358.0309588909149,0.54,0.52
cc8a882f-1c64-427e-a7ae-ee65f6045904,KXSOL15M-26AUG041515-15,SOL,2,2026-08-04 19:15:00+00:00,2026-08-04,yes,1,0.65,10.0,10.0,1785870063.082624,836.9173760414124,39.224383,True,116.91737604141235,0.47,0.46,176.91737604141235,0.66,0.65,236.91737604141235,0.71,0.69,356.91737604141235,0.82,0.81
3438877e-8e01-495b-8567-233f1bcca930,KXETH15M-26AUG041515-15,ETH,1,2026-08-04 19:15:00+00:00,2026-08-04,yes,1,0.69,10.0,10.0,1785870068.504467,831.495532989502,0.046744,True,111.49553298950195,0.34,0.33,171.49553298950195,0.63,0.62,231.49553298950195,0.72,0.7,351.49553298950195,0.87,0.86
bebe5426-167c-41c5-a718-0e684c0954ce,KXSOL15M-26AUG041530-30,SOL,2,2026-08-04 19:30:00+00:00,2026-08-04,no,1,0.65,10.0,10.0,1785870964.841887,835.1581130027771,1.398123,True,115.1581130027771,0.74,0.73,175.1581130027771,0.8,0.78,235.1581130027771,0.8200000000000001,0.81,355.1581130027771,0.87,0.86
397722fa-36de-4aee-9f5e-9565577f97b1,KXXRP15M-26AUG041530-30,XRP,3,2026-08-04 19:30:00+00:00,2026-08-04,no,1,0.67,10.0,10.0,1785871035.645165,764.3548350334167,48.700326,True,104.35483503341675,0.74,0.73,164.35483503341675,0.8,0.79,224.35483503341675,0.78,0.77,344.35483503341675,0.9339999999999999,0.9299999999999999
502f3aed-6e4d-4090-af02-0dff12abd196,KXXRP15M-26AUG041545-45,XRP,3,2026-08-04 19:45:00+00:00,2026-08-04,yes,1,0.8,10.0,10.0,1785871862.189168,837.8108320236206,2.274895,False,,,,,,,,,,,,
66ea1c54-6ac5-40b3-9f5e-24297b4c24f9,KXBTC15M-26AUG041545-45,BTC,0,2026-08-04 19:45:00+00:00,2026-08-04,yes,1,0.66,10.0,10.0,1785871872.989296,827.0107040405273,0.501064,False,,,,,,,,,,,,
27d3d171-9476-4a63-8791-1e295277264b,KXBTC15M-26AUG041600-00,BTC,0,2026-08-04 20:00:00+00:00,2026-08-04,no,1,0.66,10.0,0.0,1785872814.010225,785.9897749423981,,True,65.98977494239807,0.79,0.78,125.98977494239807,0.85,0.84,185.98977494239807,0.84,0.83,305.98977494239807,0.88,0.87
ed9955c8-c188-4306-9dcd-fb148787f667,KXETH15M-26AUG041600-00,ETH,1,2026-08-04 20:00:00+00:00,2026-08-04,no,1,0.7,10.0,10.0,1785872814.139905,785.8600950241089,6.944334,True,65.86009502410889,0.8200000000000001,0.81,125.86009502410889,0.87,0.86,185.8600950241089,0.88,0.87,305.8600950241089,0.952,0.951
73a51586-45a9-487a-bb6c-a742658ecb20,KXBTC15M-26AUG041615-15,BTC,0,2026-08-04 20:15:00+00:00,2026-08-04,no,1,0.76,10.0,10.0,1785873664.614936,835.3850638866425,1.444314,True,115.38506388664246,0.926,0.925,175.38506388664246,0.9339999999999999,0.933,235.38506388664246,0.929,0.928,355.38506388664246,0.951,0.949
89b41f77-5e97-44d0-a2d2-2ec6f32fa084,KXETH15M-26AUG041615-15,ETH,1,2026-08-04 20:15:00+00:00,2026-08-04,no,1,0.77,10.0,10.0,1785873664.809148,835.1908519268036,1.917532,True,115.19085192680359,0.916,0.914,175.1908519268036,0.905,0.904,235.1908519268036,0.938,0.937,355.1908519268036,0.9299999999999999,0.926
8baaaf4e-3176-4cfd-925e-5d5155c2729c,KXBTC15M-26AUG041630-30,BTC,0,2026-08-04 20:30:00+00:00,2026-08-04,no,1,0.72,30.0,0.0,1785874565.43244,834.5675599575043,,True,114.56755995750427,0.905,0.904,174.56755995750427,0.9,0.89,234.56755995750427,0.961,0.96,354.5675599575043,0.9359999999999999,0.935
ffb75cd5-dfd6-46ec-97c4-9b0e5651121a,KXDOGE15M-26AUG041630-30,DOGE,4,2026-08-04 20:30:00+00:00,2026-08-04,no,1,0.83,30.0,30.0,1785874565.68648,834.3135199546814,17.322938,True,114.3135199546814,0.915,0.91,174.3135199546814,0.92,0.914,234.3135199546814,0.973,0.965,354.3135199546814,0.98,0.973
998495bc-b246-4985-9aa6-35ed9fd9549a,KXDOGE15M-26AUG041645-45,DOGE,4,2026-08-04 20:45:00+00:00,2026-08-04,yes,1,0.67,30.0,30.0,1785875464.332387,835.66761302948,207.057514,True,115.66761302947998,0.75,0.72,175.66761302947998,0.79,0.78,235.66761302947998,0.69,0.68,355.66761302948,0.88,0.87
45067500-e29e-412a-aa6e-142ed0332ed9,KXBTC15M-26AUG041645-45,BTC,0,2026-08-04 20:45:00+00:00,2026-08-04,yes,1,0.67,30.0,0.0,1785875469.5935,830.4065001010895,,True,110.40650010108948,0.8,0.79,170.40650010108948,0.87,0.86,230.40650010108948,0.82,0.81,350.4065001010895,0.929,0.928
d8ae20d9-e342-486f-96e5-3bca8b197a52,KXBTC15M-26AUG041700-00,BTC,0,2026-08-04 21:00:00+00:00,2026-08-04,no,1,0.72,30.0,30.0,1785876362.543558,837.456442117691,0.399806,True,117.45644211769104,0.69,0.6799999999999999,177.45644211769104,0.76,0.75,237.45644211769104,0.8,0.79,357.45644211769104,0.962,0.961
e63286e0-3082-4a42-9b9e-875eabdea0f1,KXETH15M-26AUG041700-00,ETH,1,2026-08-04 21:00:00+00:00,2026-08-04,no,1,0.69,30.0,30.0,1785876362.650501,837.3494989871979,0.049676,True,117.34949898719788,0.69,0.6799999999999999,177.34949898719788,0.8,0.79,237.34949898719788,0.83,0.8200000000000001,357.3494989871979,0.972,0.971
71eface8-96b8-4557-bff5-48438f71db72,KXBTC15M-26AUG041715-15,BTC,0,2026-08-04 21:15:00+00:00,2026-08-04,no,1,0.68,30.0,30.0,1785877261.16785,838.8321499824524,0.076582,True,118.83214998245239,0.69,0.6799999999999999,178.8321499824524,0.7,0.69,238.8321499824524,0.6699999999999999,0.6599999999999999,358.8321499824524,0.77,0.76
501fa8f4-9e05-41e2-8c8a-e6ee34d35e73,KXETH15M-26AUG041715-15,ETH,1,2026-08-04 21:15:00+00:00,2026-08-04,no,1,0.67,30.0,0.0,1785877261.27538,838.7246201038361,,True,118.72462010383606,0.74,0.73,178.72462010383606,0.72,0.71,238.72462010383606,0.75,0.74,358.72462010383606,0.78,0.77
d3a324a2-9c4d-47eb-b2fa-c73f946d46cf,KXBTC15M-26AUG041730-30,BTC,0,2026-08-04 21:30:00+00:00,2026-08-04,yes,1,0.66,30.0,30.0,1785878224.978859,775.0211410522461,0.103783,True,115.0211410522461,0.62,0.61,175.0211410522461,0.42,0.41,235.0211410522461,0.68,0.67,355.0211410522461,0.67,0.66
04c6fb24-eff1-46cc-945c-4f7d810bdea8,KXSOL15M-26AUG041730-30,SOL,2,2026-08-04 21:30:00+00:00,2026-08-04,yes,1,0.68,30.0,30.0,1785878246.878388,753.121612071991,2.481728,True,93.12161207199097,0.61,0.6,153.12161207199097,0.45,0.43,213.12161207199097,0.59,0.57,333.12161207199097,0.65,0.64
dfd802f5-2c67-41bd-8cfe-c96b5f917591,KXETH15M-26AUG041745-45,ETH,1,2026-08-04 21:45:00+00:00,2026-08-04,no,1,0.65,30.0,30.0,1785879073.728126,826.2718739509583,1.500176,True,106.27187395095825,0.7,0.69,166.27187395095825,0.75,0.74,226.27187395095825,0.79,0.78,346.27187395095825,0.8200000000000001,0.81
d8a8b56d-80e5-4db3-9de0-4231e66d43bf,KXSOL15M-26AUG041745-45,SOL,2,2026-08-04 21:45:00+00:00,2026-08-04,no,0,0.65,30.0,30.0,1785879073.834165,826.165834903717,45.354401,True,106.16583490371704,0.5900000000000001,0.5800000000000001,166.16583490371704,0.5900000000000001,0.5800000000000001,226.16583490371704,0.62,0.61,346.16583490371704,0.51,0.48
e94bd4f3-2a76-4118-a92d-eed72b7f2fa3,KXBTC15M-26AUG041800-00,BTC,0,2026-08-04 22:00:00+00:00,2026-08-04,no,1,0.75,30.0,30.0,1785879964.174643,835.8253569602966,0.438836,True,115.82535696029663,0.69,0.6799999999999999,175.82535696029663,0.62,0.61,235.82535696029663,0.8200000000000001,0.81,355.82535696029663,0.8,0.79
ae825f5d-dfc5-4ced-9f06-157d009005bb,KXXRP15M-26AUG041800-00,XRP,3,2026-08-04 22:00:00+00:00,2026-08-04,no,1,0.67,30.0,30.0,1785879964.421875,835.578125,5.7314,True,115.578125,0.64,0.62,175.578125,0.5900000000000001,0.5700000000000001,235.578125,0.56,0.54,355.578125,0.71,0.7
7136c758-cf17-49fe-bf3d-730baec85ce1,KXETH15M-26AUG041815-15,ETH,1,2026-08-04 22:15:00+00:00,2026-08-04,no,0,0.66,30.0,30.0,1785880863.410127,836.5898730754852,263.59202,True,116.58987307548523,0.86,0.85,176.58987307548523,0.89,0.88,236.58987307548523,0.75,0.73,356.58987307548523,0.76,0.75
0dbba772-a4d3-49b1-aab0-76820e9e8b7f,KXSOL15M-26AUG041815-15,SOL,2,2026-08-04 22:15:00+00:00,2026-08-04,no,1,0.66,30.0,30.0,1785880863.526454,836.4735460281372,242.830151,True,116.4735460281372,0.9,0.89,176.4735460281372,0.85,0.84,236.4735460281372,0.76,0.74,356.4735460281372,0.64,0.62
75af75c6-b9dd-4550-a841-cf9269bc2754,KXETH15M-26AUG041830-30,ETH,1,2026-08-04 22:30:00+00:00,2026-08-04,yes,1,0.65,30.0,30.0,1785881784.963059,815.0369410514832,1.586233,True,95.03694105148315,0.53,0.5,155.03694105148315,0.57,0.56,215.03694105148315,0.67,0.66,335.03694105148315,0.69,0.68
f6198367-425b-4163-b3c5-58e636105c40,KXBTC15M-26AUG041830-30,BTC,0,2026-08-04 22:30:00+00:00,2026-08-04,no,0,0.67,30.0,30.0,1785881860.176392,739.8236079216003,1.594526,True,79.82360792160034,0.72,0.71,139.82360792160034,0.7,0.69,199.82360792160034,0.5900000000000001,0.5800000000000001,319.82360792160034,0.9,0.89
3f8de7c5-75a2-4e6a-829b-00a609558dad,KXBTC15M-26AUG041845-45,BTC,0,2026-08-04 22:45:00+00:00,2026-08-04,yes,0,0.71,30.0,30.0,1785882662.57114,837.4288599491119,0.213121,True,117.42885994911194,0.52,0.51,177.42885994911194,0.53,0.52,237.42885994911194,0.53,0.52,357.42885994911194,0.55,0.54
09dd3f94-0db8-499a-8d56-3dea3875c509,KXSOL15M-26AUG041845-45,SOL,2,2026-08-04 22:45:00+00:00,2026-08-04,yes,0,0.68,30.0,30.0,1785882662.749086,837.2509140968323,45.864126,True,117.25091409683228,0.47,0.46,177.25091409683228,0.48,0.47,237.25091409683228,0.39,0.38,357.2509140968323,0.37,0.35
a9f71135-de13-4bd3-9e11-aafdaafe002a,KXXRP15M-26AUG041900-00,XRP,3,2026-08-04 23:00:00+00:00,2026-08-04,yes,1,0.66,30.0,30.0,1785883612.245056,787.7549440860748,1.289018,True,67.75494408607483,0.59,0.58,127.75494408607483,0.53,0.51,187.75494408607483,0.53,0.51,307.75494408607483,0.35,0.34
4c337d29-4f7e-4074-86eb-8730fb294564,KXDOGE15M-26AUG041900-00,DOGE,4,2026-08-04 23:00:00+00:00,2026-08-04,yes,1,0.72,30.0,30.0,1785883623.232961,776.7670390605927,1.408092,False,,,,,,,,,,,,
b7c41fdb-4644-4531-8c58-b39a6b2acd44,KXBTC15M-26AUG041930-30,BTC,0,2026-08-04 23:30:00+00:00,2026-08-04,yes,0,0.68,30.0,30.0,1785885362.982787,837.0172131061554,4.906014,True,117.0172131061554,0.76,0.75,177.0172131061554,0.72,0.71,237.0172131061554,0.78,0.77,357.0172131061554,0.72,0.71
86dfdfac-22f9-4bfc-93bd-a5fa5c018329,KXETH15M-26AUG041930-30,ETH,1,2026-08-04 23:30:00+00:00,2026-08-04,yes,0,0.69,30.0,30.0,1785885373.799,826.2009999752045,4.31569,True,106.20099997520447,0.75,0.74,166.20099997520447,0.62,0.6,226.20099997520447,0.6,0.58,346.20099997520447,0.37,0.36
ca6c7957-f30d-48d1-a685-a5b022b5d12e,KXSOL15M-26AUG041945-45,SOL,2,2026-08-04 23:45:00+00:00,2026-08-04,no,1,0.7,30.0,30.0,1785886276.43588,823.564120054245,14.830006,True,103.564120054245,0.61,0.6,163.564120054245,0.8,0.79,223.564120054245,0.87,0.86,343.564120054245,0.89,0.88
4212c2f4-2842-42a8-bd2e-a0cac24f7222,KXXRP15M-26AUG041945-45,XRP,3,2026-08-04 23:45:00+00:00,2026-08-04,no,0,0.67,30.0,30.0,1785886276.550587,823.449413061142,14.611783,True,103.44941306114197,0.6,0.5800000000000001,163.44941306114197,0.78,0.76,223.44941306114197,0.85,0.84,343.44941306114197,0.84,0.83
e14d7d53-876e-45d3-b42f-41740d27d311,KXDOGE15M-26AUG042000-00,DOGE,4,2026-08-05 00:00:00+00:00,2026-08-05,no,1,0.73,30.0,30.0,1785887162.376106,837.6238939762115,5.919811,True,117.62389397621155,0.73,0.71,177.62389397621155,0.901,0.89,237.62389397621155,0.8,0.79,357.62389397621155,0.87,0.86
e9300faf-91d3-4433-92c8-91cec5626ce8,KXBTC15M-26AUG042015-15,BTC,0,2026-08-05 00:15:00+00:00,2026-08-05,no,1,0.65,30.0,30.0,1785888101.711421,798.2885789871216,0.003604,True,78.28857898712158,0.6,0.5900000000000001,138.28857898712158,0.65,0.64,198.28857898712158,0.6599999999999999,0.65,318.2885789871216,0.83,0.8200000000000001
09010e35-920b-4ce7-8f40-cf871ebf848e,KXDOGE15M-26AUG042015-15,DOGE,4,2026-08-05 00:15:00+00:00,2026-08-05,no,1,0.67,30.0,30.0,1785888118.105335,781.8946650028229,0.791821,True,61.894665002822876,0.75,0.73,121.89466500282288,0.69,0.6799999999999999,181.89466500282288,0.63,0.62,301.8946650028229,0.79,0.78
73fe42ee-fa83-47f1-b785-1b563915f249,KXETH15M-26AUG042030-30,ETH,1,2026-08-05 00:30:00+00:00,2026-08-05,no,1,0.67,30.0,30.0,1785889002.286918,797.713082075119,2.902163,True,77.71308207511902,0.69,0.6799999999999999,137.71308207511902,0.6599999999999999,0.65,197.71308207511902,0.5800000000000001,0.5700000000000001,317.713082075119,0.73,0.72
d3ef2627-2083-4e78-95e9-788f679e72a0,KXSOL15M-26AUG042030-30,SOL,2,2026-08-05 00:30:00+00:00,2026-08-05,no,1,0.65,30.0,30.0,1785889078.05804,721.9419600963593,1.893969,False,,,,,,,,,,,,
7be99f2e-3ce4-4452-91c0-212dc9ded76b,KXBTC15M-26AUG042045-45,BTC,0,2026-08-05 00:45:00+00:00,2026-08-05,yes,1,0.77,30.0,30.0,1785889863.581976,836.4180240631104,0.334362,True,116.41802406311035,0.92,0.919,176.41802406311035,0.912,0.911,236.41802406311035,0.919,0.918,356.41802406311035,0.952,0.951
3ee4b479-c15d-455f-9d3b-c5ac65198461,KXETH15M-26AUG042045-45,ETH,1,2026-08-05 00:45:00+00:00,2026-08-05,yes,1,0.67,30.0,30.0,1785889863.682907,836.3170928955078,1.378669,True,116.31709289550781,0.929,0.923,176.3170928955078,0.915,0.911,236.3170928955078,0.926,0.925,356.3170928955078,0.956,0.955
07a0b081-5349-4ef2-819e-1dab43f5a299,KXBTC15M-26AUG042100-00,BTC,0,2026-08-05 01:00:00+00:00,2026-08-05,no,1,0.72,30.0,30.0,1785890832.842938,767.1570620536804,0.916731,False,,,,,,,,,,,,
a6768b6c-d69b-4a4d-a794-1203bcda3036,KXETH15M-26AUG042100-00,ETH,1,2026-08-05 01:00:00+00:00,2026-08-05,no,1,0.69,30.0,30.0,1785890832.998297,767.0017030239105,1.155261,False,,,,,,,,,,,,
0bbd6664-6a23-4b84-91fc-848462eb0f08,KXSOL15M-26AUG042115-15,SOL,2,2026-08-05 01:15:00+00:00,2026-08-05,no,0,0.66,30.0,30.0,1785891665.042771,834.9572288990021,0.767076,True,114.95722889900208,0.77,0.76,174.95722889900208,0.75,0.74,234.95722889900208,0.65,0.64,354.9572288990021,0.6,0.5900000000000001
d518973a-ae31-4cc3-9405-2f97304c08e2,KXXRP15M-26AUG042115-15,XRP,3,2026-08-05 01:15:00+00:00,2026-08-05,no,1,0.65,30.0,30.0,1785891665.149158,834.850841999054,0.675459,True,114.85084199905396,0.81,0.8,174.85084199905396,0.87,0.85,234.85084199905396,0.8200000000000001,0.8,354.85084199905396,0.86,0.85
25f11078-7a36-443e-bd63-0fc8e57f49d3,KXBTC15M-26AUG042130-30,BTC,0,2026-08-05 01:30:00+00:00,2026-08-05,no,0,0.65,30.0,30.0,1785892587.396405,812.6035950183868,135.05956,True,92.60359501838684,0.78,0.77,152.60359501838684,0.61,0.6,212.60359501838684,0.56,0.55,332.60359501838684,0.07799999999999996,0.07599999999999996
f3189e63-11a1-4aad-84e3-d5eac83e60b7,KXETH15M-26AUG042130-30,ETH,1,2026-08-05 01:30:00+00:00,2026-08-05,no,0,0.67,30.0,30.0,1785892592.856665,807.1433351039886,25.02736,False,,,,,,,,,,,,
bdf8a7cd-b2c7-41d9-9152-6f5472885530,KXBTC15M-26AUG042145-45,BTC,0,2026-08-05 01:45:00+00:00,2026-08-05,yes,1,0.71,30.0,30.0,1785893481.736096,818.263904094696,0.040109,True,98.26390409469604,0.86,0.85,158.26390409469604,0.79,0.78,218.26390409469604,0.84,0.83,338.26390409469604,0.88,0.87
189ac238-0fa9-4a45-a66f-d500e467fdb0,KXETH15M-26AUG042145-45,ETH,1,2026-08-05 01:45:00+00:00,2026-08-05,yes,1,0.73,30.0,30.0,1785893481.855445,818.1445550918579,1.003209,False,,,,,,,,,,,,
9e096324-03d0-429d-855c-b2c6674e476e,KXETH15M-26AUG042200-00,ETH,1,2026-08-05 02:00:00+00:00,2026-08-05,yes,1,0.66,30.0,30.0,1785894372.579821,827.4201788902283,1.870236,False,,,,,,,,,,,,
369ada9d-13ab-434f-ab59-c464c7a3296a,KXSOL15M-26AUG042200-00,SOL,2,2026-08-05 02:00:00+00:00,2026-08-05,yes,1,0.66,30.0,30.0,1785894377.996105,822.0038950443268,1.451192,False,,,,,,,,,,,,
86e35348-b342-4ad0-987a-0c6b84063f01,KXETH15M-26AUG042215-15,ETH,1,2026-08-05 02:15:00+00:00,2026-08-05,yes,1,0.65,30.0,30.0,1785895278.318011,821.6819889545441,0.960179,True,101.68198895454407,0.68,0.67,161.68198895454407,0.921,0.915,221.68198895454407,0.8,0.79,341.68198895454407,0.73,0.71
a222c7a1-9ebc-4a7e-950b-cd721edaedfc,KXXRP15M-26AUG042215-15,XRP,3,2026-08-05 02:15:00+00:00,2026-08-05,yes,1,0.69,30.0,0.0,1785895278.496029,821.5039710998535,,True,101.50397109985352,0.83,0.82,161.50397109985352,0.932,0.928,221.50397109985352,0.9,0.89,341.5039710998535,0.86,0.85
baaf32a3-354d-4382-a4b1-291f9ead4c50,KXBTC15M-26AUG042230-30,BTC,0,2026-08-05 02:30:00+00:00,2026-08-05,no,1,0.66,30.0,30.0,1785896167.806328,832.1936719417572,0.783733,True,112.1936719417572,0.65,0.64,172.1936719417572,0.901,0.9,232.1936719417572,0.922,0.921,352.1936719417572,0.71,0.7
4be5fcfd-c1c3-4194-8583-31390654a5cf,KXETH15M-26AUG042230-30,ETH,1,2026-08-05 02:30:00+00:00,2026-08-05,no,1,0.68,30.0,30.0,1785896226.849971,773.1500289440155,3.113862,True,113.1500289440155,0.901,0.89,173.1500289440155,0.916,0.915,233.1500289440155,0.87,0.86,353.1500289440155,0.943,0.9410000000000001
47db819f-e103-4bed-9926-3dc4e663becb,KXDOGE15M-26AUG042245-45,DOGE,4,2026-08-05 02:45:00+00:00,2026-08-05,yes,1,0.66,30.0,30.0,1785897118.878704,781.1212959289551,8.961379,True,61.12129592895508,0.69,0.66,121.12129592895508,0.85,0.82,181.12129592895508,0.88,0.87,301.1212959289551,0.72,0.71
f0ebe2ba-4d6b-44f3-9890-91d6c80b1832,KXXRP15M-26AUG042245-45,XRP,3,2026-08-05 02:45:00+00:00,2026-08-05,yes,1,0.66,30.0,30.0,1785897135.116781,764.8832190036774,1.691974,False,,,,,,,,,,,,
4a16d210-7015-4139-98ed-345193765e80,KXSOL15M-26AUG042300-00,SOL,2,2026-08-05 03:00:00+00:00,2026-08-05,yes,0,0.72,30.0,30.0,1785897962.444712,837.5552880764008,58.599254,True,117.55528807640076,0.3,0.29,177.55528807640076,0.31,0.29,237.55528807640076,0.29,0.26,357.55528807640076,0.16,0.15
07814d9f-ad2d-4eb7-8210-8eddd01b9d93,KXXRP15M-26AUG042300-00,XRP,3,2026-08-05 03:00:00+00:00,2026-08-05,yes,0,0.68,30.0,30.0,1785897962.54912,837.4508800506592,58.620394,True,117.45088005065918,0.51,0.5,177.45088005065918,0.61,0.6,237.45088005065918,0.64,0.63,357.4508800506592,0.51,0.5
7e91f643-33c2-4d20-9af2-a486c7e542ce,KXBTC15M-26AUG042315-15,BTC,0,2026-08-05 03:15:00+00:00,2026-08-05,yes,1,0.76,30.0,30.0,1785898861.504253,838.495747089386,5.619076,True,118.49574708938599,0.67,0.66,178.495747089386,0.8,0.79,238.495747089386,0.64,0.63,358.495747089386,0.65,0.64
6ce3127a-c372-43bb-afa2-b157e3192baf,KXBTC15M-26AUG042315-15,BTC,0,2026-08-05 03:15:00+00:00,2026-08-05,yes,1,0.77,10.0,10.0,1785898865.641364,834.3586359024048,0.358868,True,114.35863590240479,0.67,0.66,174.35863590240479,0.8,0.79,234.35863590240479,0.64,0.63,354.3586359024048,0.65,0.64
09fd6bd2-b3b9-42b8-ba42-7791396e2301,KXETH15M-26AUG042315-15,ETH,1,2026-08-05 03:15:00+00:00,2026-08-05,yes,0,0.74,10.0,10.0,1785898865.741039,834.2589609622955,0.908863,False,,,,,,,,,,,,
94dc9c96-244a-4f7f-bdcf-7f015f7fa6a7,KXETH15M-26AUG042315-15,ETH,1,2026-08-05 03:15:00+00:00,2026-08-05,yes,0,0.71,30.0,30.0,1785898871.961582,828.0384180545807,0.686652,False,,,,,,,,,,,,
cd0c7109-d25a-4953-9a00-b1767ee33682,KXBTC15M-26AUG042330-30,BTC,0,2026-08-05 03:30:00+00:00,2026-08-05,no,1,0.66,30.0,30.0,1785899761.765044,838.2349560260773,0.216449,True,118.23495602607727,0.79,0.78,178.23495602607727,0.94,0.9390000000000001,238.23495602607727,0.961,0.96,358.23495602607727,0.975,0.974
40bd2c35-99d7-48a5-a417-e3060c8461fd,KXDOGE15M-26AUG042330-30,DOGE,4,2026-08-05 03:30:00+00:00,2026-08-05,no,1,0.76,30.0,30.0,1785899787.957136,812.0428640842438,0.672128,True,92.04286408424377,0.8200000000000001,0.81,152.04286408424377,0.924,0.923,212.04286408424377,0.948,0.9390000000000001,332.0428640842438,0.948,0.9390000000000001
9efb41d5-f149-4fc7-ba2e-86ccc9b9bdfb,KXBTC15M-26AUG042345-45,BTC,0,2026-08-05 03:45:00+00:00,2026-08-05,yes,1,0.65,30.0,30.0,1785900736.856716,763.1432840824127,0.947664,True,103.14328408241272,0.66,0.65,163.14328408241272,0.74,0.73,223.14328408241272,0.89,0.88,343.1432840824127,0.903,0.902
6fc04a33-2d6c-4462-bd6b-5d26616b222c,KXETH15M-26AUG042345-45,ETH,1,2026-08-05 03:45:00+00:00,2026-08-05,yes,1,0.69,30.0,30.0,1785900736.959615,763.0403850078583,0.059563,False,,,,,,,,,,,,
4aa62851-0351-4bce-a19a-f06a2e24a19f,KXDOGE15M-26AUG042345-45,DOGE,4,2026-08-05 03:45:00+00:00,2026-08-05,yes,1,0.65,30.0,30.0,1785900752.95012,747.049880027771,21.314895,False,,,,,,,,,,,,
25918a84-3b60-459f-8bb2-ced701de4ab3,KXETH15M-26AUG050000-00,ETH,1,2026-08-05 04:00:00+00:00,2026-08-05,yes,1,0.65,30.0,30.0,1785901621.302371,778.6976289749146,12.268112,True,118.69762897491455,0.73,0.72,178.69762897491455,0.78,0.77,238.69762897491455,0.84,0.83,358.69762897491455,0.81,0.8
a7bde257-022e-4ca6-b7bb-68841489d5d6,KXBTC15M-26AUG050000-00,BTC,0,2026-08-05 04:00:00+00:00,2026-08-05,yes,1,0.65,30.0,30.0,1785901695.782717,704.2172830104828,1.238013,True,104.21728301048279,0.7,0.69,164.2172830104828,0.77,0.76,224.2172830104828,0.82,0.81,344.2172830104828,0.84,0.83
c56e6177-c20a-46e2-af19-0102f92a1c67,KXXRP15M-26AUG050000-00,XRP,3,2026-08-05 04:00:00+00:00,2026-08-05,yes,1,0.68,30.0,30.0,1785901701.257123,698.7428770065308,0.051839,True,98.74287700653076,0.57,0.55,158.74287700653076,0.76,0.73,218.74287700653076,0.69,0.66,338.74287700653076,0.66,0.65
d0ce6fad-cb1d-4c1a-b2e7-5b2ff37a4653,KXETH15M-26AUG050015-15,ETH,1,2026-08-05 04:15:00+00:00,2026-08-05,no,1,0.68,30.0,0.0,1785902478.849837,821.150162935257,,True,101.15016293525696,0.75,0.74,161.15016293525696,0.8,0.79,221.15016293525696,0.84,0.83,341.15016293525696,0.85,0.84
4bd2cf47-e30b-46d6-b448-eb61a34fa2e4,KXBTC15M-26AUG050015-15,BTC,0,2026-08-05 04:15:00+00:00,2026-08-05,no,1,0.66,30.0,30.0,1785902489.535383,810.4646170139313,1.017425,True,90.46461701393127,0.6699999999999999,0.6599999999999999,150.46461701393127,0.8,0.79,210.46461701393127,0.76,0.75,330.4646170139313,0.78,0.77
39683d56-5c78-4d51-8330-3fc56708cc4d,KXXRP15M-26AUG050015-15,XRP,3,2026-08-05 04:15:00+00:00,2026-08-05,no,1,0.66,30.0,0.0,1785902489.655531,810.3444690704346,,False,,,,,,,,,,,,
ba88a2a4-bc8e-4c67-b1d9-5061d468e939,KXBTC15M-26AUG050030-30,BTC,0,2026-08-05 04:30:00+00:00,2026-08-05,no,0,0.67,30.0,30.0,1785903363.768474,836.2315258979797,0.215372,True,116.23152589797974,0.71,0.7,176.23152589797974,0.6799999999999999,0.6699999999999999,236.23152589797974,0.33999999999999997,0.32999999999999996,356.23152589797974,0.12,0.10999999999999999
507083ce-ef2a-4b8c-8285-6cdfb047563d,KXETH15M-26AUG050030-30,ETH,1,2026-08-05 04:30:00+00:00,2026-08-05,no,0,0.65,30.0,30.0,1785903406.047238,793.952761888504,2.735551,True,73.95276188850403,0.65,0.63,133.95276188850403,0.56,0.54,193.95276188850403,0.24,0.22999999999999998,313.952761888504,0.19999999999999996,0.18000000000000005
413215f2-ab45-462f-a86f-81e8816ca3c2,KXXRP15M-26AUG050030-30,XRP,3,2026-08-05 04:30:00+00:00,2026-08-05,no,1,0.69,30.0,30.0,1785903406.156731,793.843269109726,89.599516,True,73.84326910972595,0.74,0.72,133.84326910972595,0.65,0.62,193.84326910972595,0.42000000000000004,0.41000000000000003,313.84326910972595,0.45999999999999996,0.43000000000000005
1e879b4f-fe6f-47d7-a16d-14f8aa07fea4,KXBTC15M-26AUG050045-45,BTC,0,2026-08-05 04:45:00+00:00,2026-08-05,yes,1,0.71,30.0,30.0,1785904276.720726,823.2792739868164,0.119659,True,103.2792739868164,0.86,0.84,163.2792739868164,0.87,0.86,223.2792739868164,0.88,0.87,343.2792739868164,0.95,0.949
32264f62-c1e8-40d6-8e2d-afa0e9af5b1e,KXETH15M-26AUG050045-45,ETH,1,2026-08-05 04:45:00+00:00,2026-08-05,yes,0,0.67,30.0,30.0,1785904282.120526,817.8794739246368,1.522724,True,97.87947392463684,0.81,0.8,157.87947392463684,0.86,0.85,217.87947392463684,0.84,0.83,337.87947392463684,0.9,0.88
28edd780-bfd3-4b78-abc1-a45eee18d3c8,KXDOGE15M-26AUG050045-45,DOGE,4,2026-08-05 04:45:00+00:00,2026-08-05,yes,1,0.66,30.0,30.0,1785904282.254751,817.7452490329742,13.921489,False,,,,,,,,,,,,
2528ab8a-0a79-4853-9172-0adc9bd96fe0,KXDOGE15M-26AUG050100-00,DOGE,4,2026-08-05 05:00:00+00:00,2026-08-05,no,1,0.65,30.0,30.0,1785905297.65864,702.3413600921631,44.57352,False,,,,,,,,,,,,
9d22e61c-977b-4c55-ad84-bb5a1b304d34,KXSOL15M-26AUG050100-00,SOL,2,2026-08-05 05:00:00+00:00,2026-08-05,yes,1,0.74,30.0,30.0,1785905345.971797,654.0282030105591,5.151417,False,,,,,,,,,,,,
4e7c9f2b-f40e-4e64-b51c-df096d475a1d,KXBTC15M-26AUG050115-15,BTC,0,2026-08-05 05:15:00+00:00,2026-08-05,yes,1,0.67,30.0,30.0,1785906097.317582,802.6824181079865,3.200932,True,82.68241810798645,0.907,0.906,142.68241810798645,0.909,0.908,202.68241810798645,0.96,0.959,322.68241810798645,0.986,0.985
a82442ce-a344-4bb5-a6e3-cae2624d576a,KXETH15M-26AUG050115-15,ETH,1,2026-08-05 05:15:00+00:00,2026-08-05,yes,1,0.71,30.0,30.0,1785906097.432216,802.5677840709686,2.040766,True,82.56778407096863,0.914,0.909,142.56778407096863,0.935,0.934,202.56778407096863,0.976,0.975,322.5677840709686,0.985,0.983
8fc71498-628c-4ef6-a66d-95869dc0ab0d,KXDOGE15M-26AUG050115-15,DOGE,4,2026-08-05 05:15:00+00:00,2026-08-05,yes,1,0.67,30.0,0.0,1785906102.91102,797.0889799594879,,True,77.08897995948792,0.87,0.86,137.08897995948792,0.9,0.89,197.08897995948792,0.935,0.934,317.0889799594879,0.953,0.947
f13763e5-b550-4ec1-83e2-5fb9ed2bbb0b,KXETH15M-26AUG050130-30,ETH,1,2026-08-05 05:30:00+00:00,2026-08-05,no,0,0.65,30.0,30.0,1785907125.36763,674.6323699951172,0.048062,True,74.63236999511719,0.44999999999999996,0.43999999999999995,134.6323699951172,0.41000000000000003,0.37,194.6323699951172,0.56,0.54,314.6323699951172,0.21999999999999997,0.19999999999999996
d2ec8bbb-b601-4a57-9da4-1d4b0582a04e,KXDOGE15M-26AUG050130-30,DOGE,4,2026-08-05 05:30:00+00:00,2026-08-05,no,0,0.69,30.0,30.0,1785907141.573207,658.4267930984497,8.258251,False,,,,,,,,,,,,
a00f5241-432a-4232-8cab-ce6e0aef9457,KXXRP15M-26AUG050130-30,XRP,3,2026-08-05 05:30:00+00:00,2026-08-05,yes,1,0.71,30.0,30.0,1785907178.660807,621.3391931056976,9.804262,True,81.33919310569763,0.88,0.86,141.33919310569763,0.85,0.84,201.33919310569763,0.912,0.905,321.33919310569763,0.982,0.975
b80ceedf-0518-4952-b31d-c6227afbe787,KXXRP15M-26AUG050145-45,XRP,3,2026-08-05 05:45:00+00:00,2026-08-05,no,1,0.71,30.0,30.0,1785907885.176198,814.8238019943237,0.7164,True,94.82380199432373,0.83,0.8200000000000001,154.82380199432373,0.9,0.89,214.82380199432373,0.908,0.903,334.82380199432373,0.964,0.959
4abf9709-cf93-4200-8278-feb4b2325d85,KXBTC15M-26AUG050145-45,BTC,0,2026-08-05 05:45:00+00:00,2026-08-05,no,1,0.71,30.0,30.0,1785907933.090147,766.9098529815674,0.324475,True,106.90985298156738,0.86,0.85,166.90985298156738,0.902,0.901,226.90985298156738,0.947,0.946,346.9098529815674,0.9339999999999999,0.933
0ec5b83f-e77c-40f0-a7da-6af86b99f21e,KXETH15M-26AUG050145-45,ETH,1,2026-08-05 05:45:00+00:00,2026-08-05,no,1,0.68,30.0,30.0,1785907933.193741,766.8062589168549,5.958789,True,106.80625891685486,0.84,0.83,166.80625891685486,0.89,0.88,226.80625891685486,0.906,0.904,346.80625891685486,0.91,0.903
ea28e8dd-46a1-4d16-9f14-102371076db5,KXETH15M-26AUG050200-00,ETH,1,2026-08-05 06:00:00+00:00,2026-08-05,yes,1,0.7,30.0,30.0,1785908783.822991,816.1770091056824,11.401871,False,,,,,,,,,,,,
0a88705a-96a8-43e2-9d5b-8ec0858e57ba,KXBTC15M-26AUG050200-00,BTC,0,2026-08-05 06:00:00+00:00,2026-08-05,yes,1,0.65,30.0,30.0,1785908820.448921,779.5510790348053,0.404318,False,,,,,,,,,,,,
3a25c34d-b93a-446e-96b1-9f27ececf3a6,KXXRP15M-26AUG050200-00,XRP,3,2026-08-05 06:00:00+00:00,2026-08-05,yes,1,0.73,30.0,30.0,1785908820.584735,779.415265083313,5.729782,False,,,,,,,,,,,,
20fde01f-854e-4a38-b0ad-efe503aa3b28,KXBTC15M-26AUG050215-15,BTC,0,2026-08-05 06:15:00+00:00,2026-08-05,no,1,0.72,30.0,30.0,1785909662.233256,837.7667438983917,6.74593,True,117.76674389839172,0.78,0.77,177.76674389839172,0.78,0.77,237.76674389839172,0.49,0.48,357.7667438983917,0.9,0.89
c62b9a70-71af-4de7-b084-bb5e8eae2d8c,KXETH15M-26AUG050215-15,ETH,1,2026-08-05 06:15:00+00:00,2026-08-05,no,1,0.68,30.0,30.0,1785909684.078313,815.9216868877411,172.356687,True,95.92168688774109,0.8200000000000001,0.81,155.9216868877411,0.85,0.84,215.9216868877411,0.7,0.69,335.9216868877411,0.912,0.905
deb5cad6-d160-4e08-8ca8-b6ed825fb1c6,KXSOL15M-26AUG050215-15,SOL,2,2026-08-05 06:15:00+00:00,2026-08-05,no,1,0.74,30.0,30.0,1785909716.735844,783.2641561031342,17.174708,True,63.264156103134155,0.8200000000000001,0.81,123.26415610313416,0.88,0.86,183.26415610313416,0.71,0.69,303.26415610313416,0.914,0.906
1d79303d-b3f3-4ec2-bd76-aa60a3890ac1,KXBTC15M-26AUG050230-30,BTC,0,2026-08-05 06:30:00+00:00,2026-08-05,no,1,0.68,30.0,0.0,1785910565.292863,834.7071371078491,,True,114.70713710784912,0.5,0.49,174.70713710784912,0.64,0.63,234.70713710784912,0.53,0.52,354.7071371078491,0.8,0.79
b4503895-174b-41a5-876d-b1a12b9b73e7,KXETH15M-26AUG050230-30,ETH,1,2026-08-05 06:30:00+00:00,2026-08-05,no,1,0.66,30.0,30.0,1785910624.842065,775.1579349040985,4.205782,True,115.15793490409851,0.73,0.71,175.1579349040985,0.76,0.74,235.1579349040985,0.79,0.77,355.1579349040985,0.946,0.944
5a52d11c-09ec-4747-a3e6-2761ff697303,KXXRP15M-26AUG050230-30,XRP,3,2026-08-05 06:30:00+00:00,2026-08-05,no,1,0.82,30.0,0.0,1785910870.89635,529.1036500930786,,True,109.10365009307861,0.86,0.85,169.1036500930786,0.87,0.86,229.1036500930786,0.77,0.74,349.1036500930786,0.87,0.83
b376b9ae-a661-438f-a818-e92e6b6b30b0,KXXRP15M-26AUG050245-45,XRP,3,2026-08-05 06:45:00+00:00,2026-08-05,yes,1,0.74,30.0,0.0,1785911641.294233,658.705766916275,,True,118.70576691627502,0.9,0.89,178.70576691627502,0.94,0.939,238.70576691627502,0.969,0.968,358.705766916275,0.956,0.952
f94618cc-9d49-4f6b-b0b9-10cbc8be6a3f,KXDOGE15M-26AUG050245-45,DOGE,4,2026-08-05 06:45:00+00:00,2026-08-05,yes,1,0.67,30.0,30.0,1785911679.68286,620.3171401023865,565.547412,True,80.31714010238647,0.81,0.8,140.31714010238647,0.926,0.919,200.31714010238647,0.948,0.947,320.3171401023865,0.906,0.89
22340bde-5a5c-4334-8325-e4dbe2b9461a,KXETH15M-26AUG050245-45,ETH,1,2026-08-05 06:45:00+00:00,2026-08-05,yes,1,0.8,30.0,30.0,1785911685.246738,614.7532620429993,3.257785,True,74.75326204299927,0.904,0.903,134.75326204299927,0.964,0.963,194.75326204299927,0.96,0.959,314.75326204299927,0.907,0.905
cb5b2a27-4277-4ce6-a029-46cd632ceddf,KXBTC15M-26AUG050300-00,BTC,0,2026-08-05 07:00:00+00:00,2026-08-05,no,1,0.74,30.0,30.0,1785912363.734073,836.2659270763397,24.321859,True,116.26592707633972,0.85,0.84,176.26592707633972,0.71,0.7,236.26592707633972,0.63,0.61,356.2659270763397,0.9339999999999999,0.933
15d5fb9e-a5c5-464a-9f78-a66640342013,KXETH15M-26AUG050300-00,ETH,1,2026-08-05 07:00:00+00:00,2026-08-05,no,1,0.8,30.0,0.0,1785912363.778359,836.2216410636902,,False,,,,,,,,,,,,
ae88ba6a-705c-490f-921c-e4f36a0e9496,KXXRP15M-26AUG050300-00,XRP,3,2026-08-05 07:00:00+00:00,2026-08-05,no,1,0.75,30.0,30.0,1785912397.648966,802.3510339260101,8.030829,False,,,,,,,,,,,,
ff7ff3ba-ad1e-4030-8038-35430cafc89e,KXBTC15M-26AUG050315-15,BTC,0,2026-08-05 07:15:00+00:00,2026-08-05,no,1,0.69,30.0,30.0,1785913327.197735,772.8022649288177,4.043976,True,112.80226492881775,0.78,0.77,172.80226492881775,0.71,0.7,232.80226492881775,0.65,0.64,352.80226492881775,0.69,0.6799999999999999
d57a1c2c-0af5-44ab-9d55-f74e87a839a5,KXHYPE15M-26AUG050315-15,HYPE,5,2026-08-05 07:15:00+00:00,2026-08-05,yes,0,0.81,30.0,30.0,1785913349.728616,750.2713840007782,3.318533,True,90.2713840007782,0.83,0.82,150.2713840007782,0.78,0.75,210.2713840007782,0.75,0.74,330.2713840007782,0.71,0.7
e05315e0-b3d1-42f6-8ad4-376b3ae5bfd6,KXSOL15M-26AUG050315-15,SOL,2,2026-08-05 07:15:00+00:00,2026-08-05,no,1,0.71,30.0,30.0,1785913420.385766,679.6142339706421,2.133537,True,79.61423397064209,0.75,0.74,139.6142339706421,0.74,0.73,199.6142339706421,0.73,0.72,319.6142339706421,0.87,0.86
a0708e55-b343-4cee-83ac-79eee30f0464,KXBTC15M-26AUG050330-30,BTC,0,2026-08-05 07:30:00+00:00,2026-08-05,no,1,0.67,30.0,30.0,1785914291.280094,708.7199060916901,1.107309,True,108.71990609169006,0.87,0.86,168.71990609169006,0.94,0.9390000000000001,228.71990609169006,0.953,0.951,348.71990609169006,0.966,0.965
ee2a4663-8f98-4a9c-88b6-bd03963086ff,KXETH15M-26AUG050330-30,ETH,1,2026-08-05 07:30:00+00:00,2026-08-05,no,1,0.66,30.0,6.76,1785914323.934231,676.0657689571381,3.43227,True,76.06576895713806,0.73,0.72,136.06576895713806,0.88,0.87,196.06576895713806,0.959,0.958,316.06576895713806,0.949,0.946
99be2880-ff8f-44d3-b476-d9d7fb537b5a,KXDOGE15M-26AUG050330-30,DOGE,4,2026-08-05 07:30:00+00:00,2026-08-05,no,1,0.68,30.0,0.0,1785914379.340104,620.6598958969116,,True,80.65989589691162,0.9339999999999999,0.925,140.65989589691162,0.921,0.916,200.65989589691162,0.924,0.92,320.6598958969116,0.94,0.9359999999999999
428085cd-60d6-430a-83f5-ba765d85f8be,KXXRP15M-26AUG050345-45,XRP,3,2026-08-05 07:45:00+00:00,2026-08-05,yes,1,0.68,30.0,30.0,1785915174.297603,725.702397108078,6.777958,True,65.702397108078,0.63,0.62,125.702397108078,0.57,0.53,185.702397108078,0.52,0.48,305.702397108078,0.81,0.79
fdbf7d91-7436-4880-903d-a4b9def799f7,KXETH15M-26AUG050345-45,ETH,1,2026-08-05 07:45:00+00:00,2026-08-05,yes,1,0.65,30.0,30.0,1785915179.898885,720.101114988327,0.938171,True,60.101114988327026,0.6,0.59,120.10111498832703,0.52,0.5,180.10111498832703,0.6,0.59,300.101114988327,0.74,0.73
9a4eb1e7-0285-4d0d-a3d4-e0e15c86642f,KXHYPE15M-26AUG050345-45,HYPE,5,2026-08-05 07:45:00+00:00,2026-08-05,yes,0,0.66,30.0,30.0,1785915279.440604,620.5593960285187,1.724746,True,80.55939602851868,0.61,0.6,140.55939602851868,0.63,0.62,200.55939602851868,0.68,0.66,320.5593960285187,0.79,0.78
28d54a36-ed55-4b1e-af5b-a3bd01fd4584,KXBTC15M-26AUG050400-00,BTC,0,2026-08-05 08:00:00+00:00,2026-08-05,yes,1,0.66,30.0,30.0,1785915973.223718,826.7762820720673,0.076263,True,106.77628207206726,0.81,0.8,166.77628207206726,0.88,0.87,226.77628207206726,0.83,0.82,346.77628207206726,0.7,0.69
0e32b92c-1ef3-4d04-a1c5-2f102b7c6217,KXETH15M-26AUG050400-00,ETH,1,2026-08-05 08:00:00+00:00,2026-08-05,yes,1,0.72,30.0,0.0,1785915978.8881,821.1119000911713,,True,101.11190009117126,0.84,0.83,161.11190009117126,0.907,0.901,221.11190009117126,0.918,0.911,341.11190009117126,0.944,0.938
d06a099e-a7a0-45c5-a15b-ec0f709880b5,KXDOGE15M-26AUG050400-00,DOGE,4,2026-08-05 08:00:00+00:00,2026-08-05,yes,1,0.85,30.0,30.0,1785915989.86519,810.1348099708557,7.062661,True,90.13480997085571,0.79,0.78,150.1348099708557,0.84,0.81,210.1348099708557,0.85,0.84,330.1348099708557,0.914,0.91
939538ed-9f34-439c-8419-f9784a072628,KXETH15M-26AUG050415-15,ETH,1,2026-08-05 08:15:00+00:00,2026-08-05,yes,0,0.76,30.0,30.0,1785916867.83727,832.1627299785614,61.694188,True,112.1627299785614,0.73,0.72,172.1627299785614,0.83,0.82,232.1627299785614,0.81,0.8,352.1627299785614,0.59,0.58
27091263-8eae-4a14-8f46-30cc216a8648,KXBTC15M-26AUG050415-15,BTC,0,2026-08-05 08:15:00+00:00,2026-08-05,yes,1,0.76,30.0,30.0,1785916884.632205,815.3677949905396,1.169032,True,95.36779499053955,0.5,0.49,155.36779499053955,0.76,0.75,215.36779499053955,0.79,0.78,335.36779499053955,0.6,0.59
ced7a5f3-d98d-48a3-bb87-5319c09b1760,KXSOL15M-26AUG050415-15,SOL,2,2026-08-05 08:15:00+00:00,2026-08-05,yes,1,0.8,30.0,0.0,1785917005.239251,694.7607491016388,,True,94.7607491016388,0.918,0.911,154.7607491016388,0.9,0.89,214.7607491016388,0.88,0.87,334.7607491016388,0.924,0.915
0a0a6cdb-ed0f-4e1b-bbec-2cee041a60d8,KXBTC15M-26AUG050430-30,BTC,0,2026-08-05 08:30:00+00:00,2026-08-05,no,0,0.68,30.0,30.0,1785917763.818707,836.1812930107117,13.540952,True,116.18129301071167,0.69,0.6799999999999999,176.18129301071167,0.73,0.72,236.18129301071167,0.74,0.73,356.18129301071167,0.85,0.84
44c448d7-62f2-4660-92ed-2abe85ce9c5a,KXETH15M-26AUG050430-30,ETH,1,2026-08-05 08:30:00+00:00,2026-08-05,no,0,0.65,30.0,30.0,1785917890.73645,709.2635500431061,3.261085,True,109.26355004310608,0.5900000000000001,0.5800000000000001,169.26355004310608,0.5700000000000001,0.55,229.26355004310608,0.5700000000000001,0.56,349.2635500431061,0.36,0.35
ccd4020a-f404-48bc-878a-e5ce6a7382fc,KXXRP15M-26AUG050430-30,XRP,3,2026-08-05 08:30:00+00:00,2026-08-05,no,0,0.73,30.0,30.0,1785917890.826979,709.1730210781097,0.528616,True,109.17302107810974,0.54,0.53,169.17302107810974,0.51,0.5,229.17302107810974,0.75,0.73,349.17302107810974,0.44999999999999996,0.43999999999999995
8490e24d-a5fd-4994-b8b7-300be5469905,KXETH15M-26AUG050445-45,ETH,1,2026-08-05 08:45:00+00:00,2026-08-05,no,1,0.7,30.0,30.0,1785918710.689948,789.3100519180298,7.776827,True,69.31005191802979,0.63,0.61,129.31005191802979,0.71,0.7,189.31005191802979,0.69,0.6699999999999999,309.3100519180298,0.65,0.62
ffbec4f0-d75f-4afe-b7d8-75377cd9470e,KXBTC15M-26AUG050445-45,BTC,0,2026-08-05 08:45:00+00:00,2026-08-05,no,1,0.66,30.0,30.0,1785918727.550797,772.4492030143738,0.647527,True,112.44920301437378,0.77,0.76,172.44920301437378,0.74,0.73,232.44920301437378,0.6799999999999999,0.6699999999999999,352.4492030143738,0.88,0.87
58da4632-7f8e-4063-bfba-e4795b559627,KXHYPE15M-26AUG050500-00,HYPE,5,2026-08-05 09:00:00+00:00,2026-08-05,yes,1,0.69,30.0,0.0,1785919758.391012,641.6089880466461,,False,,,,,,,,,,,,
e55da0a8-5c42-4140-bb2c-7d1826a1cc82,KXETH15M-26AUG050500-00,ETH,1,2026-08-05 09:00:00+00:00,2026-08-05,yes,1,0.8,30.0,30.0,1785919907.200273,492.7997269630432,12.326284,True,72.79972696304321,0.73,0.7,132.7997269630432,0.75,0.73,192.7997269630432,0.85,0.84,312.7997269630432,0.987,0.986
1488f5d7-2a10-49c7-bc5a-2f6457e994ac,KXSOL15M-26AUG050500-00,SOL,2,2026-08-05 09:00:00+00:00,2026-08-05,yes,1,0.84,30.0,30.0,1785919912.72054,487.2794599533081,23.381843,False,,,,,,,,,,,,
9e42e173-8bfd-45e9-9f2f-8dfcb1880bd1,KXXRP15M-26AUG050515-15,XRP,3,2026-08-05 09:15:00+00:00,2026-08-05,no,1,0.66,30.0,30.0,1785920558.810192,741.1898078918457,8.852396,True,81.1898078918457,0.49,0.48,141.1898078918457,0.5,0.49,201.1898078918457,0.47,0.43000000000000005,321.1898078918457,0.45999999999999996,0.41000000000000003
8bb4689e-2ed6-4890-8e61-044989bb4097,KXBTC15M-26AUG050515-15,BTC,0,2026-08-05 09:15:00+00:00,2026-08-05,yes,1,0.65,30.0,30.0,1785920695.61477,604.3852300643921,0.245104,True,64.38523006439209,0.7,0.69,124.38523006439209,0.79,0.78,184.3852300643921,0.83,0.82,304.3852300643921,0.943,0.942
ac76cff2-e7dc-4fc4-8b4a-305e854dab5c,KXSOL15M-26AUG050515-15,SOL,2,2026-08-05 09:15:00+00:00,2026-08-05,yes,1,0.69,30.0,30.0,1785920800.424626,499.57537388801575,16.699452,True,79.57537388801575,0.61,0.59,139.57537388801575,0.5,0.49,199.57537388801575,0.69,0.65,319.57537388801575,0.82,0.8
1434e235-91b1-4b2c-bb31-59afdb64f513,KXETH15M-26AUG050530-30,ETH,1,2026-08-05 09:30:00+00:00,2026-08-05,yes,1,0.66,30.0,30.0,1785921398.640908,801.3590919971466,1.992419,True,81.3590919971466,0.76,0.74,141.3590919971466,0.62,0.59,201.3590919971466,0.66,0.65,321.3590919971466,0.92,0.919
1f507c41-71a0-4c12-af61-409efe9379b9,KXBTC15M-26AUG050530-30,BTC,0,2026-08-05 09:30:00+00:00,2026-08-05,yes,1,0.65,30.0,30.0,1785921426.340037,773.6599628925323,53.749905,True,113.65996289253235,0.56,0.55,173.65996289253235,0.62,0.61,233.65996289253235,0.8,0.79,353.65996289253235,0.936,0.935
413fc035-57c9-4419-b18d-701d9cbe257b,KXDOGE15M-26AUG050530-30,DOGE,4,2026-08-05 09:30:00+00:00,2026-08-05,yes,0,0.74,30.0,30.0,1785921437.638095,762.3619050979614,0.01512,False,,,,,,,,,,,,
e2503283-bebc-45d7-b247-14816bad495f,KXBTC15M-26AUG050545-45,BTC,0,2026-08-05 09:45:00+00:00,2026-08-05,yes,1,0.65,30.0,30.0,1785922309.090959,790.909040927887,1.635558,True,70.90904092788696,0.66,0.65,130.90904092788696,0.69,0.68,190.90904092788696,0.82,0.81,310.90904092788696,0.83,0.82
f1e496a6-1605-4c33-a50b-29c9b8d5335f,KXETH15M-26AUG050545-45,ETH,1,2026-08-05 09:45:00+00:00,2026-08-05,yes,1,0.72,30.0,30.0,1785922412.632197,687.3678030967712,32.866263,True,87.36780309677124,0.8,0.79,147.36780309677124,0.84,0.83,207.36780309677124,0.8,0.79,327.36780309677124,0.953,0.948
355c7be3-0da4-43a8-8104-8e9ee0406d01,KXXRP15M-26AUG050545-45,XRP,3,2026-08-05 09:45:00+00:00,2026-08-05,yes,1,0.78,30.0,30.0,1785922515.53715,584.4628500938416,16.700036,False,,,,,,,,,,,,
e4148a0c-0160-484a-9724-3012d470dd5c,KXSOL15M-26AUG050600-00,SOL,2,2026-08-05 10:00:00+00:00,2026-08-05,no,1,0.65,30.0,13.48,1785923451.567153,548.4328470230103,1.03196,False,,,,,,,,,,,,
1d7012bb-dccd-46d8-a45a-0bafe41a062a,KXBTC15M-26AUG050600-00,BTC,0,2026-08-05 10:00:00+00:00,2026-08-05,yes,0,0.69,30.0,30.0,1785923502.55286,497.4471399784088,3.506865,True,77.44713997840881,0.41,0.4,137.4471399784088,0.44,0.43,197.4471399784088,0.46,0.45,317.4471399784088,0.56,0.55
4301eef1-9267-4bcb-9f8e-9b215cc07449,KXBTC15M-26AUG050615-15,BTC,0,2026-08-05 10:15:00+00:00,2026-08-05,no,0,0.66,30.0,30.0,1785924154.679163,745.320837020874,1.543228,False,,,,,,,,,,,,
819bcc70-970f-4c36-a87c-a9acfc989373,KXSOL15M-26AUG050615-15,SOL,2,2026-08-05 10:15:00+00:00,2026-08-05,yes,0,0.66,30.0,30.0,1785924323.747805,576.2521948814392,7.776462,False,,,,,,,,,,,,
edfef63d-b8d1-4131-8c82-03cc355d035f,KXXRP15M-26AUG050615-15,XRP,3,2026-08-05 10:15:00+00:00,2026-08-05,no,1,0.7,30.0,30.0,1785924406.189284,493.8107159137726,7.928867,False,,,,,,,,,,,,
47ff95cd-48fe-48d3-849f-c02c562d3f39,KXBTC15M-26AUG050630-30,BTC,0,2026-08-05 10:30:00+00:00,2026-08-05,no,0,0.83,30.0,30.0,1785924963.40946,836.590539932251,12.223244,True,116.59053993225098,0.65,0.64,176.59053993225098,0.61,0.6,236.59053993225098,0.6799999999999999,0.6699999999999999,356.590539932251,0.63,0.62
37aba08b-350a-4f00-9963-7cde4016158d,KXETH15M-26AUG050630-30,ETH,1,2026-08-05 10:30:00+00:00,2026-08-05,no,0,0.85,30.0,30.0,1785925001.202116,798.7978839874268,4.133539,True,78.79788398742676,0.75,0.74,138.79788398742676,0.71,0.7,198.79788398742676,0.8,0.79,318.79788398742676,0.81,0.78
a5fb0370-c5b7-4bbd-83d9-5554b6be4547,KXHYPE15M-26AUG050630-30,HYPE,5,2026-08-05 10:30:00+00:00,2026-08-05,no,0,0.77,30.0,30.0,1785925017.472658,782.52734208107,40.777581,True,62.527342081069946,0.8,0.79,122.52734208106995,0.81,0.8,182.52734208106995,0.78,0.77,302.52734208106995,0.69,0.6799999999999999
97f10359-255e-4856-ab71-79c86bb464cd,KXBTC15M-26AUG050900-00,BTC,0,2026-08-05 13:00:00+00:00,2026-08-05,no,1,0.71,30.0,0.0,1785933975.367358,824.6326420307159,,True,104.63264203071594,0.81,0.8,164.63264203071594,0.78,0.77,224.63264203071594,0.87,0.86,344.63264203071594,0.928,0.927
9a1aa0fd-ee3a-4e08-817f-772b6ea8a3f1,KXXRP15M-26AUG050900-00,XRP,3,2026-08-05 13:00:00+00:00,2026-08-05,no,1,0.68,30.0,30.0,1785934030.395081,769.6049189567566,4.500347,False,,,,,,,,,,,,
a118ddd2-439e-4ef0-924c-831a31f87232,KXETH15M-26AUG050900-00,ETH,1,2026-08-05 13:00:00+00:00,2026-08-05,no,1,0.67,30.0,30.0,1785934193.955424,606.0445759296417,5.627796,True,66.04457592964172,0.69,0.6799999999999999,126.04457592964172,0.85,0.84,186.04457592964172,0.946,0.945,306.0445759296417,0.99,0.989
8447a7d9-e6a9-4303-9590-9ab1024b2e59,KXBTC15M-26AUG050915-15,BTC,0,2026-08-05 13:15:00+00:00,2026-08-05,no,1,0.66,30.0,0.0,1785934970.119201,729.8807990550995,,True,69.88079905509949,0.84,0.83,129.8807990550995,0.87,0.86,189.8807990550995,0.88,0.87,309.8807990550995,0.976,0.975
c62269c6-e4a6-4f5a-bd2d-3d8dcb17170d,KXETH15M-26AUG050915-15,ETH,1,2026-08-05 13:15:00+00:00,2026-08-05,no,1,0.68,30.0,30.0,1785935025.136047,674.8639531135559,3.750315,True,74.86395311355591,0.78,0.77,134.8639531135559,0.72,0.6799999999999999,194.8639531135559,0.7,0.6699999999999999,314.8639531135559,0.64,0.61
2b29c298-1d1f-4447-889e-6cf309435130,KXSOL15M-26AUG050915-15,SOL,2,2026-08-05 13:15:00+00:00,2026-08-05,no,1,0.66,30.0,30.0,1785935025.175257,674.8247430324554,15.212992,True,74.82474303245544,0.6599999999999999,0.64,134.82474303245544,0.63,0.6,194.82474303245544,0.6,0.56,314.82474303245544,0.6599999999999999,0.65
5f8fa7ba-a0c7-473c-9afe-c832ebb93459,KXBTC15M-26AUG050930-30,BTC,0,2026-08-05 13:30:00+00:00,2026-08-05,yes,1,0.75,15.0,15.0,1785935889.580244,710.419755935669,0.674065,True,110.41975593566895,0.88,0.87,170.41975593566895,0.81,0.8,230.41975593566895,0.83,0.82,350.41975593566895,0.929,0.927
cddb2c6f-40ce-4b7a-ae62-e1e198d325df,KXDOGE15M-26AUG050930-30,DOGE,4,2026-08-05 13:30:00+00:00,2026-08-05,yes,0,0.71,15.0,15.0,1785935922.745443,677.2545568943024,12.030476,True,77.25455689430237,0.64,0.62,137.25455689430237,0.54,0.52,197.25455689430237,0.54,0.52,317.25455689430237,0.68,0.67
e2a11975-9968-4b71-b83d-e06a33909122,KXHYPE15M-26AUG050930-30,HYPE,5,2026-08-05 13:30:00+00:00,2026-08-05,yes,1,0.66,15.0,15.0,1785935971.792542,628.2074580192566,4.6643,True,88.20745801925659,0.63,0.61,148.2074580192566,0.72,0.7,208.2074580192566,0.86,0.85,328.2074580192566,0.79,0.78
2e2eb887-e2f8-4a9d-bd7a-521ac8b3ad91,KXETH15M-26AUG050945-45,ETH,1,2026-08-05 13:45:00+00:00,2026-08-05,no,0,0.74,15.0,15.0,1785936667.648701,832.3512990474701,0.066638,True,112.35129904747009,0.931,0.9299999999999999,172.3512990474701,0.953,0.952,232.3512990474701,0.944,0.943,352.3512990474701,0.986,0.985
68729096-4bdf-4804-8a61-e83786ac29c1,KXBTC15M-26AUG050945-45,BTC,0,2026-08-05 13:45:00+00:00,2026-08-05,no,0,0.66,15.0,15.0,1785936689.401265,810.5987350940704,0.299353,True,90.59873509407043,0.915,0.914,150.59873509407043,0.926,0.925,210.59873509407043,0.914,0.913,330.59873509407043,0.948,0.946
f8b12cec-e3ae-4182-8c7f-028c754b17a7,KXDOGE15M-26AUG050945-45,DOGE,4,2026-08-05 13:45:00+00:00,2026-08-05,no,1,0.77,15.0,15.0,1785936689.44614,810.5538599491119,1.126555,False,,,,,,,,,,,,
eb162921-b55c-4942-936e-bf853d03c7c3,KXBTC15M-26AUG051000-00,BTC,0,2026-08-05 14:00:00+00:00,2026-08-05,no,0,0.68,15.0,15.0,1785937569.306524,830.6934759616852,8.109568,True,110.69347596168518,0.5900000000000001,0.5800000000000001,170.69347596168518,0.61,0.6,230.69347596168518,0.31999999999999995,0.31000000000000005,350.6934759616852,0.4,0.39
1a8ea7ac-e2a0-4fb2-8fee-19c860ac6881,KXXRP15M-26AUG051000-00,XRP,3,2026-08-05 14:00:00+00:00,2026-08-05,no,0,0.67,15.0,15.0,1785937607.594632,792.4053680896759,27.735222,True,72.4053680896759,0.56,0.55,132.4053680896759,0.64,0.62,192.4053680896759,0.45999999999999996,0.44999999999999996,312.4053680896759,0.62,0.61
563e9e26-d196-48e4-8cc9-fc526d073c89,KXETH15M-26AUG051000-00,ETH,1,2026-08-05 14:00:00+00:00,2026-08-05,no,0,0.72,15.0,15.0,1785937613.064435,786.935564994812,6.004981,True,66.93556499481201,0.43999999999999995,0.43000000000000005,126.93556499481201,0.53,0.52,186.935564994812,0.26,0.22999999999999998,306.935564994812,0.32999999999999996,0.31999999999999995
3614e303-67ef-4d4d-8741-60bf1608c2ed,KXETH15M-26AUG051015-15,ETH,1,2026-08-05 14:15:00+00:00,2026-08-05,no,0,0.69,15.0,15.0,1785938480.965228,819.0347719192505,0.07788,False,,,,,,,,,,,,
02d809d4-cb60-4a78-b05c-bb6c985b77ee,KXBTC15M-26AUG051015-15,BTC,0,2026-08-05 14:15:00+00:00,2026-08-05,no,0,0.65,15.0,15.0,1785938557.546247,742.4537529945374,0.538128,True,82.45375299453735,0.55,0.54,142.45375299453735,0.53,0.52,202.45375299453735,0.28,0.27,322.45375299453735,0.28,0.27
d1ca85d7-3c4a-41f7-ab2e-3745c8d7656a,KXHYPE15M-26AUG051015-15,HYPE,5,2026-08-05 14:15:00+00:00,2026-08-05,no,0,0.76,22.0,22.0,1785938711.010064,588.9899361133575,3.121036,False,,,,,,,,,,,,
85ff67bf-d701-482e-ac0c-96374c3c6fb6,KXETH15M-26AUG051100-00,ETH,1,2026-08-05 15:00:00+00:00,2026-08-05,yes,1,0.66,11.0,11.0,1785941170.933468,829.0665318965912,1.27278,True,109.06653189659119,0.69,0.68,169.0665318965912,0.56,0.55,229.0665318965912,0.75,0.74,349.0665318965912,0.51,0.49
e9d91e3a-e34c-4420-928e-dd0a50b1b7c6,KXXRP15M-26AUG051100-00,XRP,3,2026-08-05 15:00:00+00:00,2026-08-05,yes,1,0.74,19.0,19.0,1785941198.305812,801.694188117981,1.828925,True,81.69418811798096,0.76,0.75,141.69418811798096,0.67,0.66,201.69418811798096,0.81,0.8,321.69418811798096,0.56,0.55
857557e9-ae76-45e9-9a80-aefb3a7e8be8,KXDOGE15M-26AUG051100-00,DOGE,4,2026-08-05 15:00:00+00:00,2026-08-05,yes,1,0.66,13.0,13.0,1785941487.962056,512.0379440784454,5.703842,True,92.03794407844543,0.55,0.54,152.03794407844543,0.17,0.16,212.03794407844543,0.57,0.54,332.03794407844543,0.83,0.81
cd3a0da2-724d-4f24-9d55-e0c9786a3937,KXBTC15M-26AUG051115-15,BTC,0,2026-08-05 15:15:00+00:00,2026-08-05,yes,1,0.68,22.0,22.0,1785942174.041844,725.9581561088562,0.232496,True,65.9581561088562,0.74,0.73,125.9581561088562,0.74,0.73,185.9581561088562,0.68,0.67,305.9581561088562,0.75,0.74
e537e0e4-544b-457a-8571-b9e03b8ff53d,KXSOL15M-26AUG051115-15,SOL,2,2026-08-05 15:15:00+00:00,2026-08-05,yes,1,0.7,16.0,16.0,1785942185.503512,714.4964880943298,0.12771,True,114.49648809432983,0.74,0.73,174.49648809432983,0.68,0.67,234.49648809432983,0.75,0.73,354.49648809432983,0.69,0.68
a09831a6-3c6d-4cd2-a291-4db8fcedeebc,KXXRP15M-26AUG051115-15,XRP,3,2026-08-05 15:15:00+00:00,2026-08-05,yes,0,0.67,16.0,16.0,1785942230.555017,669.4449830055237,28.490708,True,69.44498300552368,0.54,0.52,129.44498300552368,0.41,0.4,189.44498300552368,0.52,0.51,309.4449830055237,0.41,0.39
81d553c4-2fc5-4e21-8814-73066d44eb4c,KXBTC15M-26AUG051130-30,BTC,0,2026-08-05 15:30:00+00:00,2026-08-05,no,1,0.76,22.0,22.0,1785942964.971402,835.0285980701447,199.340502,True,115.02859807014465,0.84,0.83,175.02859807014465,0.85,0.84,235.02859807014465,0.76,0.75,355.02859807014465,0.924,0.922
c10c3268-e325-4242-96ca-b099d6d7d6ec,KXXRP15M-26AUG051130-30,XRP,3,2026-08-05 15:30:00+00:00,2026-08-05,no,1,0.79,22.0,22.0,1785942992.797774,807.2022259235382,7.195865,True,87.20222592353821,0.61,0.6,147.2022259235382,0.75,0.74,207.2022259235382,0.5,0.49,327.2022259235382,0.62,0.61
89a50993-57ff-451d-8930-aa50e7323b3b,KXETH15M-26AUG051130-30,ETH,1,2026-08-05 15:30:00+00:00,2026-08-05,no,1,0.77,22.0,22.0,1785943020.34312,779.656879901886,28.880379,True,119.65687990188599,0.83,0.81,179.656879901886,0.71,0.7,239.656879901886,0.7,0.69,359.656879901886,0.914,0.913
c368ddf7-68eb-403a-87c8-24a5a440866a,KXETH15M-26AUG051145-45,ETH,1,2026-08-05 15:45:00+00:00,2026-08-05,yes,1,0.66,15.0,15.0,1785943899.158431,800.8415689468384,20.435663,True,80.84156894683838,0.74,0.73,140.84156894683838,0.77,0.76,200.84156894683838,0.77,0.76,320.8415689468384,0.69,0.68
20bc526a-93bf-4df1-bda8-78faaef65aec,KXXRP15M-26AUG051145-45,XRP,3,2026-08-05 15:45:00+00:00,2026-08-05,yes,0,0.67,15.0,15.0,1785943899.265609,800.7343909740448,21.970154,True,80.7343909740448,0.75,0.74,140.7343909740448,0.8,0.79,200.7343909740448,0.72,0.71,320.7343909740448,0.74,0.73
fade526f-6034-41f6-9ff3-d51eb92c1553,KXDOGE15M-26AUG051145-45,DOGE,4,2026-08-05 15:45:00+00:00,2026-08-05,yes,1,0.65,15.0,0.0,1785943909.99448,790.0055201053619,,True,70.00552010536194,0.79,0.78,130.00552010536194,0.82,0.81,190.00552010536194,0.8,0.78,310.00552010536194,0.73,0.71
b211a192-154d-4176-8d7d-b56e97403f71,KXBTC15M-26AUG051200-00,BTC,0,2026-08-05 16:00:00+00:00,2026-08-05,no,1,0.66,15.0,15.0,1785944796.332553,803.6674470901489,2.329706,True,83.66744709014893,0.63,0.62,143.66744709014893,0.5900000000000001,0.5800000000000001,203.66744709014893,0.76,0.75,323.6674470901489,0.915,0.914
fabc3e81-95e6-4f5b-a7ea-aca3dfbb50af,KXHYPE15M-26AUG051200-00,HYPE,5,2026-08-05 16:00:00+00:00,2026-08-05,no,1,0.68,15.0,0.0,1785944882.446548,717.5534520149231,,True,117.5534520149231,0.8200000000000001,0.81,177.5534520149231,0.87,0.86,237.5534520149231,0.909,0.906,357.5534520149231,0.977,0.968
d12bf42b-fafd-4065-863f-7b4f7800ae6b,KXXRP15M-26AUG051200-00,XRP,3,2026-08-05 16:00:00+00:00,2026-08-05,no,1,0.68,15.0,15.0,1785944963.308307,636.6916930675507,5.350834,True,96.69169306755066,0.85,0.84,156.69169306755066,0.947,0.943,216.69169306755066,0.97,0.966,336.69169306755066,0.985,0.983
e35a7f3d-cc20-4059-ab86-a6f94d9764db,KXETH15M-26AUG051215-15,ETH,1,2026-08-05 16:15:00+00:00,2026-08-05,yes,1,0.66,20.0,20.0,1785945703.275591,796.7244091033936,1.979926,False,,,,,,,,,,,,
7810b69b-4ff2-47d7-8171-8a3edffb7fab,KXSOL15M-26AUG051215-15,SOL,2,2026-08-05 16:15:00+00:00,2026-08-05,yes,1,0.67,20.0,20.0,1785945767.438826,732.561173915863,1.911738,False,,,,,,,,,,,,
3eb65da5-d185-4d49-9b48-06a7444cabf6,KXBTC15M-26AUG051215-15,BTC,0,2026-08-05 16:15:00+00:00,2026-08-05,yes,1,0.65,20.0,20.0,1785945772.818349,727.1816511154175,0.11866,False,,,,,,,,,,,,
5e61b572-b1c8-492b-a09f-f88a104a8546,KXBTC15M-26AUG051230-30,BTC,0,2026-08-05 16:30:00+00:00,2026-08-05,yes,1,0.67,20.0,20.0,1785946571.80692,828.1930799484253,38.176928,True,108.1930799484253,0.59,0.58,168.1930799484253,0.74,0.73,228.1930799484253,0.81,0.8,348.1930799484253,0.956,0.952
7e69148f-afe6-48bc-ac5a-a6e8671cec4f,KXETH15M-26AUG051230-30,ETH,1,2026-08-05 16:30:00+00:00,2026-08-05,yes,1,0.68,20.0,20.0,1785946571.899377,828.1006228923798,39.310184,True,108.10062289237976,0.55,0.54,168.10062289237976,0.61,0.59,228.10062289237976,0.75,0.74,348.10062289237976,0.984,0.983
d2103dce-1d49-4aea-b96d-ad39091d2e3e,KXXRP15M-26AUG051230-30,XRP,3,2026-08-05 16:30:00+00:00,2026-08-05,yes,1,0.68,20.0,20.0,1785946572.00876,827.9912400245667,42.091473,True,107.99124002456665,0.7,0.69,167.99124002456665,0.71,0.7,227.99124002456665,0.83,0.82,347.99124002456665,0.973,0.972
da5759c9-9133-4acb-abdb-7fb9f423f4cc,KXBTC15M-26AUG051245-45,BTC,0,2026-08-05 16:45:00+00:00,2026-08-05,no,1,0.66,20.0,20.0,1785947461.969543,838.0304570198059,0.953683,True,118.03045701980591,0.74,0.73,178.0304570198059,0.79,0.78,238.0304570198059,0.74,0.73,358.0304570198059,0.84,0.83
b79a76a2-daa8-46b1-a257-916bd630f970,KXETH15M-26AUG051245-45,ETH,1,2026-08-05 16:45:00+00:00,2026-08-05,no,1,0.65,20.0,20.0,1785947504.560701,795.4392991065979,6.148468,True,75.4392991065979,0.6799999999999999,0.6699999999999999,135.4392991065979,0.75,0.74,195.4392991065979,0.8,0.79,315.4392991065979,0.87,0.85
7785274a-1f6a-4435-bf32-ddd1d0264477,KXBTC15M-26AUG051300-00,BTC,0,2026-08-05 17:00:00+00:00,2026-08-05,no,1,0.68,20.0,20.0,1785948367.299111,832.7008891105652,0.500547,True,112.70088911056519,0.8200000000000001,0.81,172.70088911056519,0.73,0.72,232.70088911056519,0.76,0.75,352.7008891105652,0.85,0.84
55eaf83f-90f8-4dbd-b44b-157f60791ed1,KXETH15M-26AUG051300-00,ETH,1,2026-08-05 17:00:00+00:00,2026-08-05,no,0,0.65,20.0,10.1,1785948367.436285,832.5637149810791,2.220973,True,112.5637149810791,0.86,0.85,172.5637149810791,0.83,0.8200000000000001,232.5637149810791,0.88,0.87,352.5637149810791,0.89,0.88
12705a9d-85dc-43a0-b3fc-e1b0e25bc29a,KXXRP15M-26AUG051300-00,XRP,3,2026-08-05 17:00:00+00:00,2026-08-05,no,1,0.65,20.0,20.0,1785948367.533471,832.4665288925171,1.031421,True,112.46652889251709,0.71,0.69,172.4665288925171,0.6699999999999999,0.65,232.4665288925171,0.74,0.73,352.4665288925171,0.8200000000000001,0.8
0666638d-05de-4a9f-bd59-1554fb18913d,KXETH15M-26AUG051315-15,ETH,1,2026-08-05 17:15:00+00:00,2026-08-05,yes,0,0.69,20.0,20.0,1785949295.79868,804.2013199329376,3.951408,False,,,,,,,,,,,,
9ac6ed93-90c9-4a54-aef1-3f1a416e05b6,KXDOGE15M-26AUG051315-15,DOGE,4,2026-08-05 17:15:00+00:00,2026-08-05,yes,0,0.69,20.0,20.0,1785949301.1603,798.8396999835968,0.436163,False,,,,,,,,,,,,
980e4c15-30bc-4079-bde0-c8bc69b1b917,KXBTC15M-26AUG051315-15,BTC,0,2026-08-05 17:15:00+00:00,2026-08-05,yes,0,0.65,20.0,20.0,1785949311.638815,788.3611850738525,0.091145,False,,,,,,,,,,,,
3f2b687c-ccec-4daf-b27d-5ac015c5e384,KXBTC15M-26AUG051330-30,BTC,0,2026-08-05 17:30:00+00:00,2026-08-05,no,0,0.68,20.0,20.0,1785950195.038359,804.9616410732269,1.797229,True,84.96164107322693,0.5,0.49,144.96164107322693,0.54,0.53,204.96164107322693,0.56,0.55,324.96164107322693,0.81,0.8
24875604-aaa7-4839-88e3-4ee10f6f20bf,KXETH15M-26AUG051330-30,ETH,1,2026-08-05 17:30:00+00:00,2026-08-05,no,1,0.68,20.0,20.0,1785950205.582524,794.417475938797,0.472104,True,74.417475938797,0.56,0.55,134.417475938797,0.74,0.73,194.417475938797,0.73,0.72,314.417475938797,0.89,0.88
e14b1bed-0b37-4968-8ee4-c6784ef13c2e,KXETH15M-26AUG051345-45,ETH,1,2026-08-05 17:45:00+00:00,2026-08-05,yes,1,0.73,20.0,20.0,1785951126.116462,773.8835380077362,0.641906,True,113.8835380077362,0.7,0.69,173.8835380077362,0.66,0.65,233.8835380077362,0.82,0.81,353.8835380077362,0.974,0.972
17a7792f-aa98-4154-a138-a053349916a2,KXHYPE15M-26AUG051400-00,HYPE,5,2026-08-05 18:00:00+00:00,2026-08-05,no,1,0.66,20.0,20.0,1785952111.152307,688.8476929664612,0.742952,False,,,,,,,,,,,,
017ad4c4-f731-4eb8-8808-1b56b96fc0f9,KXSOL15M-26AUG051400-00,SOL,2,2026-08-05 18:00:00+00:00,2026-08-05,no,1,0.65,20.0,20.0,1785952116.576863,683.4231369495392,1.787615,True,83.42313694953918,0.55,0.54,143.42313694953918,0.6599999999999999,0.63,203.42313694953918,0.38,0.37,323.4231369495392,0.69,0.6799999999999999
e6565531-9557-430a-b81c-ccc4b5c03500,KXXRP15M-26AUG051400-00,XRP,3,2026-08-05 18:00:00+00:00,2026-08-05,no,1,0.67,20.0,0.0,1785952116.701482,683.2985179424286,,False,,,,,,,,,,,,
8cd5ff35-072b-453a-9659-a6dcc85f182d,KXSOL15M-26AUG051415-15,SOL,2,2026-08-05 18:15:00+00:00,2026-08-05,yes,1,0.66,20.0,20.0,1785952929.418808,770.5811920166016,5.359732,True,110.58119201660156,0.48,0.47,170.58119201660156,0.67,0.66,230.58119201660156,0.48,0.47,350.58119201660156,0.24,0.23
b2fea8e4-117c-4777-80ac-e9cd38f41f3f,KXBTC15M-26AUG051430-30,BTC,0,2026-08-05 18:30:00+00:00,2026-08-05,no,1,0.66,20.0,20.0,1785953831.606164,768.3938360214233,0.996204,True,108.39383602142334,0.79,0.78,168.39383602142334,0.909,0.908,228.39383602142334,0.55,0.54,348.39383602142334,0.919,0.918
84826507-d739-4d22-b12b-b406a8f437e6,KXSOL15M-26AUG051430-30,SOL,2,2026-08-05 18:30:00+00:00,2026-08-05,no,1,0.69,20.0,20.0,1785953831.756293,768.2437069416046,5.578563,False,,,,,,,,,,,,
ee68f599-2f8a-4e1b-bd27-7cd3be6faea3,KXXRP15M-26AUG051430-30,XRP,3,2026-08-05 18:30:00+00:00,2026-08-05,no,0,0.67,20.0,20.0,1785953831.901666,768.0983340740204,4.598264,False,,,,,,,,,,,,
4fe13a70-bb69-4d5e-97f6-37b5de6b64e5,KXBTC15M-26AUG051445-45,BTC,0,2026-08-05 18:45:00+00:00,2026-08-05,no,0,0.7,20.0,20.0,1785954663.53988,836.4601199626923,0.755842,True,116.46011996269226,0.6699999999999999,0.6599999999999999,176.46011996269226,0.69,0.6799999999999999,236.46011996269226,0.69,0.6799999999999999,356.46011996269226,0.43999999999999995,0.43000000000000005
ae79157f-ad39-429b-af98-7f1e4c07050b,KXETH15M-26AUG051445-45,ETH,1,2026-08-05 18:45:00+00:00,2026-08-05,no,0,0.75,20.0,20.0,1785954668.84768,831.1523199081421,11.375237,True,111.15231990814209,0.81,0.8,171.1523199081421,0.83,0.8200000000000001,231.1523199081421,0.89,0.88,351.1523199081421,0.69,0.6799999999999999
4b837d61-f15e-479f-a829-5085957e3c88,KXDOGE15M-26AUG051445-45,DOGE,4,2026-08-05 18:45:00+00:00,2026-08-05,no,0,0.74,20.0,20.0,1785954679.717724,820.2822759151459,15.065304,True,100.28227591514587,0.69,0.6699999999999999,160.28227591514587,0.6799999999999999,0.6599999999999999,220.28227591514587,0.72,0.6799999999999999,340.2822759151459,0.56,0.55
7032a551-425b-473e-985a-15d31ce20a93,KXBTC15M-26AUG051500-00,BTC,0,2026-08-05 19:00:00+00:00,2026-08-05,yes,0,0.67,20.0,20.0,1785955697.466497,702.5335030555725,1.80154,True,102.53350305557251,0.46,0.45,162.5335030555725,0.52,0.51,222.5335030555725,0.36,0.35,342.5335030555725,0.17,0.16
457a1cf8-79fa-4995-9b06-e7a02228fe5b,KXXRP15M-26AUG051515-15,XRP,3,2026-08-05 19:15:00+00:00,2026-08-05,no,0,0.65,20.0,20.0,1785956478.138099,821.8619010448456,6.285747,True,101.86190104484558,0.6799999999999999,0.6699999999999999,161.86190104484558,0.62,0.6,221.86190104484558,0.20999999999999996,0.19999999999999996,341.8619010448456,0.26,0.25
299575dd-7051-467f-a3c3-bba6f1689f95,KXETH15M-26AUG051515-15,ETH,1,2026-08-05 19:15:00+00:00,2026-08-05,no,0,0.71,20.0,20.0,1785956488.810202,811.189798116684,2.269848,True,91.18979811668396,0.64,0.62,151.18979811668396,0.5700000000000001,0.54,211.18979811668396,0.30000000000000004,0.29000000000000004,331.18979811668396,0.45999999999999996,0.44999999999999996
7dee3620-736d-4a42-add7-7a2ee201d061,KXSOL15M-26AUG051530-30,SOL,2,2026-08-05 19:30:00+00:00,2026-08-05,no,1,0.67,20.0,20.0,1785957408.487783,791.5122170448303,6.516956,True,71.51221704483032,0.72,0.71,131.51221704483032,0.74,0.73,191.51221704483032,0.83,0.8200000000000001,311.5122170448303,0.85,0.84
2c3c42f9-2f99-4cf3-879a-5ab527d21c06,KXBTC15M-26AUG051530-30,BTC,0,2026-08-05 19:30:00+00:00,2026-08-05,no,0,0.68,20.0,20.0,1785957435.196973,764.8030269145966,0.070024,True,104.80302691459656,0.5900000000000001,0.5800000000000001,164.80302691459656,0.7,0.69,224.80302691459656,0.7,0.69,344.80302691459656,0.37,0.36
b35ba918-f159-4643-9e7e-b587f9bd854b,KXDOGE15M-26AUG051530-30,DOGE,4,2026-08-05 19:30:00+00:00,2026-08-05,no,0,0.68,20.0,20.0,1785957435.370025,764.6299750804901,2.639604,False,,,,,,,,,,,,
9868086a-28e2-48e2-ba06-826781c7b3c8,KXETH15M-26AUG051545-45,ETH,1,2026-08-05 19:45:00+00:00,2026-08-05,no,0,0.65,20.0,20.0,1785958307.596923,792.4030768871307,10.11237,True,72.40307688713074,0.65,0.64,132.40307688713074,0.78,0.77,192.40307688713074,0.86,0.85,312.40307688713074,0.6699999999999999,0.6599999999999999
86c97483-caa0-46ad-a284-99d088793b18,KXBTC15M-26AUG051600-00,BTC,0,2026-08-05 20:00:00+00:00,2026-08-05,no,1,0.7,20.0,20.0,1785959176.594369,823.4056310653687,0.45402,True,103.40563106536865,0.72,0.71,163.40563106536865,0.74,0.73,223.40563106536865,0.72,0.71,343.40563106536865,0.41000000000000003,0.4
3778d3b0-e8b2-4034-8724-db1195449fe9,KXDOGE15M-26AUG051600-00,DOGE,4,2026-08-05 20:00:00+00:00,2026-08-05,no,1,0.67,20.0,20.0,1785959224.328601,775.6713991165161,0.872454,True,115.67139911651611,0.87,0.86,175.6713991165161,0.9,0.89,235.6713991165161,0.88,0.86,355.6713991165161,0.88,0.86
56b6bcd7-6a8b-4c17-949f-da8d9a634d5d,KXHYPE15M-26AUG051600-00,HYPE,5,2026-08-05 20:00:00+00:00,2026-08-05,no,1,0.67,20.0,20.0,1785959229.736956,770.2630441188812,0.766485,True,110.26304411888123,0.65,0.64,170.26304411888123,0.49,0.48,230.26304411888123,0.54,0.52,350.2630441188812,0.41000000000000003,0.4
f2289b42-2d1f-4b19-9f95-856f276007e0,KXBTC15M-26AUG051615-15,BTC,0,2026-08-05 20:15:00+00:00,2026-08-05,no,0,0.69,20.0,20.0,1785960074.357878,825.6421220302582,2.090096,False,,,,,,,,,,,,
66d0f08c-a42a-4d38-9731-dfac26c952a1,KXXRP15M-26AUG051615-15,XRP,3,2026-08-05 20:15:00+00:00,2026-08-05,no,1,0.73,20.0,20.0,1785960074.526416,825.4735839366913,101.396771,False,,,,,,,,,,,,
0d55c786-ac5b-4f59-8bb9-5b5c612b5405,KXDOGE15M-26AUG051615-15,DOGE,4,2026-08-05 20:15:00+00:00,2026-08-05,no,1,0.65,20.0,20.0,1785960100.937869,799.0621309280396,9.988617,False,,,,,,,,,,,,
320e4a1c-a8cf-4ea4-9c28-47e8a662ddf5,KXXRP15M-26AUG051630-30,XRP,3,2026-08-05 20:30:00+00:00,2026-08-05,yes,1,0.77,20.0,20.0,1785960995.738711,804.2612888813019,2.037795,False,,,,,,,,,,,,
b2e7f930-69e0-4e80-ad20-392a41a7585a,KXDOGE15M-26AUG051630-30,DOGE,4,2026-08-05 20:30:00+00:00,2026-08-05,yes,1,0.69,20.0,20.0,1785961001.082237,798.9177629947662,1.099357,False,,,,,,,,,,,,
4883c413-8118-4017-91d8-a7a381eae890,KXBTC15M-26AUG051645-45,BTC,0,2026-08-05 20:45:00+00:00,2026-08-05,no,0,0.65,20.0,20.0,1785961941.479157,758.5208430290222,0.578088,False,,,,,,,,,,,,
efff66b2-69ba-4fce-82ef-c9f86b3d21c3,KXXRP15M-26AUG051645-45,XRP,3,2026-08-05 20:45:00+00:00,2026-08-05,no,0,0.65,20.0,20.0,1785961984.023284,715.9767160415649,0.246446,False,,,,,,,,,,,,
1160d157-32fe-481c-85b8-057871c025da,KXHYPE15M-26AUG051645-45,HYPE,5,2026-08-05 20:45:00+00:00,2026-08-05,no,0,0.65,20.0,20.0,1785962005.663618,694.3363819122314,10.965949,False,,,,,,,,,,,,
508806f6-7e96-410c-9a7b-eb78542fa6a9,KXBTC15M-26AUG051700-00,BTC,0,2026-08-05 21:00:00+00:00,2026-08-05,no,1,0.68,20.0,20.0,1785962769.311685,830.6883149147034,1.028452,False,,,,,,,,,,,,
350ddb68-fb83-4d6b-a030-b798895b19f9,KXXRP15M-26AUG051700-00,XRP,3,2026-08-05 21:00:00+00:00,2026-08-05,no,1,0.68,20.0,20.0,1785962780.109152,819.8908479213715,1.798014,False,,,,,,,,,,,,
f5a8fe2a-184d-46e2-bec4-db8f14c945a1,KXETH15M-26AUG051700-00,ETH,1,2026-08-05 21:00:00+00:00,2026-08-05,no,1,0.65,20.0,0.0,1785962828.128021,771.8719789981842,,False,,,,,,,,,,,,
46d81e3a-8cc8-41db-8086-e60a528e8a0a,KXHYPE15M-26AUG051715-15,HYPE,5,2026-08-05 21:15:00+00:00,2026-08-05,no,1,0.77,20.0,20.0,1785963714.049968,785.9500319957733,4.083955,False,,,,,,,,,,,,
f93cc5e2-a126-4aa2-b881-eebd4a35e598,KXBTC15M-26AUG051715-15,BTC,0,2026-08-05 21:15:00+00:00,2026-08-05,no,1,0.79,20.0,20.0,1785963724.730594,775.269406080246,0.596097,True,115.26940608024597,0.6699999999999999,0.6599999999999999,175.26940608024597,0.79,0.78,235.26940608024597,0.85,0.84,355.269406080246,0.86,0.85
d6654a10-59e9-403f-a95a-66b0e4c053bf,KXDOGE15M-26AUG051715-15,DOGE,4,2026-08-05 21:15:00+00:00,2026-08-05,no,1,0.75,20.0,20.0,1785963724.998021,775.0019791126251,81.030051,False,,,,,,,,,,,,
6ad85409-94eb-4e8b-96cd-f9bbb9efa9b1,KXSOL15M-26AUG051730-30,SOL,2,2026-08-05 21:30:00+00:00,2026-08-05,no,1,0.68,20.0,20.0,1785964620.85814,779.1418600082397,0.291866,True,119.14186000823975,0.64,0.63,179.14186000823975,0.7,0.69,239.14186000823975,0.9,0.89,359.14186000823975,0.927,0.92
751bd61f-c618-466a-81cc-5a37786e2b2e,KXXRP15M-26AUG051730-30,XRP,3,2026-08-05 21:30:00+00:00,2026-08-05,no,1,0.65,20.0,20.0,1785964631.595347,768.4046530723572,19.633463,True,108.40465307235718,0.52,0.49,168.40465307235718,0.5800000000000001,0.5700000000000001,228.40465307235718,0.77,0.76,348.4046530723572,0.79,0.77
aa2d76ec-6f9f-4dc5-b27f-3872d1421957,KXDOGE15M-26AUG051730-30,DOGE,4,2026-08-05 21:30:00+00:00,2026-08-05,no,1,0.67,20.0,20.0,1785964668.852284,731.1477160453796,10.540699,True,71.14771604537964,0.62,0.6,131.14771604537964,0.7,0.69,191.14771604537964,0.8,0.79,311.14771604537964,0.8200000000000001,0.79
5ac1a021-92c1-4666-9b9b-d52731a0e19f,KXETH15M-26AUG051745-45,ETH,1,2026-08-05 21:45:00+00:00,2026-08-05,yes,0,0.71,20.0,20.0,1785965464.524285,835.4757149219513,27.714879,True,115.4757149219513,0.47,0.46,175.4757149219513,0.38,0.37,235.4757149219513,0.34,0.33,355.4757149219513,0.21,0.19
52538eb1-aa9c-441d-9ef5-5ae39c210846,KXXRP15M-26AUG051745-45,XRP,3,2026-08-05 21:45:00+00:00,2026-08-05,yes,1,0.68,20.0,20.0,1785965501.972098,798.0279018878937,3.439554,True,78.02790188789368,0.53,0.51,138.02790188789368,0.55,0.53,198.02790188789368,0.71,0.7,318.0279018878937,0.48,0.46
3d4e8263-ee09-4289-b3ee-f11a91550f47,KXSOL15M-26AUG051745-45,SOL,2,2026-08-05 21:45:00+00:00,2026-08-05,yes,1,0.79,20.0,20.0,1785965507.443601,792.5563991069794,0.14603,True,72.55639910697937,0.69,0.67,132.55639910697937,0.7,0.68,192.55639910697937,0.71,0.7,312.55639910697937,0.66,0.64
db41676f-ec26-4f2d-8f08-209e44efe61e,KXBTC15M-26AUG051800-00,BTC,0,2026-08-05 22:00:00+00:00,2026-08-05,no,0,0.65,20.0,20.0,1785966399.205194,800.7948060035706,0.742363,False,,,,,,,,,,,,
94b05c03-69b3-4fb2-a4ff-283ce28bbc73,KXXRP15M-26AUG051800-00,XRP,3,2026-08-05 22:00:00+00:00,2026-08-05,no,1,0.68,20.0,20.0,1785966462.707486,737.2925140857697,35.790441,False,,,,,,,,,,,,
620f3cc1-9cd5-4770-b6ec-d6ca5dba8bff,KXETH15M-26AUG051800-00,ETH,1,2026-08-05 22:00:00+00:00,2026-08-05,no,0,0.65,20.0,20.0,1785966467.982411,732.0175890922546,15.945098,False,,,,,,,,,,,,
292498ea-973f-47a4-a1e9-1239008e8a2d,KXBTC15M-26AUG051815-15,BTC,0,2026-08-05 22:15:00+00:00,2026-08-05,yes,0,0.66,20.0,20.0,1785967266.299817,833.7001829147339,1.182755,False,,,,,,,,,,,,
10eaaf09-36ae-4763-a519-30ae98183681,KXETH15M-26AUG051815-15,ETH,1,2026-08-05 22:15:00+00:00,2026-08-05,yes,1,0.65,20.0,20.0,1785967266.444689,833.5553109645844,7.69142,False,,,,,,,,,,,,
a670476b-0792-46de-ade6-61f8d748327b,KXHYPE15M-26AUG051830-30,HYPE,5,2026-08-05 22:30:00+00:00,2026-08-05,yes,1,0.72,20.0,20.0,1785968213.757679,786.2423210144043,89.39038,False,,,,,,,,,,,,
f32872b9-bf6e-47e3-82a3-8e4154543f2d,KXETH15M-26AUG051830-30,ETH,1,2026-08-05 22:30:00+00:00,2026-08-05,yes,1,0.71,20.0,20.0,1785968229.951947,770.0480530261993,2.556699,False,,,,,,,,,,,,
1b1801a9-f3bc-4b87-97f7-f2586b55ced0,KXSOL15M-26AUG051830-30,SOL,2,2026-08-05 22:30:00+00:00,2026-08-05,yes,0,0.79,20.0,20.0,1785968235.503504,764.496495962143,0.35862,False,,,,,,,,,,,,
37b093a8-4065-4e14-a826-5744ff7a1a7a,KXBTC15M-26AUG051845-45,BTC,0,2026-08-05 22:45:00+00:00,2026-08-05,yes,0,0.69,20.0,20.0,1785969061.94364,838.0563600063324,0.75252,False,,,,,,,,,,,,
0ce1c765-d98f-4911-9241-d82701d18da2,KXDOGE15M-26AUG051845-45,DOGE,4,2026-08-05 22:45:00+00:00,2026-08-05,yes,0,0.66,20.0,20.0,1785969164.199749,735.8002510070801,2.866671,False,,,,,,,,,,,,
c36b05ad-5de0-49ed-9885-b219533a74ac,KXXRP15M-26AUG051845-45,XRP,3,2026-08-05 22:45:00+00:00,2026-08-05,yes,0,0.65,20.0,20.0,1785969169.602638,730.3973619937897,5.175315,False,,,,,,,,,,,,
685800c3-fa17-417e-b800-17560a855904,KXETH15M-26AUG051900-00,ETH,1,2026-08-05 23:00:00+00:00,2026-08-05,yes,0,0.65,20.0,20.0,1785970034.566049,765.4339509010315,0.418061,False,,,,,,,,,,,,
f6308ff7-1838-4d83-8ae3-5c117091caa3,KXBTC15M-26AUG051900-00,BTC,0,2026-08-05 23:00:00+00:00,2026-08-05,yes,0,0.71,20.0,20.0,1785970045.576626,754.4233739376068,0.889168,False,,,,,,,,,,,,
9b061596-09f8-400a-87bc-7ce4680497a2,KXXRP15M-26AUG051900-00,XRP,3,2026-08-05 23:00:00+00:00,2026-08-05,yes,0,0.65,20.0,20.0,1785970051.134231,748.8657689094543,3.651468,False,,,,,,,,,,,,
28ea79da-a3e3-4308-9f1b-ec8fa49f59be,KXBTC15M-26AUG051915-15,BTC,0,2026-08-05 23:15:00+00:00,2026-08-05,no,0,0.66,20.0,20.0,1785970864.327285,835.6727149486542,1.385043,False,,,,,,,,,,,,
05097de5-2f4c-40b5-ab38-86b44398bd62,KXETH15M-26AUG051915-15,ETH,1,2026-08-05 23:15:00+00:00,2026-08-05,no,0,0.73,20.0,20.0,1785970864.597027,835.4029729366302,0.688983,False,,,,,,,,,,,,
4f5004c8-8de0-4824-bb91-2ed5f15aa607,KXSOL15M-26AUG051915-15,SOL,2,2026-08-05 23:15:00+00:00,2026-08-05,no,1,0.79,20.0,20.0,1785970864.806973,835.1930270195007,1.851563,False,,,,,,,,,,,,
