horizon,model,split,c,n,log_loss,brier,auc,calibration_intercept,calibration_slope
13,market,train,10.0,19928,0.6277296245304448,0.2192698160108233,0.6994128703937167,-3.048388842088582e-05,1.00045707741595
13,market,valid,10.0,9740,0.6245436036863483,0.21772489777145432,0.7067177987199081,0.05863175915580945,1.0710404550541337
13,market,test,10.0,8393,0.6347364777595678,0.22209684758297865,0.6911168809101143,0.055907763530205414,0.9798432821542573
13,blend,train,10.0,19928,0.6276860948389907,0.21926426667374455,0.6993792868745026,-3.0049991145832355e-05,1.0004621278587147
13,blend,valid,10.0,9740,0.6246514033656667,0.2177657358220681,0.7067110524731087,0.058526269473762375,1.0822903193806068
13,blend,test,10.0,8393,0.6348535955884312,0.22215238696248854,0.6909119475388743,0.05636780224253211,0.9958162822980638
13,struct,train,0.01,19928,0.6263558499028856,0.21871460486209093,0.7011482792238091,0.00014617673498030365,1.0172416946820586
13,struct,valid,0.01,9740,0.6241278472263436,0.21747082813603064,0.7078803456996113,0.06452944474792416,1.0922289503404206
13,struct,test,0.01,8393,0.6347007389204526,0.2223138145009517,0.6896394978646835,0.06142136207171996,1.00007163020411
13,raw_mid,train,,19928,0.6282613078376827,0.21949817661079885,0.6988693111836294,-0.028648400525686235,1.021367598120544
13,physical,train,,19928,0.6432432338341526,0.22588136186260438,0.680077697096711,-0.01770311092252662,1.0021952042129694
13,raw_mid,valid,,9740,0.6240554465047342,0.21751640195071872,0.7071869791027837,0.027224924217709372,1.107824055390071
13,physical,valid,,9740,0.6437807896564328,0.2261439579721887,0.6898162790392721,0.03242761898013171,1.4771055152329102
13,raw_mid,test,,8393,0.633910422066044,0.2217558584236864,0.6920580353588295,0.02377855648123901,1.0127069145674592
13,physical,test,,8393,0.6567926189265816,0.23226540082499783,0.6683325323790184,0.04454616216594851,1.5789604922709994
12,market,train,10.0,19843,0.6003686393746798,0.20722418981193996,0.7370626264301734,6.693992958633284e-06,1.0002682216417509
12,market,valid,10.0,9642,0.6004951688151182,0.20719150081675128,0.738024623951333,0.07373132220687488,1.055257178308687
12,market,test,10.0,8296,0.6074361802287748,0.21012869129417844,0.7296914818173363,0.08244971694173787,1.0128158933303815
12,blend,train,10.0,19843,0.6003452595437433,0.20721214498652088,0.737091963972908,6.076987659225225e-06,1.0002722809002482
12,blend,valid,10.0,9642,0.6005201817806749,0.20719946033352846,0.738041253325606,0.07371966390781444,1.0632728523972024
12,blend,test,10.0,8296,0.6075485881820396,0.21016845440520424,0.7296026320684523,0.08275593523046322,1.0234564026916242
12,struct,train,1.0,19843,0.5985785345193397,0.20652134467594888,0.7388297445789069,1.0520920515331251e-05,1.0004617750420253
12,struct,valid,1.0,9642,0.5986745434273667,0.20637062727063568,0.7406393725498296,0.09182474528272896,1.0576021072191568
12,struct,test,1.0,8296,0.6078206690567337,0.21043260449666767,0.7286207798549107,0.09866484423543488,0.9964487452407629
12,raw_mid,train,,19843,0.6007510463167857,0.20737340059466816,0.7368465053462628,-0.03086015854672672,1.0310967313666526
12,physical,train,,19843,0.6202554815970134,0.2146351282968298,0.7209066860834141,-0.015701795936580405,1.0199240441933721
12,raw_mid,valid,,9642,0.6001270250008486,0.20701602066479985,0.7383459602560105,0.03993465861481101,1.093643018137725
12,physical,valid,,9642,0.6228841492354102,0.21660908807555423,0.723908350419854,0.04741404627607458,1.5291329264462168
12,raw_mid,test,,8296,0.6064562345547453,0.20970255174180327,0.7306213960193452,0.0471730849373219,1.053196506932467
12,physical,test,,8296,0.6371505155937356,0.22283163580457677,0.7099241129557291,0.06463594873940623,1.6634458787486834
10,market,train,10.0,19695,0.5509354090408476,0.18643937212033038,0.7907084627362833,-2.641843995751167e-06,0.9999088124414843
10,market,valid,10.0,9472,0.546311030513144,0.18489130673620777,0.794535895773721,0.06600039480607016,1.0409098506226089
10,market,test,10.0,8110,0.5479870373136473,0.1846263773101569,0.7955933728549477,0.036152478330128336,1.062790687620619
10,blend,train,10.0,19695,0.5508947646065415,0.18644062549263996,0.7906933641779291,-2.9699308123284918e-06,0.9999002434785661
10,blend,valid,10.0,9472,0.5462994955051712,0.18488662330355657,0.7945415133354674,0.06597223019812877,1.049895750186138
10,blend,test,10.0,8110,0.5481780687556917,0.18469066908761442,0.7956012496849268,0.036592548826541435,1.0760589547418191
10,struct,train,10.0,19695,0.549165987965676,0.18574398189310717,0.792274147644856,-1.6317637931730078e-06,0.9998824464561151
10,struct,valid,10.0,9472,0.5452675220199686,0.18457306300150114,0.7950453105397051,0.06617951497700522,1.0337930713508479
10,struct,test,10.0,8110,0.5501713230261044,0.18565057208985386,0.7930238535958245,0.04038588880726733,1.031731094884418
10,raw_mid,train,,19695,0.5512034549873825,0.18651292305153594,0.790628992838775,-0.029547045389039593,1.0273364164358096
10,physical,train,,19695,0.5781119113101866,0.1958841196120176,0.7732225370480553,-0.01624654494533622,1.0498717744372414
10,raw_mid,valid,,9472,0.5461392197574376,0.1847964307696368,0.794631773285908,0.03361178445536752,1.070998946614962
10,physical,valid,,9472,0.576749731458701,0.19657359516526107,0.7797495369969942,0.03893462319538393,1.5763139626090572
10,raw_mid,test,,8110,0.5479162760253415,0.18455421630702834,0.7960277237652295,-1.636363584096661e-05,1.0959641871889416
10,physical,test,,8110,0.5944282803808815,0.20343110625739833,0.7786249171564292,0.029099747463573127,1.909663505455719
8,market,train,0.1,19541,0.47371121495735796,0.15587105269423918,0.8538944685569244,6.382897563743487e-05,1.006858625300099
8,market,valid,0.1,9325,0.4739615913528178,0.155857745425034,0.8541558967281928,0.07098710056280681,0.9873327507283526
8,market,test,0.1,7970,0.47773860615962355,0.15656299891495315,0.8522173090885639,0.027444216216610837,1.011183197459463
8,blend,train,10.0,19541,0.47325065353007767,0.1557698952351579,0.8540698128344067,-2.852404388884594e-06,0.9999183799987584
8,blend,valid,10.0,9325,0.47400238033276554,0.15588821628561542,0.8540185383244208,0.07043774633113506,1.0011237622700377
8,blend,test,10.0,7970,0.47830412091133145,0.15668218284795066,0.852130898174689,0.02791223704391674,1.038522654247265
8,struct,train,1.0,19541,0.47229482567605274,0.15547123494570864,0.8545547854583144,-2.4267256404426896e-05,1.0010420222887606
8,struct,valid,1.0,9325,0.47472246413956576,0.1560897652414829,0.8535504111321948,0.05306105080284827,0.9820767285684366
8,struct,test,1.0,7970,0.47903358591943396,0.15689897778166395,0.8517776967133119,0.0035129999071393235,1.012845892592433
8,raw_mid,train,,19541,0.47473634055713687,0.15604586954352387,0.8538032515954322,-0.017865463426646976,1.0875261972782124
8,physical,train,,19541,0.5076472542125674,0.16665263922322324,0.8391414559815805,-0.011305604350385306,1.1787751010253424
8,raw_mid,valid,,9325,0.47406423661151714,0.15579014780160858,0.854293991144845,0.051456476172083494,1.0680111990555232
8,physical,valid,,9325,0.5154136567741714,0.1705000125225369,0.8403864297625209,0.044348986427440514,1.5464611038697444
8,raw_mid,test,,7970,0.47856294009303035,0.1568065336574655,0.8522414625765165,0.004604920334198431,1.093366634212762
8,physical,test,,7970,0.5426884677134375,0.18055491534147267,0.835881867463293,0.016279301005767174,1.9282032811902767
6,market,train,0.1,19403,0.39982846735158034,0.12862854400728083,0.8992637938922663,8.311952745789462e-05,1.0104022269686084
6,market,valid,0.1,9163,0.398856563471838,0.1279235752371879,0.9002487390345915,0.08120126192115049,0.9706216353224645
6,market,test,0.1,7811,0.4024122020757282,0.12939000786839885,0.8982673299463787,0.05649186531698626,1.0024003801036467
6,blend,train,0.1,19403,0.3991905319182176,0.1285519733494985,0.8994297119954691,2.4364157236525584e-05,1.008863633319842
6,blend,valid,0.1,9163,0.39842737051341115,0.1278347619313823,0.9003189157436421,0.07801167104447633,0.9978765892893124
6,blend,test,0.1,7811,0.40284278251939926,0.12943056233982003,0.8981995606899755,0.055510529049660993,1.0477717522395644
6,struct,train,0.1,19403,0.39801971092321914,0.12835819485681768,0.8999137376809118,7.902495568748067e-05,1.0069980647010186
6,struct,valid,0.1,9163,0.39861699651214166,0.1280335193123045,0.8999935683260544,0.038475323861169176,0.982886911587101
6,struct,test,0.1,7811,0.40293022884844326,0.12959293554145096,0.8978390426718778,0.0023138498925457927,1.023680272986447
6,raw_mid,train,,19403,0.40102166156021907,0.1287476030897284,0.8991849140969744,0.010151481434915028,1.0946047583983178
6,physical,train,,19403,0.4409415090527793,0.14103526913449027,0.8845713065695853,-0.012000330428634055,1.2359925591961918
6,raw_mid,valid,,9163,0.39906061387564834,0.12792593072683622,0.9002282291410094,0.09009589975642204,1.0519349406711045
6,physical,valid,,9163,0.4468266354570636,0.14348074796145088,0.8885557890544343,0.029110716174587447,1.635057964213268
6,raw_mid,test,,7811,0.4033307838989119,0.12945915087696838,0.8982607071162899,0.06204636753835325,1.0866856091863828
6,physical,test,,7811,0.4816429978169661,0.1558486316611876,0.8816464853952171,0.025947719770627334,2.084392218213561
4,market,train,0.1,19216,0.30941808611920457,0.0963685988321676,0.941308398122111,-4.60977907042236e-05,1.0185837620527283
4,market,valid,0.1,9034,0.3129732124015393,0.09725437575644794,0.9402552002040896,0.11783541180499656,0.9638787330061511
4,market,test,0.1,7700,0.31422736866543133,0.09916289101917887,0.9394359484882443,0.11255150592123533,1.0003188393994296
4,blend,train,0.1,19216,0.3093170775101506,0.09634234367144959,0.9413333203565029,-9.199122135101871e-05,1.0169116685035267
4,blend,valid,0.1,9034,0.31258092558846123,0.09719222554818988,0.9403409237112249,0.11520106500976872,0.9808162538736368
4,blend,test,0.1,7700,0.31414078447749877,0.09906618874794805,0.9394851374971122,0.11153167124416855,1.0295826281724372
4,struct,train,0.1,19216,0.3079269816790438,0.09594411349059656,0.9418647454136585,2.357851636937457e-05,1.009219857874801
4,struct,valid,0.1,9034,0.31457031425389625,0.09807398351537559,0.9395981091815562,0.0877708963481347,0.955482682157371
4,struct,test,0.1,7700,0.31424154436573826,0.09910317681857818,0.9395383412467585,0.08554270981824441,0.9969793061820614
4,raw_mid,train,,19216,0.3102269783910973,0.09648939849604497,0.9412316751400458,0.024034712566751167,1.0732482811278088
4,physical,train,,19216,0.36498269396251865,0.11123708970007619,0.9278412387665156,-0.03091246559696746,1.289560347429158
4,raw_mid,valid,,9034,0.3128081691060596,0.0972846673400487,0.9403470013069283,0.14151709687126057,1.0181165192142387
4,physical,valid,,9034,0.37279578185330386,0.11538852305645687,0.9293740493035147,0.02206854804727306,1.7201410823841499
4,raw_mid,test,,7700,0.3150120575670467,0.09926829538961039,0.9393761322243743,0.13404373558234803,1.053610735703047
4,physical,test,,7700,0.41058429525035045,0.12833377944759058,0.925387695757411,0.02909502986224819,2.316151768773912
2,market,train,0.1,17699,0.20611861267838558,0.062121120929803084,0.9741311486349867,-0.0011758113864477086,1.0404509833036215
2,market,valid,0.1,8464,0.19367894089423954,0.05866303155304948,0.9773617074736872,0.17790314014609396,1.017584272680162
2,market,test,0.1,7176,0.20261603867734157,0.061001191995850176,0.9751954584650763,0.14753396611979755,1.0005294447842745
2,blend,train,0.1,17699,0.205656405454343,0.0620523422607018,0.9742328084206903,-0.0011376072703165217,1.0360954576673795
2,blend,valid,0.1,8464,0.19240174318341033,0.05833933175952425,0.9777296965297746,0.16955557680059932,1.047850825288605
2,blend,test,0.1,7176,0.20241278655568623,0.06098562142831643,0.9752842926283569,0.1450678639483099,1.0467206273173317
2,struct,train,10.0,17699,0.20392800964207008,0.06188408971765945,0.974667257736095,-0.00024693102880979346,1.0008603116077643
2,struct,valid,10.0,8464,0.19320744437080672,0.05884641641151248,0.9775050113068483,0.16024003010446594,0.9865080118541478
2,struct,test,10.0,7176,0.20211600519534248,0.06095300602696109,0.9753791474717028,0.1473229123376969,0.9801575184324024
2,raw_mid,train,,17699,0.20668895420011688,0.062285539974009825,0.9740472837828704,0.00259135980321032,1.0531332166963294
2,physical,train,,17699,0.2699613211428894,0.07988188208057347,0.9610362044758205,-0.03769187344067291,1.3344800579497818
2,raw_mid,valid,,8464,0.1929247491334155,0.058455420545841213,0.9776084201122308,0.18842782294523802,1.037514826359059
2,physical,valid,,8464,0.26253335953673534,0.07757804674841448,0.9695239677266255,0.024336790832969326,1.946753783465617
2,raw_mid,test,,7176,0.20311512107520857,0.061287302640746937,0.9751077119085167,0.15852083151624033,1.0140000963941531
2,physical,test,,7176,0.3128796000445857,0.09334057026964955,0.9615951694724331,0.044199515500480534,2.3513054750646734
