ticker,coin,close_ts,side,entry_bid,entry_ask,entry_spread,bid,ask,spread,vol,rise,widen,coin_order,won,utc,day,week,fee,pnl,edge_c
KXBTC15M-26MAY251900-00,BTC,1779750000,yes,0.65,0.66,0.010000000000000009,0.68,0.69,0.009999999999999898,30150.28,0.030000000000000027,-1.1102230246251565e-16,0,0,2026-05-25 23:00:00+00:00,2026-05-25,22,0.2246,-10.5746,-70.49733333333333
KXBTC15M-26MAY260200-00,BTC,1779775200,no,0.6699999999999999,0.6799999999999999,0.010000000000000009,0.73,0.74,0.010000000000000009,13599.92,0.06000000000000005,0.0,0,1,2026-05-26 06:00:00+00:00,2026-05-26,22,0.2021,3.6979,24.65266666666667
KXBTC15M-26MAY261000-00,BTC,1779804000,yes,0.69,0.7,0.010000000000000009,0.81,0.82,0.009999999999999898,44310.28,0.1200000000000001,-1.1102230246251565e-16,0,1,2026-05-26 14:00:00+00:00,2026-05-26,22,0.155,2.545000000000001,16.966666666666672
KXBTC15M-26MAY261200-00,BTC,1779811200,no,0.69,0.7,0.010000000000000009,0.73,0.74,0.010000000000000009,19997.23,0.040000000000000036,0.0,0,1,2026-05-26 16:00:00+00:00,2026-05-26,22,0.2021,3.6979,24.65266666666667
KXBTC15M-26MAY261900-00,BTC,1779836400,no,0.72,0.73,0.010000000000000009,0.8,0.81,0.010000000000000009,38494.14,0.08000000000000007,0.0,0,1,2026-05-26 23:00:00+00:00,2026-05-26,22,0.1616,2.6883999999999992,17.92266666666666
KXBTC15M-26MAY272000-00,BTC,1779926400,yes,0.71,0.73,0.020000000000000018,0.8,0.81,0.010000000000000009,20027.33,0.09000000000000008,-0.010000000000000009,0,1,2026-05-28 00:00:00+00:00,2026-05-28,22,0.1616,2.6883999999999992,17.92266666666666
KXBTC15M-26MAY281600-00,BTC,1779998400,yes,0.75,0.76,0.010000000000000009,0.77,0.78,0.010000000000000009,21698.32,0.020000000000000018,0.0,0,0,2026-05-28 20:00:00+00:00,2026-05-28,22,0.1802,-11.8802,-79.20133333333334
KXBTC15M-26MAY282300-00,BTC,1780023600,yes,0.67,0.68,0.010000000000000009,0.72,0.73,0.010000000000000009,28909.8,0.04999999999999993,0.0,0,0,2026-05-29 03:00:00+00:00,2026-05-29,22,0.207,-11.157,-74.38
KXBTC15M-26MAY291400-00,BTC,1780077600,no,0.79,0.8,0.010000000000000009,0.8200000000000001,0.83,0.009999999999999898,25987.17,0.030000000000000027,-1.1102230246251565e-16,0,1,2026-05-29 18:00:00+00:00,2026-05-29,22,0.1482,2.4018000000000006,16.012000000000004
KXBTC15M-26MAY291900-00,BTC,1780095600,yes,0.73,0.74,0.010000000000000009,0.81,0.82,0.009999999999999898,21404.82,0.08000000000000007,-1.1102230246251565e-16,0,1,2026-05-29 23:00:00+00:00,2026-05-29,22,0.155,2.545000000000001,16.966666666666672
KXBTC15M-26MAY300000-00,BTC,1780113600,yes,0.66,0.67,0.010000000000000009,0.75,0.76,0.010000000000000009,37840.39,0.08999999999999997,0.0,0,0,2026-05-30 04:00:00+00:00,2026-05-30,22,0.1916,-11.5916,-77.27733333333333
KXBTC15M-26MAY301000-00,BTC,1780149600,yes,0.69,0.7,0.010000000000000009,0.71,0.72,0.010000000000000009,21346.64,0.020000000000000018,0.0,0,1,2026-05-30 14:00:00+00:00,2026-05-30,22,0.2117,3.9883,26.588666666666665
KXBTC15M-26MAY301200-00,BTC,1780156800,yes,0.77,0.78,0.010000000000000009,0.83,0.84,0.010000000000000009,30874.94,0.05999999999999994,0.0,0,1,2026-05-30 16:00:00+00:00,2026-05-30,22,0.1412,2.2588000000000004,15.05866666666667
KXBTC15M-26MAY311100-00,BTC,1780239600,yes,0.66,0.67,0.010000000000000009,0.82,0.83,0.010000000000000009,34174.42,0.15999999999999992,0.0,0,0,2026-05-31 15:00:00+00:00,2026-05-31,22,0.1482,-12.598199999999999,-83.98799999999999
KXBTC15M-26JUN010700-00,BTC,1780311600,yes,0.73,0.74,0.010000000000000009,0.75,0.76,0.010000000000000009,8018.09,0.020000000000000018,0.0,0,1,2026-06-01 11:00:00+00:00,2026-06-01,23,0.1916,3.4083999999999994,22.72266666666666
KXBTC15M-26JUN012300-00,BTC,1780369200,yes,0.72,0.73,0.010000000000000009,0.81,0.82,0.009999999999999898,40136.68,0.09000000000000008,-1.1102230246251565e-16,0,1,2026-06-02 03:00:00+00:00,2026-06-02,23,0.155,2.545000000000001,16.966666666666672
KXBTC15M-26JUN020400-00,BTC,1780387200,no,0.6699999999999999,0.6799999999999999,0.010000000000000009,0.81,0.8200000000000001,0.010000000000000009,21528.82,0.14000000000000012,0.0,0,1,2026-06-02 08:00:00+00:00,2026-06-02,23,0.155,2.5449999999999995,16.96666666666666
KXBTC15M-26JUN021100-00,BTC,1780412400,yes,0.71,0.72,0.010000000000000009,0.81,0.82,0.009999999999999898,24682.64,0.10000000000000009,-1.1102230246251565e-16,0,1,2026-06-02 15:00:00+00:00,2026-06-02,23,0.155,2.545000000000001,16.966666666666672
KXBTC15M-26JUN021700-00,BTC,1780434000,yes,0.68,0.69,0.009999999999999898,0.71,0.72,0.010000000000000009,27602.35,0.029999999999999916,1.1102230246251565e-16,0,1,2026-06-02 21:00:00+00:00,2026-06-02,23,0.2117,3.9883,26.588666666666665
KXBTC15M-26JUN021900-00,BTC,1780441200,no,0.76,0.77,0.010000000000000009,0.79,0.8,0.010000000000000009,38419.59,0.030000000000000027,0.0,0,1,2026-06-02 23:00:00+00:00,2026-06-02,23,0.168,2.831999999999999,18.879999999999995
KXBTC15M-26JUN031700-00,BTC,1780520400,no,0.6699999999999999,0.6799999999999999,0.010000000000000009,0.72,0.73,0.010000000000000009,37819.54,0.050000000000000044,0.0,0,1,2026-06-03 21:00:00+00:00,2026-06-03,23,0.207,3.843000000000001,25.620000000000005
KXBTC15M-26JUN032100-00,BTC,1780534800,no,0.69,0.7,0.010000000000000009,0.78,0.79,0.010000000000000009,33414.06,0.09000000000000008,0.0,0,1,2026-06-04 01:00:00+00:00,2026-06-04,23,0.1742,2.9757999999999996,19.83866666666666
KXBTC15M-26JUN050000-00,BTC,1780632000,yes,0.69,0.7,0.010000000000000009,0.79,0.8,0.010000000000000009,37034.35,0.10000000000000009,0.0,0,1,2026-06-05 04:00:00+00:00,2026-06-05,23,0.168,2.831999999999999,18.879999999999995
KXBTC15M-26JUN050200-00,BTC,1780639200,no,0.6599999999999999,0.6699999999999999,0.010000000000000009,0.76,0.77,0.010000000000000009,49794.76,0.10000000000000009,0.0,0,1,2026-06-05 06:00:00+00:00,2026-06-05,23,0.186,3.264,21.759999999999998
KXBTC15M-26JUN051200-00,BTC,1780675200,no,0.65,0.6699999999999999,0.019999999999999907,0.7,0.71,0.010000000000000009,22159.64,0.04999999999999993,-0.009999999999999898,0,0,2026-06-05 16:00:00+00:00,2026-06-05,23,0.2162,-10.8662,-72.44133333333332
KXETH15M-26JUN061300-00,ETH,1780765200,yes,0.71,0.74,0.030000000000000027,0.77,0.8,0.030000000000000027,2429.41,0.06000000000000005,0.0,1,1,2026-06-06 17:00:00+00:00,2026-06-06,23,0.168,2.831999999999999,18.879999999999995
KXBTC15M-26JUN061900-00,BTC,1780786800,yes,0.66,0.67,0.010000000000000009,0.73,0.74,0.010000000000000009,17125.84,0.06999999999999995,0.0,0,1,2026-06-06 23:00:00+00:00,2026-06-06,23,0.2021,3.6979,24.65266666666667
KXBTC15M-26JUN062300-00,BTC,1780801200,yes,0.72,0.73,0.010000000000000009,0.84,0.85,0.010000000000000009,31374.01,0.12,0.0,0,1,2026-06-07 03:00:00+00:00,2026-06-07,23,0.1339,2.1161000000000003,14.107333333333335
KXBTC15M-26JUN070900-00,BTC,1780837200,yes,0.65,0.66,0.010000000000000009,0.8,0.81,0.010000000000000009,22536.47,0.15000000000000002,0.0,0,1,2026-06-07 13:00:00+00:00,2026-06-07,23,0.1616,2.6883999999999992,17.92266666666666
KXBTC15M-26JUN071100-00,BTC,1780844400,no,0.65,0.6599999999999999,0.009999999999999898,0.78,0.79,0.010000000000000009,39472.03,0.13,1.1102230246251565e-16,0,1,2026-06-07 15:00:00+00:00,2026-06-07,23,0.1742,2.9757999999999996,19.83866666666666
KXBTC15M-26JUN072100-00,BTC,1780880400,no,0.6699999999999999,0.6799999999999999,0.010000000000000009,0.77,0.78,0.010000000000000009,34881.79,0.10000000000000009,0.0,0,1,2026-06-08 01:00:00+00:00,2026-06-08,24,0.1802,3.1197999999999997,20.798666666666666
KXBTC15M-26JUN080100-00,BTC,1780894800,yes,0.71,0.72,0.010000000000000009,0.76,0.77,0.010000000000000009,47236.36,0.050000000000000044,0.0,0,1,2026-06-08 05:00:00+00:00,2026-06-08,24,0.186,3.264,21.759999999999998
KXBTC15M-26JUN080400-00,BTC,1780905600,yes,0.68,0.69,0.009999999999999898,0.81,0.82,0.009999999999999898,14037.51,0.13,0.0,0,1,2026-06-08 08:00:00+00:00,2026-06-08,24,0.155,2.545000000000001,16.966666666666672
KXBTC15M-26JUN080700-00,BTC,1780916400,no,0.6799999999999999,0.7,0.020000000000000018,0.8,0.81,0.010000000000000009,16259.12,0.1200000000000001,-0.010000000000000009,0,1,2026-06-08 11:00:00+00:00,2026-06-08,24,0.1616,2.6883999999999992,17.92266666666666
KXBTC15M-26JUN082000-00,BTC,1780963200,no,0.77,0.79,0.020000000000000018,0.81,0.8200000000000001,0.010000000000000009,38981.45,0.040000000000000036,-0.010000000000000009,0,1,2026-06-09 00:00:00+00:00,2026-06-09,24,0.155,2.5449999999999995,16.96666666666666
KXBTC15M-26JUN082100-00,BTC,1780966800,no,0.69,0.7,0.010000000000000009,0.83,0.84,0.010000000000000009,47101.23,0.14,0.0,0,1,2026-06-09 01:00:00+00:00,2026-06-09,24,0.1412,2.2588000000000004,15.05866666666667
KXBTC15M-26JUN082300-00,BTC,1780974000,yes,0.76,0.77,0.010000000000000009,0.81,0.82,0.009999999999999898,29899.14,0.050000000000000044,-1.1102230246251565e-16,0,1,2026-06-09 03:00:00+00:00,2026-06-09,24,0.155,2.545000000000001,16.966666666666672
KXBTC15M-26JUN091200-00,BTC,1781020800,no,0.6599999999999999,0.6699999999999999,0.010000000000000009,0.69,0.7,0.010000000000000009,33535.12,0.030000000000000027,0.0,0,1,2026-06-09 16:00:00+00:00,2026-06-09,24,0.2205,4.2795000000000005,28.530000000000005
KXBTC15M-26JUN091300-00,BTC,1781024400,yes,0.75,0.76,0.010000000000000009,0.8,0.81,0.010000000000000009,39690.54,0.050000000000000044,0.0,0,1,2026-06-09 17:00:00+00:00,2026-06-09,24,0.1616,2.6883999999999992,17.92266666666666
KXBTC15M-26JUN111000-00,BTC,1781186400,yes,0.69,0.7,0.010000000000000009,0.72,0.73,0.010000000000000009,29328.73,0.030000000000000027,0.0,0,1,2026-06-11 14:00:00+00:00,2026-06-11,24,0.207,3.843000000000001,25.620000000000005
KXBTC15M-26JUN111400-00,BTC,1781200800,yes,0.69,0.7,0.010000000000000009,0.73,0.74,0.010000000000000009,43391.43,0.040000000000000036,0.0,0,1,2026-06-11 18:00:00+00:00,2026-06-11,24,0.2021,3.6979,24.65266666666667
KXBTC15M-26JUN121800-00,BTC,1781301600,no,0.72,0.73,0.010000000000000009,0.81,0.8200000000000001,0.010000000000000009,36248.61,0.09000000000000008,0.0,0,1,2026-06-12 22:00:00+00:00,2026-06-12,24,0.155,2.5449999999999995,16.96666666666666
KXBTC15M-26JUN140100-00,BTC,1781413200,no,0.6699999999999999,0.6799999999999999,0.010000000000000009,0.71,0.72,0.010000000000000009,71699.55,0.040000000000000036,0.0,0,1,2026-06-14 05:00:00+00:00,2026-06-14,24,0.2117,3.9883,26.588666666666665
KXBTC15M-26JUN151700-00,BTC,1781557200,no,0.65,0.6599999999999999,0.009999999999999898,0.6799999999999999,0.69,0.010000000000000009,53691.18,0.029999999999999916,1.1102230246251565e-16,0,1,2026-06-15 21:00:00+00:00,2026-06-15,25,0.2246,4.425400000000001,29.50266666666667
KXBTC15M-26JUN170900-00,BTC,1781701200,yes,0.72,0.73,0.010000000000000009,0.83,0.84,0.010000000000000009,46776.67,0.10999999999999999,0.0,0,1,2026-06-17 13:00:00+00:00,2026-06-17,25,0.1412,2.2588000000000004,15.05866666666667
KXBTC15M-26JUN172200-00,BTC,1781748000,no,0.6799999999999999,0.69,0.010000000000000009,0.73,0.74,0.010000000000000009,50696.27,0.050000000000000044,0.0,0,1,2026-06-18 02:00:00+00:00,2026-06-18,25,0.2021,3.6979,24.65266666666667
KXBTC15M-26JUN172300-00,BTC,1781751600,no,0.71,0.72,0.010000000000000009,0.77,0.78,0.010000000000000009,51055.81,0.06000000000000005,0.0,0,1,2026-06-18 03:00:00+00:00,2026-06-18,25,0.1802,3.1197999999999997,20.798666666666666
KXETH15M-26JUN191300-00,ETH,1781888400,no,0.6799999999999999,0.69,0.010000000000000009,0.77,0.78,0.010000000000000009,2334.33,0.09000000000000008,0.0,1,1,2026-06-19 17:00:00+00:00,2026-06-19,25,0.1802,3.1197999999999997,20.798666666666666
KXBTC15M-26JUN192100-00,BTC,1781917200,no,0.65,0.6599999999999999,0.009999999999999898,0.72,0.73,0.010000000000000009,53112.79,0.06999999999999995,1.1102230246251565e-16,0,1,2026-06-20 01:00:00+00:00,2026-06-20,25,0.207,3.843000000000001,25.620000000000005
KXDOGE15M-26JUN202100-00,DOGE,1782003600,no,0.6699999999999999,0.71,0.040000000000000036,0.78,0.83,0.04999999999999993,2865.25,0.1100000000000001,0.009999999999999898,4,0,2026-06-21 01:00:00+00:00,2026-06-21,25,0.1482,-12.598199999999999,-83.98799999999999
KXBTC15M-26JUN202200-00,BTC,1782007200,yes,0.69,0.7,0.010000000000000009,0.77,0.78,0.010000000000000009,86028.73,0.08000000000000007,0.0,0,1,2026-06-21 02:00:00+00:00,2026-06-21,25,0.1802,3.1197999999999997,20.798666666666666
KXBTC15M-26JUN210100-00,BTC,1782018000,no,0.6599999999999999,0.6699999999999999,0.010000000000000009,0.71,0.72,0.010000000000000009,46533.24,0.050000000000000044,0.0,0,1,2026-06-21 05:00:00+00:00,2026-06-21,25,0.2117,3.9883,26.588666666666665
KXBTC15M-26JUN210200-00,BTC,1782021600,no,0.6599999999999999,0.6699999999999999,0.010000000000000009,0.8200000000000001,0.83,0.009999999999999898,64519.91,0.16000000000000014,-1.1102230246251565e-16,0,1,2026-06-21 06:00:00+00:00,2026-06-21,25,0.1482,2.4018000000000006,16.012000000000004
KXETH15M-26JUN211400-00,ETH,1782064800,yes,0.67,0.7,0.029999999999999916,0.82,0.84,0.020000000000000018,2685.64,0.1499999999999999,-0.009999999999999898,1,1,2026-06-21 18:00:00+00:00,2026-06-21,25,0.1412,2.2588000000000004,15.05866666666667
KXBTC15M-26JUN211600-00,BTC,1782072000,no,0.6799999999999999,0.69,0.010000000000000009,0.78,0.79,0.010000000000000009,52461.91,0.10000000000000009,0.0,0,1,2026-06-21 20:00:00+00:00,2026-06-21,25,0.1742,2.9757999999999996,19.83866666666666
KXBTC15M-26JUN212300-00,BTC,1782097200,no,0.7,0.71,0.010000000000000009,0.73,0.74,0.010000000000000009,61460.62,0.030000000000000027,0.0,0,1,2026-06-22 03:00:00+00:00,2026-06-22,26,0.2021,3.6979,24.65266666666667
KXBTC15M-26JUN221700-00,BTC,1782162000,no,0.65,0.6599999999999999,0.009999999999999898,0.7,0.71,0.010000000000000009,83578.67,0.04999999999999993,1.1102230246251565e-16,0,1,2026-06-22 21:00:00+00:00,2026-06-22,26,0.2162,4.133800000000001,27.55866666666667
KXBTC15M-26JUN240300-00,BTC,1782284400,no,0.6599999999999999,0.6699999999999999,0.010000000000000009,0.76,0.77,0.010000000000000009,72832.3,0.10000000000000009,0.0,0,1,2026-06-24 07:00:00+00:00,2026-06-24,26,0.186,3.264,21.759999999999998
KXBTC15M-26JUN240800-00,BTC,1782302400,yes,0.65,0.66,0.010000000000000009,0.71,0.72,0.010000000000000009,17867.04,0.05999999999999994,0.0,0,1,2026-06-24 12:00:00+00:00,2026-06-24,26,0.2117,3.9883,26.588666666666665
KXBTC15M-26JUN250100-00,BTC,1782363600,yes,0.66,0.67,0.010000000000000009,0.75,0.76,0.010000000000000009,91687.93,0.08999999999999997,0.0,0,1,2026-06-25 05:00:00+00:00,2026-06-25,26,0.1916,3.4083999999999994,22.72266666666666
KXBTC15M-26JUN251200-00,BTC,1782403200,yes,0.71,0.72,0.010000000000000009,0.75,0.76,0.010000000000000009,39192.36,0.040000000000000036,0.0,0,1,2026-06-25 16:00:00+00:00,2026-06-25,26,0.1916,3.4083999999999994,22.72266666666666
KXETH15M-26JUN251300-00,ETH,1782406800,no,0.6699999999999999,0.69,0.020000000000000018,0.69,0.7,0.010000000000000009,3533.78,0.020000000000000018,-0.010000000000000009,1,1,2026-06-25 17:00:00+00:00,2026-06-25,26,0.2205,4.2795000000000005,28.530000000000005
KXBTC15M-26JUN251600-00,BTC,1782417600,no,0.69,0.7,0.010000000000000009,0.78,0.79,0.010000000000000009,59962.96,0.09000000000000008,0.0,0,1,2026-06-25 20:00:00+00:00,2026-06-25,26,0.1742,2.9757999999999996,19.83866666666666
KXETH15M-26JUN252300-00,ETH,1782442800,no,0.6599999999999999,0.6699999999999999,0.010000000000000009,0.75,0.76,0.010000000000000009,3334.54,0.09000000000000008,0.0,1,1,2026-06-26 03:00:00+00:00,2026-06-26,26,0.1916,3.4083999999999994,22.72266666666666
KXBTC15M-26JUN260400-00,BTC,1782460800,no,0.76,0.77,0.010000000000000009,0.78,0.79,0.010000000000000009,95769.05,0.020000000000000018,0.0,0,1,2026-06-26 08:00:00+00:00,2026-06-26,26,0.1742,2.9757999999999996,19.83866666666666
KXBTC15M-26JUN260900-00,BTC,1782478800,yes,0.78,0.79,0.010000000000000009,0.8,0.81,0.010000000000000009,63220.54,0.020000000000000018,0.0,0,1,2026-06-26 13:00:00+00:00,2026-06-26,26,0.1616,2.6883999999999992,17.92266666666666
KXBTC15M-26JUN261200-00,BTC,1782489600,no,0.6799999999999999,0.69,0.010000000000000009,0.76,0.77,0.010000000000000009,57031.27,0.08000000000000007,0.0,0,1,2026-06-26 16:00:00+00:00,2026-06-26,26,0.186,3.264,21.759999999999998
KXBTC15M-26JUN261500-00,BTC,1782500400,no,0.6699999999999999,0.6799999999999999,0.010000000000000009,0.8,0.81,0.010000000000000009,110467.8,0.13000000000000012,0.0,0,1,2026-06-26 19:00:00+00:00,2026-06-26,26,0.1616,2.6883999999999992,17.92266666666666
KXETH15M-26JUN270900-00,ETH,1782565200,yes,0.66,0.68,0.020000000000000018,0.76,0.77,0.010000000000000009,2799.34,0.09999999999999998,-0.010000000000000009,1,1,2026-06-27 13:00:00+00:00,2026-06-27,26,0.186,3.264,21.759999999999998
KXBTC15M-26JUN281600-00,BTC,1782676800,no,0.72,0.73,0.010000000000000009,0.84,0.85,0.010000000000000009,85175.54,0.12,0.0,0,0,2026-06-28 20:00:00+00:00,2026-06-28,26,0.1339,-12.8839,-85.89266666666667
KXBTC15M-26JUN292100-00,BTC,1782781200,yes,0.67,0.68,0.010000000000000009,0.79,0.8,0.010000000000000009,83790.67,0.12,0.0,0,1,2026-06-30 01:00:00+00:00,2026-06-30,27,0.168,2.831999999999999,18.879999999999995
KXBTC15M-26JUN301100-00,BTC,1782831600,no,0.65,0.6599999999999999,0.009999999999999898,0.81,0.8200000000000001,0.010000000000000009,80941.42,0.16000000000000003,1.1102230246251565e-16,0,1,2026-06-30 15:00:00+00:00,2026-06-30,27,0.155,2.5449999999999995,16.96666666666666
KXHYPE15M-26JUN301600-00,HYPE,1782849600,yes,0.69,0.73,0.040000000000000036,0.78,0.81,0.030000000000000027,2137.03,0.09000000000000008,-0.010000000000000009,5,1,2026-06-30 20:00:00+00:00,2026-06-30,27,0.1616,2.6883999999999992,17.92266666666666
KXBTC15M-26JUL011000-00,BTC,1782914400,yes,0.66,0.67,0.010000000000000009,0.83,0.84,0.010000000000000009,70754.43,0.16999999999999993,0.0,0,1,2026-07-01 14:00:00+00:00,2026-07-01,27,0.1412,2.2588000000000004,15.05866666666667
KXBTC15M-26JUL012000-00,BTC,1782950400,no,0.75,0.76,0.010000000000000009,0.77,0.78,0.010000000000000009,110670.49,0.020000000000000018,0.0,0,1,2026-07-02 00:00:00+00:00,2026-07-02,27,0.1802,3.1197999999999997,20.798666666666666
KXBTC15M-26JUL012100-00,BTC,1782954000,yes,0.71,0.72,0.010000000000000009,0.81,0.82,0.009999999999999898,85930.42,0.10000000000000009,-1.1102230246251565e-16,0,1,2026-07-02 01:00:00+00:00,2026-07-02,27,0.155,2.545000000000001,16.966666666666672
KXBTC15M-26JUL012300-00,BTC,1782961200,yes,0.67,0.68,0.010000000000000009,0.82,0.83,0.010000000000000009,99639.09,0.1499999999999999,0.0,0,1,2026-07-02 03:00:00+00:00,2026-07-02,27,0.1482,2.4018000000000006,16.012000000000004
KXBTC15M-26JUL021400-00,BTC,1783015200,no,0.6599999999999999,0.6699999999999999,0.010000000000000009,0.83,0.84,0.010000000000000009,68912.16,0.17000000000000004,0.0,0,1,2026-07-02 18:00:00+00:00,2026-07-02,27,0.1412,2.2588000000000004,15.05866666666667
KXSOL15M-26JUL021800-00,SOL,1783029600,no,0.75,0.76,0.010000000000000009,0.83,0.84,0.010000000000000009,2929.52,0.07999999999999996,0.0,2,0,2026-07-02 22:00:00+00:00,2026-07-02,27,0.1412,-12.7412,-84.94133333333332
KXBTC15M-26JUL022200-00,BTC,1783044000,no,0.6699999999999999,0.6799999999999999,0.010000000000000009,0.72,0.73,0.010000000000000009,90505.0,0.050000000000000044,0.0,0,1,2026-07-03 02:00:00+00:00,2026-07-03,27,0.207,3.843000000000001,25.620000000000005
KXBTC15M-26JUL031800-00,BTC,1783116000,yes,0.65,0.66,0.010000000000000009,0.77,0.78,0.010000000000000009,74994.15,0.12,0.0,0,1,2026-07-03 22:00:00+00:00,2026-07-03,27,0.1802,3.1197999999999997,20.798666666666666
KXBTC15M-26JUL040600-00,BTC,1783159200,yes,0.66,0.67,0.010000000000000009,0.81,0.82,0.009999999999999898,50062.48,0.15000000000000002,-1.1102230246251565e-16,0,1,2026-07-04 10:00:00+00:00,2026-07-04,27,0.155,2.545000000000001,16.966666666666672
KXXRP15M-26JUL041100-00,XRP,1783177200,no,0.6599999999999999,0.6699999999999999,0.010000000000000009,0.83,0.84,0.010000000000000009,2902.59,0.17000000000000004,0.0,3,0,2026-07-04 15:00:00+00:00,2026-07-04,27,0.1412,-12.7412,-84.94133333333332
KXETH15M-26JUL041200-00,ETH,1783180800,yes,0.71,0.72,0.010000000000000009,0.81,0.83,0.019999999999999907,2749.83,0.10000000000000009,0.009999999999999898,1,1,2026-07-04 16:00:00+00:00,2026-07-04,27,0.1482,2.4018000000000006,16.012000000000004
KXBTC15M-26JUL050600-00,BTC,1783245600,yes,0.78,0.79,0.010000000000000009,0.83,0.84,0.010000000000000009,41329.65,0.04999999999999993,0.0,0,1,2026-07-05 10:00:00+00:00,2026-07-05,27,0.1412,2.2588000000000004,15.05866666666667
KXBTC15M-26JUL051400-00,BTC,1783274400,yes,0.65,0.66,0.010000000000000009,0.74,0.75,0.010000000000000009,69353.21,0.08999999999999997,0.0,0,1,2026-07-05 18:00:00+00:00,2026-07-05,27,0.1969,3.5531,23.687333333333335
KXBTC15M-26JUL051900-00,BTC,1783292400,yes,0.7,0.71,0.010000000000000009,0.8,0.81,0.010000000000000009,94566.04,0.10000000000000009,0.0,0,1,2026-07-05 23:00:00+00:00,2026-07-05,27,0.1616,2.6883999999999992,17.92266666666666
KXBTC15M-26JUL052000-00,BTC,1783296000,no,0.6699999999999999,0.6799999999999999,0.010000000000000009,0.81,0.8200000000000001,0.010000000000000009,50576.33,0.14000000000000012,0.0,0,1,2026-07-06 00:00:00+00:00,2026-07-06,28,0.155,2.5449999999999995,16.96666666666666
KXBTC15M-26JUL052200-00,BTC,1783303200,no,0.6799999999999999,0.69,0.010000000000000009,0.79,0.8,0.010000000000000009,58069.72,0.1100000000000001,0.0,0,1,2026-07-06 02:00:00+00:00,2026-07-06,28,0.168,2.831999999999999,18.879999999999995
KXBTC15M-26JUL061000-00,BTC,1783346400,yes,0.67,0.68,0.010000000000000009,0.76,0.77,0.010000000000000009,93195.67,0.08999999999999997,0.0,0,1,2026-07-06 14:00:00+00:00,2026-07-06,28,0.186,3.264,21.759999999999998
KXETH15M-26JUL070900-00,ETH,1783429200,no,0.7,0.71,0.010000000000000009,0.81,0.8200000000000001,0.010000000000000009,5177.71,0.1100000000000001,0.0,1,1,2026-07-07 13:00:00+00:00,2026-07-07,28,0.155,2.5449999999999995,16.96666666666666
KXBTC15M-26JUL071000-00,BTC,1783432800,yes,0.75,0.76,0.010000000000000009,0.81,0.82,0.009999999999999898,66225.14,0.06000000000000005,-1.1102230246251565e-16,0,0,2026-07-07 14:00:00+00:00,2026-07-07,28,0.155,-12.454999999999998,-83.03333333333333
KXBTC15M-26JUL071900-00,BTC,1783465200,no,0.65,0.6599999999999999,0.009999999999999898,0.78,0.79,0.010000000000000009,38309.38,0.13,1.1102230246251565e-16,0,1,2026-07-07 23:00:00+00:00,2026-07-07,28,0.1742,2.9757999999999996,19.83866666666666
KXBTC15M-26JUL081500-00,BTC,1783537200,yes,0.65,0.66,0.010000000000000009,0.74,0.75,0.010000000000000009,70209.89,0.08999999999999997,0.0,0,1,2026-07-08 19:00:00+00:00,2026-07-08,28,0.1969,3.5531,23.687333333333335
KXBTC15M-26JUL081800-00,BTC,1783548000,yes,0.65,0.66,0.010000000000000009,0.71,0.72,0.010000000000000009,80352.4,0.05999999999999994,0.0,0,1,2026-07-08 22:00:00+00:00,2026-07-08,28,0.2117,3.9883,26.588666666666665
KXBTC15M-26JUL082200-00,BTC,1783562400,no,0.6599999999999999,0.6699999999999999,0.010000000000000009,0.7,0.71,0.010000000000000009,108383.51,0.040000000000000036,0.0,0,1,2026-07-09 02:00:00+00:00,2026-07-09,28,0.2162,4.133800000000001,27.55866666666667
KXBTC15M-26JUL100000-00,BTC,1783656000,yes,0.68,0.69,0.009999999999999898,0.79,0.8,0.010000000000000009,107454.56,0.10999999999999999,1.1102230246251565e-16,0,1,2026-07-10 04:00:00+00:00,2026-07-10,28,0.168,2.831999999999999,18.879999999999995
KXBTC15M-26JUL102100-00,BTC,1783731600,no,0.65,0.6599999999999999,0.009999999999999898,0.73,0.74,0.010000000000000009,86003.33,0.07999999999999996,1.1102230246251565e-16,0,0,2026-07-11 01:00:00+00:00,2026-07-11,28,0.2021,-11.3021,-75.34733333333334
KXBTC15M-26JUL110600-00,BTC,1783764000,no,0.6799999999999999,0.69,0.010000000000000009,0.8,0.81,0.010000000000000009,36428.1,0.1200000000000001,0.0,0,1,2026-07-11 10:00:00+00:00,2026-07-11,28,0.1616,2.6883999999999992,17.92266666666666
KXETH15M-26JUL122300-00,ETH,1783911600,no,0.6699999999999999,0.6799999999999999,0.010000000000000009,0.79,0.8,0.010000000000000009,3713.08,0.1200000000000001,0.0,1,1,2026-07-13 03:00:00+00:00,2026-07-13,29,0.168,2.831999999999999,18.879999999999995
KXETH15M-26JUL131700-00,ETH,1783976400,no,0.69,0.7,0.010000000000000009,0.72,0.73,0.010000000000000009,2829.75,0.030000000000000027,0.0,1,1,2026-07-13 21:00:00+00:00,2026-07-13,29,0.207,3.843000000000001,25.620000000000005
KXBTC15M-26JUL132000-00,BTC,1783987200,yes,0.74,0.75,0.010000000000000009,0.83,0.84,0.010000000000000009,100481.64,0.08999999999999997,0.0,0,1,2026-07-14 00:00:00+00:00,2026-07-14,29,0.1412,2.2588000000000004,15.05866666666667
KXBTC15M-26JUL141500-00,BTC,1784055600,yes,0.68,0.69,0.009999999999999898,0.73,0.74,0.010000000000000009,68467.59,0.04999999999999993,1.1102230246251565e-16,0,0,2026-07-14 19:00:00+00:00,2026-07-14,29,0.2021,-11.3021,-75.34733333333334
KXBTC15M-26JUL141600-00,BTC,1784059200,yes,0.69,0.7,0.010000000000000009,0.72,0.73,0.010000000000000009,74527.85,0.030000000000000027,0.0,0,1,2026-07-14 20:00:00+00:00,2026-07-14,29,0.207,3.843000000000001,25.620000000000005
KXBTC15M-26JUL141700-00,BTC,1784062800,yes,0.66,0.67,0.010000000000000009,0.82,0.83,0.010000000000000009,88011.03,0.15999999999999992,0.0,0,1,2026-07-14 21:00:00+00:00,2026-07-14,29,0.1482,2.4018000000000006,16.012000000000004
KXETH15M-26JUL142100-00,ETH,1784077200,yes,0.68,0.69,0.009999999999999898,0.75,0.76,0.010000000000000009,3033.84,0.06999999999999995,1.1102230246251565e-16,1,1,2026-07-15 01:00:00+00:00,2026-07-15,29,0.1916,3.4083999999999994,22.72266666666666
KXBTC15M-26JUL151900-00,BTC,1784156400,yes,0.73,0.74,0.010000000000000009,0.8,0.81,0.010000000000000009,122453.53,0.07000000000000006,0.0,0,0,2026-07-15 23:00:00+00:00,2026-07-15,29,0.1616,-12.3116,-82.07733333333334
KXHYPE15M-26JUL161200-00,HYPE,1784217600,no,0.6599999999999999,0.6699999999999999,0.010000000000000009,0.83,0.84,0.010000000000000009,3403.33,0.17000000000000004,0.0,5,1,2026-07-16 16:00:00+00:00,2026-07-16,29,0.1412,2.2588000000000004,15.05866666666667
KXBTC15M-26JUL161500-00,BTC,1784228400,yes,0.67,0.68,0.010000000000000009,0.79,0.8,0.010000000000000009,108807.46,0.12,0.0,0,1,2026-07-16 19:00:00+00:00,2026-07-16,29,0.168,2.831999999999999,18.879999999999995
KXBTC15M-26JUL162200-00,BTC,1784253600,no,0.72,0.73,0.010000000000000009,0.77,0.78,0.010000000000000009,149249.83,0.050000000000000044,0.0,0,1,2026-07-17 02:00:00+00:00,2026-07-17,29,0.1802,3.1197999999999997,20.798666666666666
KXBTC15M-26JUL170100-00,BTC,1784264400,yes,0.76,0.77,0.010000000000000009,0.8,0.81,0.010000000000000009,87437.07,0.040000000000000036,0.0,0,1,2026-07-17 05:00:00+00:00,2026-07-17,29,0.1616,2.6883999999999992,17.92266666666666
KXBTC15M-26JUL170200-00,BTC,1784268000,no,0.74,0.75,0.010000000000000009,0.84,0.85,0.010000000000000009,118147.91,0.09999999999999998,0.0,0,1,2026-07-17 06:00:00+00:00,2026-07-17,29,0.1339,2.1161000000000003,14.107333333333335
KXETH15M-26JUL170400-00,ETH,1784275200,no,0.6799999999999999,0.69,0.010000000000000009,0.79,0.8,0.010000000000000009,3318.25,0.1100000000000001,0.0,1,1,2026-07-17 08:00:00+00:00,2026-07-17,29,0.168,2.831999999999999,18.879999999999995
KXBTC15M-26JUL170500-00,BTC,1784278800,yes,0.73,0.74,0.010000000000000009,0.78,0.79,0.010000000000000009,98265.58,0.050000000000000044,0.0,0,1,2026-07-17 09:00:00+00:00,2026-07-17,29,0.1742,2.9757999999999996,19.83866666666666
KXBTC15M-26JUL180500-00,BTC,1784365200,yes,0.69,0.7,0.010000000000000009,0.72,0.73,0.010000000000000009,43097.38,0.030000000000000027,0.0,0,1,2026-07-18 09:00:00+00:00,2026-07-18,29,0.207,3.843000000000001,25.620000000000005
KXETH15M-26JUL180700-00,ETH,1784372400,yes,0.66,0.67,0.010000000000000009,0.69,0.7,0.010000000000000009,2944.1,0.029999999999999916,0.0,1,1,2026-07-18 11:00:00+00:00,2026-07-18,29,0.2205,4.2795000000000005,28.530000000000005
KXBTC15M-26JUL181500-00,BTC,1784401200,yes,0.65,0.66,0.010000000000000009,0.71,0.72,0.010000000000000009,66340.85,0.05999999999999994,0.0,0,1,2026-07-18 19:00:00+00:00,2026-07-18,29,0.2117,3.9883,26.588666666666665
KXBTC15M-26JUL190200-00,BTC,1784440800,yes,0.72,0.73,0.010000000000000009,0.74,0.75,0.010000000000000009,69882.02,0.020000000000000018,0.0,0,1,2026-07-19 06:00:00+00:00,2026-07-19,29,0.1969,3.5531,23.687333333333335
KXBTC15M-26JUL191900-00,BTC,1784502000,no,0.7,0.71,0.010000000000000009,0.78,0.79,0.010000000000000009,147564.22,0.08000000000000007,0.0,0,1,2026-07-19 23:00:00+00:00,2026-07-19,29,0.1742,2.9757999999999996,19.83866666666666
KXHYPE15M-26JUL192100-00,HYPE,1784509200,no,0.72,0.73,0.010000000000000009,0.8,0.81,0.010000000000000009,2316.16,0.08000000000000007,0.0,5,1,2026-07-20 01:00:00+00:00,2026-07-20,30,0.1616,2.6883999999999992,17.92266666666666
KXETH15M-26JUL201000-00,ETH,1784556000,no,0.77,0.78,0.010000000000000009,0.84,0.85,0.010000000000000009,4344.53,0.06999999999999995,0.0,1,1,2026-07-20 14:00:00+00:00,2026-07-20,30,0.1339,2.1161000000000003,14.107333333333335
KXETH15M-26JUL201500-00,ETH,1784574000,no,0.6599999999999999,0.6699999999999999,0.010000000000000009,0.7,0.71,0.010000000000000009,6579.75,0.040000000000000036,0.0,1,1,2026-07-20 19:00:00+00:00,2026-07-20,30,0.2162,4.133800000000001,27.55866666666667
KXBTC15M-26JUL211300-00,BTC,1784653200,no,0.74,0.75,0.010000000000000009,0.81,0.8200000000000001,0.010000000000000009,96469.19,0.07000000000000006,0.0,0,1,2026-07-21 17:00:00+00:00,2026-07-21,30,0.155,2.5449999999999995,16.96666666666666
KXETH15M-26JUL211900-00,ETH,1784674800,no,0.69,0.7,0.010000000000000009,0.8200000000000001,0.83,0.009999999999999898,7259.05,0.13000000000000012,-1.1102230246251565e-16,1,1,2026-07-21 23:00:00+00:00,2026-07-21,30,0.1482,2.4018000000000006,16.012000000000004
KXETH15M-26JUL220000-00,ETH,1784692800,yes,0.67,0.68,0.010000000000000009,0.83,0.84,0.010000000000000009,7287.21,0.15999999999999992,0.0,1,0,2026-07-22 04:00:00+00:00,2026-07-22,30,0.1412,-12.7412,-84.94133333333332
KXBTC15M-26JUL221700-00,BTC,1784754000,no,0.69,0.7,0.010000000000000009,0.84,0.85,0.010000000000000009,86544.74,0.15000000000000002,0.0,0,1,2026-07-22 21:00:00+00:00,2026-07-22,30,0.1339,2.1161000000000003,14.107333333333335
KXXRP15M-26JUL231100-00,XRP,1784818800,no,0.6599999999999999,0.6699999999999999,0.010000000000000009,0.74,0.75,0.010000000000000009,2258.67,0.08000000000000007,0.0,3,1,2026-07-23 15:00:00+00:00,2026-07-23,30,0.1969,3.5531,23.687333333333335
KXBTC15M-26JUL231900-00,BTC,1784847600,no,0.6699999999999999,0.6799999999999999,0.010000000000000009,0.7,0.71,0.010000000000000009,113005.13,0.030000000000000027,0.0,0,1,2026-07-23 23:00:00+00:00,2026-07-23,30,0.2162,4.133800000000001,27.55866666666667
KXBTC15M-26JUL232100-00,BTC,1784854800,yes,0.74,0.75,0.010000000000000009,0.81,0.82,0.009999999999999898,136869.81,0.07000000000000006,-1.1102230246251565e-16,0,1,2026-07-24 01:00:00+00:00,2026-07-24,30,0.155,2.545000000000001,16.966666666666672
KXETH15M-26JUL240200-00,ETH,1784872800,yes,0.66,0.67,0.010000000000000009,0.71,0.72,0.010000000000000009,2112.25,0.04999999999999993,0.0,1,1,2026-07-24 06:00:00+00:00,2026-07-24,30,0.2117,3.9883,26.588666666666665
KXETH15M-26JUL240800-00,ETH,1784894400,no,0.65,0.6699999999999999,0.019999999999999907,0.79,0.8,0.010000000000000009,5320.5,0.14,-0.009999999999999898,1,0,2026-07-24 12:00:00+00:00,2026-07-24,30,0.168,-12.168,-81.11999999999999
KXETH15M-26JUL241100-00,ETH,1784905200,no,0.65,0.6599999999999999,0.009999999999999898,0.74,0.75,0.010000000000000009,2047.65,0.08999999999999997,1.1102230246251565e-16,1,0,2026-07-24 15:00:00+00:00,2026-07-24,30,0.1969,-11.4469,-76.31266666666666
KXETH15M-26JUL250600-00,ETH,1784973600,yes,0.66,0.67,0.010000000000000009,0.82,0.83,0.010000000000000009,2894.61,0.15999999999999992,0.0,1,1,2026-07-25 10:00:00+00:00,2026-07-25,30,0.1482,2.4018000000000006,16.012000000000004
KXBTC15M-26JUL251000-00,BTC,1784988000,yes,0.65,0.66,0.010000000000000009,0.76,0.77,0.010000000000000009,74645.91,0.10999999999999999,0.0,0,0,2026-07-25 14:00:00+00:00,2026-07-25,30,0.186,-11.736,-78.24000000000001
KXDOGE15M-26JUL260000-00,DOGE,1785038400,yes,0.68,0.71,0.029999999999999916,0.72,0.75,0.030000000000000027,2105.71,0.039999999999999925,1.1102230246251565e-16,4,1,2026-07-26 04:00:00+00:00,2026-07-26,30,0.1969,3.5531,23.687333333333335
KXBTC15M-26JUL261200-00,BTC,1785081600,no,0.6699999999999999,0.6799999999999999,0.010000000000000009,0.71,0.72,0.010000000000000009,65214.0,0.040000000000000036,0.0,0,1,2026-07-26 16:00:00+00:00,2026-07-26,30,0.2117,3.9883,26.588666666666665
KXBTC15M-26JUL261900-00,BTC,1785106800,no,0.6799999999999999,0.69,0.010000000000000009,0.74,0.75,0.010000000000000009,79593.98,0.06000000000000005,0.0,0,1,2026-07-26 23:00:00+00:00,2026-07-26,30,0.1969,3.5531,23.687333333333335
KXBTC15M-26JUL270900-00,BTC,1785157200,yes,0.72,0.73,0.010000000000000009,0.83,0.84,0.010000000000000009,92139.32,0.10999999999999999,0.0,0,1,2026-07-27 13:00:00+00:00,2026-07-27,31,0.1412,2.2588000000000004,15.05866666666667
KXETH15M-26JUL280700-00,ETH,1785236400,yes,0.68,0.69,0.009999999999999898,0.73,0.74,0.010000000000000009,5559.73,0.04999999999999993,1.1102230246251565e-16,1,1,2026-07-28 11:00:00+00:00,2026-07-28,31,0.2021,3.6979,24.65266666666667
KXETH15M-26JUL280800-00,ETH,1785240000,yes,0.67,0.68,0.010000000000000009,0.81,0.83,0.019999999999999907,2601.38,0.14,0.009999999999999898,1,1,2026-07-28 12:00:00+00:00,2026-07-28,31,0.1482,2.4018000000000006,16.012000000000004
KXETH15M-26JUL281900-00,ETH,1785279600,no,0.71,0.72,0.010000000000000009,0.81,0.8200000000000001,0.010000000000000009,6960.15,0.10000000000000009,0.0,1,1,2026-07-28 23:00:00+00:00,2026-07-28,31,0.155,2.5449999999999995,16.96666666666666
KXETH15M-26JUL282000-00,ETH,1785283200,yes,0.76,0.77,0.010000000000000009,0.82,0.83,0.010000000000000009,2328.94,0.05999999999999994,0.0,1,1,2026-07-29 00:00:00+00:00,2026-07-29,31,0.1482,2.4018000000000006,16.012000000000004
KXBTC15M-26JUL290700-00,BTC,1785322800,no,0.69,0.7,0.010000000000000009,0.84,0.85,0.010000000000000009,62453.04,0.15000000000000002,0.0,0,1,2026-07-29 11:00:00+00:00,2026-07-29,31,0.1339,2.1161000000000003,14.107333333333335
KXBTC15M-26JUL300100-00,BTC,1785387600,yes,0.75,0.76,0.010000000000000009,0.77,0.78,0.010000000000000009,110894.98,0.020000000000000018,0.0,0,0,2026-07-30 05:00:00+00:00,2026-07-30,31,0.1802,-11.8802,-79.20133333333334
KXBTC15M-26JUL310300-00,BTC,1785481200,no,0.74,0.75,0.010000000000000009,0.79,0.8,0.010000000000000009,113168.08,0.050000000000000044,0.0,0,1,2026-07-31 07:00:00+00:00,2026-07-31,31,0.168,2.831999999999999,18.879999999999995
KXBTC15M-26JUL310400-00,BTC,1785484800,yes,0.65,0.66,0.010000000000000009,0.71,0.72,0.010000000000000009,95542.97,0.05999999999999994,0.0,0,1,2026-07-31 08:00:00+00:00,2026-07-31,31,0.2117,3.9883,26.588666666666665
KXETH15M-26JUL310500-00,ETH,1785488400,yes,0.66,0.68,0.020000000000000018,0.8,0.81,0.010000000000000009,3271.49,0.14,-0.010000000000000009,1,1,2026-07-31 09:00:00+00:00,2026-07-31,31,0.1616,2.6883999999999992,17.92266666666666
KXETH15M-26JUL311300-00,ETH,1785517200,yes,0.66,0.67,0.010000000000000009,0.7,0.71,0.010000000000000009,2176.98,0.039999999999999925,0.0,1,1,2026-07-31 17:00:00+00:00,2026-07-31,31,0.2162,4.133800000000001,27.55866666666667
KXETH15M-26AUG011300-00,ETH,1785603600,no,0.65,0.6699999999999999,0.019999999999999907,0.78,0.79,0.010000000000000009,2698.8,0.13,-0.009999999999999898,1,1,2026-08-01 17:00:00+00:00,2026-08-01,31,0.1742,2.9757999999999996,19.83866666666666
KXBTC15M-26AUG020400-00,BTC,1785657600,no,0.79,0.8,0.010000000000000009,0.84,0.85,0.010000000000000009,83253.43,0.04999999999999993,0.0,0,1,2026-08-02 08:00:00+00:00,2026-08-02,31,0.1339,2.1161000000000003,14.107333333333335
KXBTC15M-26AUG020800-00,BTC,1785672000,yes,0.78,0.79,0.010000000000000009,0.83,0.84,0.010000000000000009,76769.22,0.04999999999999993,0.0,0,0,2026-08-02 12:00:00+00:00,2026-08-02,31,0.1412,-12.7412,-84.94133333333332
KXBTC15M-26AUG021000-00,BTC,1785679200,yes,0.68,0.69,0.009999999999999898,0.77,0.78,0.010000000000000009,52755.01,0.08999999999999997,1.1102230246251565e-16,0,1,2026-08-02 14:00:00+00:00,2026-08-02,31,0.1802,3.1197999999999997,20.798666666666666
KXETH15M-26AUG021400-00,ETH,1785693600,yes,0.66,0.67,0.010000000000000009,0.71,0.72,0.010000000000000009,2345.46,0.04999999999999993,0.0,1,1,2026-08-02 18:00:00+00:00,2026-08-02,31,0.2117,3.9883,26.588666666666665
KXBTC15M-26AUG021500-00,BTC,1785697200,no,0.78,0.79,0.010000000000000009,0.84,0.85,0.010000000000000009,74620.16,0.05999999999999994,0.0,0,1,2026-08-02 19:00:00+00:00,2026-08-02,31,0.1339,2.1161000000000003,14.107333333333335
KXETH15M-26AUG021600-00,ETH,1785700800,yes,0.66,0.68,0.020000000000000018,0.83,0.85,0.020000000000000018,4808.11,0.16999999999999993,0.0,1,1,2026-08-02 20:00:00+00:00,2026-08-02,31,0.1339,2.1161000000000003,14.107333333333335
KXBTC15M-26AUG031300-00,BTC,1785776400,yes,0.69,0.7,0.010000000000000009,0.79,0.8,0.010000000000000009,122496.65,0.10000000000000009,0.0,0,1,2026-08-03 17:00:00+00:00,2026-08-03,32,0.168,2.831999999999999,18.879999999999995
KXBTC15M-26AUG040400-00,BTC,1785830400,yes,0.72,0.73,0.010000000000000009,0.8,0.81,0.010000000000000009,96502.92,0.08000000000000007,0.0,0,1,2026-08-04 08:00:00+00:00,2026-08-04,32,0.1616,2.6883999999999992,17.92266666666666
KXBTC15M-26AUG041200-00,BTC,1785859200,yes,0.72,0.73,0.010000000000000009,0.84,0.85,0.010000000000000009,89057.39,0.12,0.0,0,1,2026-08-04 16:00:00+00:00,2026-08-04,32,0.1339,2.1161000000000003,14.107333333333335
KXETH15M-26AUG041500-00,ETH,1785870000,yes,0.67,0.68,0.010000000000000009,0.71,0.72,0.010000000000000009,4444.49,0.039999999999999925,0.0,1,1,2026-08-04 19:00:00+00:00,2026-08-04,32,0.2117,3.9883,26.588666666666665
KXBTC15M-26AUG050300-00,BTC,1785913200,no,0.7,0.71,0.010000000000000009,0.84,0.85,0.010000000000000009,162724.21,0.14,0.0,0,1,2026-08-05 07:00:00+00:00,2026-08-05,32,0.1339,2.1161000000000003,14.107333333333335
KXBTC15M-26AUG050900-00,BTC,1785934800,no,0.69,0.7,0.010000000000000009,0.8,0.81,0.010000000000000009,44674.15,0.1100000000000001,0.0,0,1,2026-08-05 13:00:00+00:00,2026-08-05,32,0.1616,2.6883999999999992,17.92266666666666
