bid_min,bid_max,wait_min,ask_lo,ask_hi,n_train,train_edge,train_dpd
0.6,0.75,2,0.65,0.8,175,9.556110476190474,6.967997222222222
0.6,0.75,2,0.6,0.8,175,9.556110476190474,6.967997222222222
0.6,0.75,2,0.55,0.8,175,9.556110476190474,6.967997222222222
0.6,0.8,2,0.65,0.8,175,9.556110476190474,6.967997222222222
0.6,0.8,2,0.55,0.8,175,9.556110476190474,6.967997222222222
0.6,0.8,2,0.6,0.8,175,9.556110476190474,6.967997222222222
0.65,0.75,2,0.6,0.8,175,9.556110476190474,6.967997222222222
0.65,0.75,2,0.55,0.8,175,9.556110476190474,6.967997222222222
0.6,0.85,2,0.65,0.8,175,9.556110476190474,6.967997222222222
0.6,0.85,2,0.6,0.8,175,9.556110476190474,6.967997222222222
0.6,0.85,2,0.55,0.8,175,9.556110476190474,6.967997222222222
0.65,0.75,2,0.65,0.8,175,9.556110476190474,6.967997222222222
0.65,0.85,2,0.65,0.8,175,9.556110476190474,6.967997222222222
0.7,0.75,2,0.65,0.8,175,9.556110476190474,6.967997222222222
0.7,0.75,2,0.6,0.8,175,9.556110476190474,6.967997222222222
0.65,0.85,2,0.55,0.8,175,9.556110476190474,6.967997222222222
0.65,0.8,2,0.65,0.8,175,9.556110476190474,6.967997222222222
0.65,0.8,2,0.6,0.8,175,9.556110476190474,6.967997222222222
0.65,0.8,2,0.55,0.8,175,9.556110476190474,6.967997222222222
0.65,0.85,2,0.6,0.8,175,9.556110476190474,6.967997222222222
0.7,0.8,2,0.65,0.8,175,9.556110476190474,6.967997222222222
0.7,0.8,2,0.6,0.8,175,9.556110476190474,6.967997222222222
0.7,0.85,2,0.55,0.8,175,9.556110476190474,6.967997222222222
0.7,0.85,2,0.6,0.8,175,9.556110476190474,6.967997222222222
0.7,0.85,2,0.65,0.8,175,9.556110476190474,6.967997222222222
0.7,0.8,2,0.55,0.8,175,9.556110476190474,6.967997222222222
0.7,0.75,2,0.55,0.8,175,9.556110476190474,6.967997222222222
0.6,0.85,2,0.55,0.9,236,8.751508474576271,8.60565
0.7,0.8,2,0.6,0.9,236,8.751508474576271,8.60565
0.7,0.85,2,0.65,0.9,236,8.751508474576271,8.60565
0.7,0.85,2,0.55,0.9,236,8.751508474576271,8.60565
0.7,0.8,2,0.65,0.9,236,8.751508474576271,8.60565
0.7,0.75,2,0.55,0.9,236,8.751508474576271,8.60565
0.7,0.8,2,0.55,0.9,236,8.751508474576271,8.60565
0.7,0.75,2,0.6,0.9,236,8.751508474576271,8.60565
0.65,0.85,2,0.65,0.9,236,8.751508474576271,8.60565
0.65,0.75,2,0.65,0.9,236,8.751508474576271,8.60565
0.6,0.85,2,0.65,0.9,236,8.751508474576271,8.60565
0.65,0.75,2,0.6,0.9,236,8.751508474576271,8.60565
0.65,0.75,2,0.55,0.9,236,8.751508474576271,8.60565
0.65,0.85,2,0.55,0.9,236,8.751508474576271,8.60565
0.65,0.8,2,0.6,0.9,236,8.751508474576271,8.60565
0.7,0.75,2,0.65,0.9,236,8.751508474576271,8.60565
0.7,0.85,2,0.6,0.9,236,8.751508474576271,8.60565
0.6,0.85,2,0.6,0.9,236,8.751508474576271,8.60565
0.6,0.8,2,0.6,0.9,236,8.751508474576271,8.60565
0.6,0.75,2,0.55,0.9,236,8.751508474576271,8.60565
0.6,0.8,2,0.55,0.9,236,8.751508474576271,8.60565
0.6,0.75,2,0.65,0.9,236,8.751508474576271,8.60565
0.6,0.75,2,0.6,0.9,236,8.751508474576271,8.60565
0.6,0.8,2,0.65,0.9,236,8.751508474576271,8.60565
0.65,0.85,2,0.6,0.9,236,8.751508474576271,8.60565
0.65,0.8,2,0.65,0.9,236,8.751508474576271,8.60565
0.65,0.8,2,0.55,0.9,236,8.751508474576271,8.60565
0.65,0.85,2,0.65,0.85,210,8.459342857142856,7.401925000000001
0.65,0.8,2,0.65,0.85,210,8.459342857142856,7.401925000000001
0.6,0.85,2,0.6,0.85,210,8.459342857142856,7.401925000000001
0.65,0.75,2,0.55,0.85,210,8.459342857142856,7.401925000000001
0.6,0.85,2,0.65,0.85,210,8.459342857142856,7.401925000000001
0.6,0.85,2,0.55,0.85,210,8.459342857142856,7.401925000000001
0.6,0.8,2,0.55,0.85,210,8.459342857142856,7.401925000000001
0.6,0.8,2,0.6,0.85,210,8.459342857142856,7.401925000000001
0.6,0.75,2,0.6,0.85,210,8.459342857142856,7.401925000000001
0.6,0.75,2,0.65,0.85,210,8.459342857142856,7.401925000000001
0.6,0.75,2,0.55,0.85,210,8.459342857142856,7.401925000000001
0.65,0.75,2,0.65,0.85,210,8.459342857142856,7.401925000000001
0.65,0.75,2,0.6,0.85,210,8.459342857142856,7.401925000000001
0.6,0.8,2,0.65,0.85,210,8.459342857142856,7.401925000000001
0.7,0.75,2,0.6,0.85,210,8.459342857142856,7.401925000000001
0.7,0.75,2,0.65,0.85,210,8.459342857142856,7.401925000000001
0.7,0.85,2,0.65,0.85,210,8.459342857142856,7.401925000000001
0.7,0.85,2,0.55,0.85,210,8.459342857142856,7.401925000000001
0.7,0.85,2,0.6,0.85,210,8.459342857142856,7.401925000000001
0.65,0.8,2,0.6,0.85,210,8.459342857142856,7.401925000000001
0.65,0.8,2,0.55,0.85,210,8.459342857142856,7.401925000000001
0.65,0.85,2,0.6,0.85,210,8.459342857142856,7.401925000000001
0.7,0.8,2,0.65,0.85,210,8.459342857142856,7.401925000000001
0.7,0.8,2,0.55,0.85,210,8.459342857142856,7.401925000000001
0.7,0.75,2,0.55,0.85,210,8.459342857142856,7.401925000000001
0.65,0.85,2,0.55,0.85,210,8.459342857142856,7.401925000000001
0.7,0.8,2,0.6,0.85,210,8.459342857142856,7.401925000000001
0.7,0.75,3,0.65,0.8,130,6.6590923076923065,3.607008333333332
0.7,0.8,3,0.65,0.8,130,6.6590923076923065,3.607008333333332
0.7,0.85,3,0.6,0.8,130,6.6590923076923065,3.607008333333332
0.6,0.75,3,0.6,0.8,130,6.6590923076923065,3.607008333333332
0.6,0.8,3,0.6,0.8,130,6.6590923076923065,3.607008333333332
0.6,0.75,3,0.65,0.8,130,6.6590923076923065,3.607008333333332
0.65,0.85,3,0.65,0.8,130,6.6590923076923065,3.607008333333332
0.65,0.8,3,0.6,0.8,130,6.6590923076923065,3.607008333333332
0.65,0.8,3,0.55,0.8,130,6.6590923076923065,3.607008333333332
0.65,0.8,3,0.65,0.8,130,6.6590923076923065,3.607008333333332
0.7,0.8,3,0.55,0.8,130,6.6590923076923065,3.607008333333332
0.7,0.8,3,0.6,0.8,130,6.6590923076923065,3.607008333333332
0.7,0.75,3,0.6,0.8,130,6.6590923076923065,3.607008333333332
0.7,0.75,3,0.55,0.8,130,6.6590923076923065,3.607008333333332
0.65,0.85,3,0.55,0.8,130,6.6590923076923065,3.607008333333332
0.65,0.85,3,0.6,0.8,130,6.6590923076923065,3.607008333333332
0.7,0.85,3,0.55,0.8,130,6.6590923076923065,3.607008333333332
0.7,0.85,3,0.65,0.8,130,6.6590923076923065,3.607008333333332
0.6,0.85,3,0.65,0.8,130,6.6590923076923065,3.607008333333332
0.65,0.75,3,0.65,0.8,130,6.6590923076923065,3.607008333333332
0.65,0.75,3,0.6,0.8,130,6.6590923076923065,3.607008333333332
0.65,0.75,3,0.55,0.8,130,6.6590923076923065,3.607008333333332
0.6,0.85,3,0.6,0.8,130,6.6590923076923065,3.607008333333332
0.6,0.85,3,0.55,0.8,130,6.6590923076923065,3.607008333333332
0.6,0.8,3,0.55,0.8,130,6.6590923076923065,3.607008333333332
0.6,0.8,3,0.65,0.8,130,6.6590923076923065,3.607008333333332
0.6,0.75,3,0.55,0.8,130,6.6590923076923065,3.607008333333332
0.65,0.75,3,0.65,0.9,224,5.46416369047619,5.099886111111111
0.65,0.75,3,0.6,0.9,224,5.46416369047619,5.099886111111111
0.65,0.75,3,0.55,0.9,224,5.46416369047619,5.099886111111111
0.6,0.75,3,0.55,0.9,224,5.46416369047619,5.099886111111111
0.6,0.8,3,0.55,0.9,224,5.46416369047619,5.099886111111111
0.6,0.75,3,0.6,0.9,224,5.46416369047619,5.099886111111111
0.6,0.75,3,0.65,0.9,224,5.46416369047619,5.099886111111111
0.7,0.85,3,0.65,0.9,224,5.46416369047619,5.099886111111111
0.7,0.85,3,0.55,0.9,224,5.46416369047619,5.099886111111111
0.7,0.8,3,0.65,0.9,224,5.46416369047619,5.099886111111111
0.7,0.8,3,0.6,0.9,224,5.46416369047619,5.099886111111111
0.7,0.85,3,0.6,0.9,224,5.46416369047619,5.099886111111111
0.7,0.75,3,0.65,0.9,224,5.46416369047619,5.099886111111111
0.7,0.8,3,0.55,0.9,224,5.46416369047619,5.099886111111111
0.7,0.75,3,0.6,0.9,224,5.46416369047619,5.099886111111111
0.7,0.75,3,0.55,0.9,224,5.46416369047619,5.099886111111111
0.65,0.8,3,0.6,0.9,224,5.46416369047619,5.099886111111111
0.65,0.8,3,0.65,0.9,224,5.46416369047619,5.099886111111111
0.6,0.85,3,0.65,0.9,224,5.46416369047619,5.099886111111111
0.65,0.8,3,0.55,0.9,224,5.46416369047619,5.099886111111111
0.65,0.85,3,0.55,0.9,224,5.46416369047619,5.099886111111111
0.65,0.85,3,0.65,0.9,224,5.46416369047619,5.099886111111111
0.65,0.85,3,0.6,0.9,224,5.46416369047619,5.099886111111111
0.6,0.8,3,0.6,0.9,224,5.46416369047619,5.099886111111111
0.6,0.85,3,0.55,0.9,224,5.46416369047619,5.099886111111111
0.6,0.8,3,0.65,0.9,224,5.46416369047619,5.099886111111111
0.6,0.85,3,0.6,0.9,224,5.46416369047619,5.099886111111111
0.65,0.8,3,0.65,0.85,185,3.9962918918918913,3.080475
0.65,0.85,3,0.55,0.85,185,3.9962918918918913,3.080475
0.65,0.8,3,0.6,0.85,185,3.9962918918918913,3.080475
0.7,0.8,3,0.55,0.85,185,3.9962918918918913,3.080475
0.65,0.85,3,0.65,0.85,185,3.9962918918918913,3.080475
0.65,0.85,3,0.6,0.85,185,3.9962918918918913,3.080475
0.7,0.75,3,0.6,0.85,185,3.9962918918918913,3.080475
0.7,0.75,3,0.65,0.85,185,3.9962918918918913,3.080475
0.7,0.75,3,0.55,0.85,185,3.9962918918918913,3.080475
0.7,0.85,3,0.6,0.85,185,3.9962918918918913,3.080475
0.7,0.8,3,0.6,0.85,185,3.9962918918918913,3.080475
0.7,0.8,3,0.65,0.85,185,3.9962918918918913,3.080475
0.6,0.85,3,0.65,0.85,185,3.9962918918918913,3.080475
0.65,0.75,3,0.6,0.85,185,3.9962918918918913,3.080475
0.6,0.85,3,0.6,0.85,185,3.9962918918918913,3.080475
0.6,0.85,3,0.55,0.85,185,3.9962918918918913,3.080475
0.65,0.75,3,0.55,0.85,185,3.9962918918918913,3.080475
0.6,0.8,3,0.65,0.85,185,3.9962918918918913,3.080475
0.65,0.75,3,0.65,0.85,185,3.9962918918918913,3.080475
0.65,0.8,3,0.55,0.85,185,3.9962918918918913,3.080475
0.7,0.85,3,0.65,0.85,185,3.9962918918918913,3.080475
0.7,0.85,3,0.55,0.85,185,3.9962918918918913,3.080475
0.6,0.75,3,0.55,0.85,185,3.9962918918918913,3.080475
0.6,0.75,3,0.65,0.85,185,3.9962918918918913,3.080475
0.6,0.8,3,0.6,0.85,185,3.9962918918918913,3.080475
0.6,0.8,3,0.55,0.85,185,3.9962918918918913,3.080475
0.6,0.75,3,0.6,0.85,185,3.9962918918918913,3.080475
0.6,0.75,1,0.55,0.85,231,3.355953823953823,3.2301055555555553
0.6,0.8,1,0.6,0.85,231,3.355953823953823,3.2301055555555553
0.6,0.8,1,0.65,0.85,231,3.355953823953823,3.2301055555555553
0.6,0.75,1,0.6,0.85,231,3.355953823953823,3.2301055555555553
0.6,0.8,1,0.55,0.85,231,3.355953823953823,3.2301055555555553
0.65,0.8,1,0.55,0.85,231,3.355953823953823,3.2301055555555553
0.6,0.85,1,0.55,0.85,231,3.355953823953823,3.2301055555555553
0.6,0.85,1,0.6,0.85,231,3.355953823953823,3.2301055555555553
0.6,0.85,1,0.65,0.85,231,3.355953823953823,3.2301055555555553
0.65,0.8,1,0.6,0.85,231,3.355953823953823,3.2301055555555553
0.6,0.75,1,0.65,0.85,231,3.355953823953823,3.2301055555555553
0.65,0.85,1,0.65,0.85,231,3.355953823953823,3.2301055555555553
0.65,0.85,1,0.55,0.85,231,3.355953823953823,3.2301055555555553
0.65,0.85,1,0.6,0.85,231,3.355953823953823,3.2301055555555553
0.65,0.75,1,0.55,0.85,231,3.355953823953823,3.2301055555555553
0.65,0.75,1,0.65,0.85,231,3.355953823953823,3.2301055555555553
0.65,0.75,1,0.6,0.85,231,3.355953823953823,3.2301055555555553
0.7,0.85,1,0.65,0.85,231,3.355953823953823,3.2301055555555553
0.7,0.85,1,0.6,0.85,231,3.355953823953823,3.2301055555555553
0.7,0.8,1,0.65,0.85,231,3.355953823953823,3.2301055555555553
0.7,0.85,1,0.55,0.85,231,3.355953823953823,3.2301055555555553
0.7,0.8,1,0.55,0.85,231,3.355953823953823,3.2301055555555553
0.7,0.75,1,0.6,0.85,231,3.355953823953823,3.2301055555555553
0.7,0.8,1,0.6,0.85,231,3.355953823953823,3.2301055555555553
0.7,0.75,1,0.55,0.85,231,3.355953823953823,3.2301055555555553
0.7,0.75,1,0.65,0.85,231,3.355953823953823,3.2301055555555553
0.65,0.8,1,0.65,0.85,231,3.355953823953823,3.2301055555555553
0.65,0.85,1,0.65,0.9,244,3.2016584699453547,3.2550194444444447
0.65,0.85,1,0.6,0.9,244,3.2016584699453547,3.2550194444444447
0.7,0.75,1,0.6,0.9,244,3.2016584699453547,3.2550194444444447
0.65,0.8,1,0.65,0.9,244,3.2016584699453547,3.2550194444444447
0.65,0.85,1,0.55,0.9,244,3.2016584699453547,3.2550194444444447
0.7,0.8,1,0.6,0.9,244,3.2016584699453547,3.2550194444444447
0.6,0.85,1,0.55,0.9,244,3.2016584699453547,3.2550194444444447
0.6,0.8,1,0.6,0.9,244,3.2016584699453547,3.2550194444444447
0.6,0.85,1,0.6,0.9,244,3.2016584699453547,3.2550194444444447
0.6,0.85,1,0.65,0.9,244,3.2016584699453547,3.2550194444444447
0.6,0.75,1,0.55,0.9,244,3.2016584699453547,3.2550194444444447
0.6,0.75,1,0.65,0.9,244,3.2016584699453547,3.2550194444444447
0.6,0.8,1,0.55,0.9,244,3.2016584699453547,3.2550194444444447
0.6,0.75,1,0.6,0.9,244,3.2016584699453547,3.2550194444444447
0.6,0.8,1,0.65,0.9,244,3.2016584699453547,3.2550194444444447
0.65,0.75,1,0.65,0.9,244,3.2016584699453547,3.2550194444444447
0.65,0.8,1,0.55,0.9,244,3.2016584699453547,3.2550194444444447
0.65,0.8,1,0.6,0.9,244,3.2016584699453547,3.2550194444444447
0.65,0.75,1,0.6,0.9,244,3.2016584699453547,3.2550194444444447
0.7,0.8,1,0.55,0.9,244,3.2016584699453547,3.2550194444444447
0.7,0.75,1,0.55,0.9,244,3.2016584699453547,3.2550194444444447
0.65,0.75,1,0.55,0.9,244,3.2016584699453547,3.2550194444444447
0.7,0.85,1,0.65,0.9,244,3.2016584699453547,3.2550194444444447
0.7,0.85,1,0.6,0.9,244,3.2016584699453547,3.2550194444444447
0.7,0.85,1,0.55,0.9,244,3.2016584699453547,3.2550194444444447
0.7,0.8,1,0.65,0.9,244,3.2016584699453547,3.2550194444444447
0.7,0.75,1,0.65,0.9,244,3.2016584699453547,3.2550194444444447
0.65,0.75,1,0.65,0.8,194,1.6737216494845355,1.3915799999999994
0.6,0.85,1,0.55,0.8,194,1.6737216494845355,1.3915799999999994
0.6,0.85,1,0.6,0.8,194,1.6737216494845355,1.3915799999999994
0.6,0.85,1,0.65,0.8,194,1.6737216494845355,1.3915799999999994
0.6,0.8,1,0.65,0.8,194,1.6737216494845355,1.3915799999999994
0.6,0.75,1,0.55,0.8,194,1.6737216494845355,1.3915799999999994
0.6,0.75,1,0.6,0.8,194,1.6737216494845355,1.3915799999999994
0.6,0.75,1,0.65,0.8,194,1.6737216494845355,1.3915799999999994
0.6,0.8,1,0.6,0.8,194,1.6737216494845355,1.3915799999999994
0.6,0.8,1,0.55,0.8,194,1.6737216494845355,1.3915799999999994
0.65,0.75,1,0.55,0.8,194,1.6737216494845355,1.3915799999999994
0.65,0.8,1,0.65,0.8,194,1.6737216494845355,1.3915799999999994
0.65,0.8,1,0.6,0.8,194,1.6737216494845355,1.3915799999999994
0.65,0.8,1,0.55,0.8,194,1.6737216494845355,1.3915799999999994
0.65,0.75,1,0.6,0.8,194,1.6737216494845355,1.3915799999999994
0.65,0.85,1,0.6,0.8,194,1.6737216494845355,1.3915799999999994
0.65,0.85,1,0.55,0.8,194,1.6737216494845355,1.3915799999999994
0.7,0.75,1,0.55,0.8,194,1.6737216494845355,1.3915799999999994
0.65,0.85,1,0.65,0.8,194,1.6737216494845355,1.3915799999999994
0.7,0.75,1,0.6,0.8,194,1.6737216494845355,1.3915799999999994
0.7,0.75,1,0.65,0.8,194,1.6737216494845355,1.3915799999999994
0.7,0.8,1,0.55,0.8,194,1.6737216494845355,1.3915799999999994
0.7,0.8,1,0.6,0.8,194,1.6737216494845355,1.3915799999999994
0.7,0.8,1,0.65,0.8,194,1.6737216494845355,1.3915799999999994
0.7,0.85,1,0.6,0.8,194,1.6737216494845355,1.3915799999999994
0.7,0.85,1,0.55,0.8,194,1.6737216494845355,1.3915799999999994
0.7,0.85,1,0.65,0.8,194,1.6737216494845355,1.3915799999999994
